date,cashflow,close,market_value,cumulative_contribution,profit,investment_return,time_weighted_nav,cash_weight,daily_return,running_peak,drawdown
2016-01-04,1000.0,3469.066,1000.0,1000.0,0.0,0.0,1.0,0.0,0.0,1.0,0.0
2016-01-05,0.0,3478.78,1002.8001773387996,1000.0,2.8001773387995854,0.0028001773387995588,1.0028001773387996,0.0,0.0028001773387995588,1.0028001773387996,0.0
2016-01-06,0.0,3539.808,1020.392232376092,1000.0,20.39223237609201,0.020392232376092112,1.0203922323760921,0.0,0.017542931717441368,1.0203922323760921,0.0
2016-01-07,0.0,3294.384,949.6458124463472,1000.0,-50.354187553652764,-0.05035418755365273,0.9496458124463473,0.0,-0.06933257397011372,1.0203922323760921,-0.06933257397011372
2016-01-08,0.0,3361.563,969.0109672171127,1000.0,-30.989032782887307,-0.030989032782887338,0.9690109672171127,0.0,0.020391976163070202,1.0203922323760921,-0.050354426002766295
2016-01-11,0.0,3192.45,920.2621108967082,1000.0,-79.73788910329176,-0.07973788910329171,0.9202621108967082,0.0,-0.05030784786719755,1.0203922323760921,-0.09812905106717662
2016-01-12,0.0,3215.71,926.9670856651329,1000.0,-73.03291433486709,-0.07303291433486714,0.926967085665133,0.0,0.007285940265313595,1.0203922323760921,-0.09155807320623044
2016-01-13,0.0,3155.879,909.7200802752095,1000.0,-90.27991972479049,-0.09027991972479044,0.9097200802752096,0.0,-0.01860584443248925,1.0203922323760921,-0.10846040237210608
2016-01-14,0.0,3221.571,928.6565894105214,1000.0,-71.3434105894786,-0.07134341058947857,0.9286565894105214,0.0,0.020815753709188423,1.0203922323760921,-0.08990233368589495
2016-01-15,0.0,3118.73,899.0114342015978,1000.0,-100.98856579840219,-0.10098856579840221,0.8990114342015978,0.0,-0.03192262408619895,1.0203922323760921,-0.11895503936936702
2016-01-18,0.0,3130.729,902.4702902740968,1000.0,-97.52970972590322,-0.09752970972590325,0.9024702902740969,0.0,0.0038473994222008034,1.0203922323760921,-0.11556530749690386
2016-01-19,0.0,3223.125,929.1045486018427,1000.0,-70.89545139815732,-0.07089545139815734,0.9291045486018428,0.0,0.029512615112965657,1.0203922323760921,-0.08946332682450575
2016-01-20,0.0,3174.378,915.0526395289107,1000.0,-84.94736047108927,-0.0849473604710893,0.9150526395289108,0.0,-0.015124141942990055,1.0203922323760921,-0.10323441271390987
2016-01-21,0.0,3081.345,888.234758289407,1000.0,-111.76524171059305,-0.1117652417105931,0.888234758289407,0.0,-0.029307473779115245,1.0203922323760921,-0.1295163466493099
2016-01-22,0.0,3113.463,897.4931581007684,1000.0,-102.50684189923163,-0.10250684189923165,0.8974931581007685,0.0,0.010423370313937808,1.0203922323760921,-0.12044297317820629
2016-01-25,0.0,3128.886,901.9390233567191,1000.0,-98.06097664328092,-0.09806097664328095,0.9019390233567192,0.0,0.004953648076113204,1.0203922323760921,-0.11608595720445858
2016-01-26,0.0,2940.509,847.6370873312875,1000.0,-152.3629126687125,-0.1523629126687125,0.8476370873312875,0.0,-0.060205772917261924,1.0203922323760921,-0.16930268534338588
2016-01-27,0.0,2930.352,844.7092099141382,1000.0,-155.29079008586177,-0.15529079008586177,0.8447092099141382,0.0,-0.0034541638879528325,1.0203922323760921,-0.1721720500094922
2016-01-28,0.0,2853.756,822.6294916268529,1000.0,-177.37050837314712,-0.17737050837314716,0.8226294916268528,0.0,-0.02613883929302685,1.0203922323760921,-0.19381051175656994
2016-01-29,0.0,2946.09,849.2458777088704,1000.0,-150.75412229112965,-0.1507541222911296,0.8492458777088704,0.0,0.03235525391799454,1.0203922323760921,-0.16772604615843578
2016-02-01,1000.0,2901.048,1836.2619794492236,2000.0,-163.73802055077635,-0.08186901027538818,0.8362619794492235,0.0,-0.015288738633239318,1.0203922323760921,-0.1804504651099721
2016-02-02,0.0,2961.334,1874.4209101849701,2000.0,-125.57908981502987,-0.06278954490751498,0.8536401440618311,0.0,0.02078076612313895,1.0203922323760921,-0.1634195978990951
2016-02-03,0.0,2948.639,1866.3854189317722,2000.0,-133.61458106822784,-0.06680729053411394,0.8499806576179295,0.0,-0.004286919341080719,1.0203922323760921,-0.1670059506052306
2016-02-04,0.0,2984.76,1889.2487493419155,2000.0,-110.75125065808447,-0.05537562532904228,0.8603929703268834,0.0,0.012250058416781506,1.0203922323760921,-0.15680172483931332
2016-02-05,0.0,2963.789,1875.9748393717844,2000.0,-124.02516062821564,-0.062012580314107835,0.8543478273402698,0.0,-0.007026025543092174,1.0203922323760921,-0.16272605745848356
2016-02-15,0.0,2946.707,1865.1625304637785,2000.0,-134.83746953622153,-0.06741873476811078,0.8494237353800707,0.0,-0.0057635681892335144,1.0203922323760921,-0.16755174291939
2016-02-16,0.0,3037.035,1922.336997097798,2000.0,-77.66300290220192,-0.038831501451100925,0.8754618678341664,0.0,0.030653879058895273,1.0203922323760921,-0.14203397472405288
2016-02-17,0.0,3063.32,1938.9744833199577,2000.0,-61.0255166800423,-0.030512758340021096,0.8830388352369197,0.0,0.008654822878234825,1.0203922323760921,-0.13460843073974638
2016-02-18,0.0,3053.699,1932.8847266167659,2000.0,-67.11527338323413,-0.03355763669161704,0.8802654662667128,0.0,-0.0031407100792604226,1.0203922323760921,-0.13732637476382903
2016-02-19,0.0,3051.585,1931.546638510483,2000.0,-68.45336148951696,-0.03422668074475843,0.8796560803397803,0.0,-0.0006922751718489994,1.0203922323760921,-0.137923582295989
2016-02-22,0.0,3118.868,1974.1344256699101,2000.0,-25.865574330089885,-0.012932787165044979,0.8990512143614449,0.0,0.022048541987196746,1.0203922323760921,-0.11891605420406992
2016-02-23,0.0,3089.363,1955.4587920010947,2000.0,-44.54120799890529,-0.022270603999452687,0.8905460432289267,0.0,-0.009460163110461939,1.0203922323760921,-0.12725125204530874
2016-02-24,0.0,3109.545,1968.233292550291,2000.0,-31.766707449708974,-0.0158833537248545,0.8963637474755454,0.0,0.006532738302362118,1.0203922323760921,-0.12154981287120659
2016-02-25,0.0,2918.75,1847.4667266854674,2000.0,-152.5332733145326,-0.0762666366572663,0.8413647938667065,0.0,-0.06135785138983363,1.0203922323760921,-0.17544962890642668
2016-02-26,0.0,2948.031,1866.0005761840805,2000.0,-133.9994238159195,-0.06699971190795972,0.8498053943049801,0.0,0.010032034261242107,1.0203922323760921,-0.16717771133349602
2016-02-29,0.0,2877.467,1821.3360307102191,2000.0,-178.66396928978088,-0.08933198464489045,0.8294644725698503,0.0,-0.023935976249910507,1.0203922323760921,-0.1871121258554136
2016-03-01,1000.0,2930.694,2855.0268611894608,3000.0,-144.97313881053924,-0.0483243796035131,0.8448077955276724,0.0,0.018497866352594095,1.0203922323760921,-0.17207543459984265
2016-03-02,0.0,3051.333,2972.551101354772,3000.0,-27.448898645227928,-0.009149632881742642,0.8795834383087552,0.0,0.04116397003576622,1.0203922323760921,-0.13799477259783588
2016-03-03,0.0,3058.422,2979.4570715512414,3000.0,-20.54292844875863,-0.00684764281625283,0.881626927824377,0.0,0.0023232469219192087,1.0203922323760921,-0.13599212160659557
2016-03-04,0.0,3093.89,3014.0093287001173,3000.0,14.009328700117294,0.004669776233372502,0.8918510054291271,0.0,0.011596829999261038,1.0203922323760921,-0.12597236912284515
2016-03-07,0.0,3104.84,3024.6766123298735,3000.0,24.67661232987348,0.008225537443291131,0.8950074746343829,0.0,0.0035392337801278817,1.0203922323760921,-0.12287898100687955
2016-03-08,0.0,3107.673,3027.4364675374622,3000.0,27.43646753746225,0.009145489179154032,0.895824120959359,0.0,0.0009124463740481925,1.0203922323760921,-0.1220786551134978
2016-03-09,0.0,3071.907,2992.593904404873,3000.0,-7.406095595127226,-0.002468698531709057,0.8855141412703017,0.0,-0.011508932889657153,1.0203922323760921,-0.1321825929541941
2016-03-10,0.0,3013.146,2935.350045649795,3000.0,-64.64995435020501,-0.021549984783401643,0.868575576250207,0.0,-0.019128508773214814,1.0203922323760921,-0.14878264583841827
2016-03-11,0.0,3018.284,2940.3553884159764,3000.0,-59.64461158402355,-0.01988153719467456,0.8700566665494401,0.0,0.0017051945043484729,1.0203922323760921,-0.14733115468409597
2016-03-14,0.0,3065.69,2986.5374201741697,3000.0,-13.46257982583029,-0.004487526608610071,0.8837220162429889,0.0,0.015706275486335963,1.0203922323760921,-0.13393890290094823
2016-03-15,0.0,3074.78,2995.3927268585976,3000.0,-4.607273141402402,-0.0015357577138007672,0.886342318076393,0.0,0.0029650747466312133,1.0203922323760921,-0.13137096701290019
2016-03-16,0.0,3090.033,3010.251911991444,3000.0,10.251911991444103,0.0034173039971481245,0.8907391787876046,0.0,0.004960680113699212,1.0203922323760921,-0.12706197624277926
2016-03-17,0.0,3124.204,3043.5406561843574,3000.0,43.54065618435743,0.01451355206145255,0.900589380542198,0.0,0.01105845795174365,1.0203922323760921,-0.11740862781258188
2016-03-18,0.0,3171.963,3090.0665738897023,3000.0,90.06657388970234,0.03002219129656747,0.9143564867315872,0.0,0.015286773847034363,1.0203922323760921,-0.10391665310660914
2016-03-21,0.0,3249.437,3165.5402845683984,3000.0,165.54028456839842,0.05518009485613273,0.9366892990793487,0.0,0.024424622859724243,1.0203922323760921,-0.08203015530785862
2016-03-22,0.0,3225.79,3142.503822833892,3000.0,142.50382283389217,0.047501274277964134,0.9298727669061356,0.0,-0.007277260645459416,1.0203922323760921,-0.08871046113235526
2016-03-23,0.0,3236.092,3152.5398370762437,3000.0,152.53983707624366,0.05084661235874788,0.932842442317327,0.0,0.0031936362875450985,1.0203922323760921,-0.08580013379256723
2016-03-24,0.0,3181.851,3099.699277134545,3000.0,99.6992771345449,0.03323309237818162,0.9172068216632374,0.0,-0.016761266366963623,1.0203922323760921,-0.10112328126271253
2016-03-25,0.0,3197.817,3115.2530534297675,3000.0,115.25305342976753,0.03841768447658911,0.9218092132003255,0.0,0.005017833958912643,1.0203922323760921,-0.09661286713855666
2016-03-28,0.0,3169.728,3087.8892790118475,3000.0,87.88927901184752,0.029296426337282577,0.9137122210992815,0.0,-0.008783804701770093,1.0203922323760921,-0.1045480432837036
2016-03-29,0.0,3135.41,3054.4573301893843,3000.0,54.457330189384265,0.018152443396461493,0.9038196448265903,0.0,-0.010826796494841195,1.0203922323760921,-0.11424291938997821
2016-03-30,0.0,3216.275,3133.234489159269,3000.0,133.23448915926883,0.044411496386423055,0.9271299537108837,0.0,0.025790885402547037,1.0203922323760921,-0.0913984600294705
2016-03-31,0.0,3218.088,3135.0006795903873,3000.0,135.00067959038734,0.04500022653012903,0.9276525727674251,0.0,0.0005636955795134124,1.0203922323760921,-0.09088628535784993
2016-04-01,1000.0,3221.895,4138.70938724139,4000.0,138.70938724138978,0.0346773468103474,0.9287499863075537,0.0,0.001183000589169536,1.0203922323760921,-0.08981080329780611
2016-04-05,0.0,3264.486,4193.419975734187,4000.0,193.41997573418666,0.048354993933546586,0.9410273543368735,0.0,0.013219238988235293,1.0203922323760921,-0.07777879478208993
2016-04-06,0.0,3257.528,4184.482024647504,4000.0,184.48202464750375,0.04612050616187591,0.9390216271469035,0.0,-0.0021314228334875507,1.0203922323760921,-0.07974443811641774
2016-04-07,0.0,3209.29,4122.517539950843,4000.0,122.51753995084255,0.030629384987710617,0.9251164434461611,0.0,-0.01480816128057838,1.0203922323760921,-0.09337173089613904
2016-04-08,0.0,3185.726,4092.2482270151463,4000.0,92.24822701514631,0.023062056753786475,0.9183238370212617,0.0,-0.007342433996304409,1.0203922323760921,-0.10002858912121781
2016-04-11,0.0,3230.096,4149.244043300872,4000.0,149.24404330087236,0.03731101082521815,0.931114023198175,0.0,0.01392775147642955,1.0203922323760921,-0.08749401097460652
2016-04-12,0.0,3218.45,4134.284086653057,4000.0,134.28408665305687,0.03357102166326431,0.9277569236215165,0.0,-0.003605465596069113,1.0203922323760921,-0.09078401992424467
2016-04-13,0.0,3261.383,4189.433993810936,4000.0,189.43399381093604,0.04735849845273399,0.9401328772643703,0.0,0.013339651074274927,1.0203922323760921,-0.07865539599887905
2016-04-14,0.0,3275.832,4207.994565131929,4000.0,207.99456513192945,0.05199864128298226,0.9442979753051686,0.0,0.004430329096582586,1.0203922323760921,-0.07457353619179352
2016-04-15,0.0,3272.205,4203.335475078553,4000.0,203.33547507855292,0.050833868769638135,0.9432524489300579,0.0,-0.0011071996366113224,1.0203922323760921,-0.07559816803623254
2016-04-18,0.0,3228.453,4147.133515327975,4000.0,147.13351532797515,0.036783378831993785,0.9306404086863727,0.0,-0.013370800423567641,1.0203922323760921,-0.08795816044260041
2016-04-19,0.0,3238.303,4159.786406705357,4000.0,159.78640670535697,0.03994660167633923,0.9334797896609636,0.0,0.00305099687063759,1.0203922323760921,-0.08517552364422032
2016-04-20,0.0,3181.026,4086.2108067640097,4000.0,86.2108067640097,0.02155270169100243,0.9169690054902386,0.0,-0.01768735044250025,1.0203922323760921,-0.10135634475090183
2016-04-21,0.0,3160.603,4059.976288936573,4000.0,59.97628893657293,0.014994072234143285,0.9110818300949017,0.0,-0.0064202556030663605,1.0203922323760921,-0.10712586671367486
2016-04-22,0.0,3174.901,4078.3428920750293,4000.0,78.34289207502934,0.019585723018757273,0.9152034005694905,0.0,0.004523820296316705,1.0203922323760921,-0.10308666458745797
2016-04-25,0.0,3162.033,4061.8132061619185,4000.0,61.813206161918515,0.015453301540479636,0.9114940447947661,0.0,-0.004053039764074451,1.0203922323760921,-0.10672189000081367
2016-04-26,0.0,3179.161,4083.815107026059,4000.0,83.8151070260592,0.020953776756514886,0.9164313968082476,0.0,0.0054167682626968805,1.0203922323760921,-0.10188320948480822
2016-04-27,0.0,3165.916,4066.8011429353573,4000.0,66.80114293535735,0.016700285733839415,0.9126133662490136,0.0,-0.004166193533451046,1.0203922323760921,-0.10562493784973648
2016-04-28,0.0,3160.581,4059.948028671568,4000.0,59.948028671567954,0.01498700716789192,0.9110754883302884,0.0,-0.0016851363081017423,1.0203922323760921,-0.10713208174002664
2016-04-29,0.0,3156.745,4055.02046610064,4000.0,55.02046610064008,0.013755116525159927,0.9099697151913513,0.0,-0.0012137008986639053,1.0203922323760921,-0.10821575633480685
2016-05-03,1000.0,3213.54,5127.976909326871,5000.0,127.97690932687055,0.025595381865374023,0.9263415570646394,0.0,0.017991633787334704,1.0203922323760921,-0.09217110080546742
2016-05-04,0.0,3209.461,5121.467882579686,5000.0,121.46788257968637,0.024293576515937332,0.925165736252928,0.0,-0.001269316703697676,1.0203922323760921,-0.09332342319131448
2016-05-05,0.0,3213.92,5128.583290833105,5000.0,128.5832908331049,0.025716658166621054,0.9264510966352327,0.0,0.0013893298594376269,1.0203922323760921,-0.09206375035030145
2016-05-06,0.0,3130.354,4995.233614648955,5000.0,-4.766385351044846,-0.0009532770702089799,0.9023621920136429,0.0,-0.026001269477771816,1.0203922323760921,-0.11567124544608076
2016-05-09,0.0,3065.615,4891.926950617105,5000.0,-108.07304938289508,-0.02161460987657904,0.8837003965908979,0.0,-0.02068104757481104,1.0203922323760921,-0.13396009049078383
2016-05-10,0.0,3069.112,4897.507256215267,5000.0,-102.49274378473274,-0.020498548756946566,0.8847084489023848,0.0,0.0011407172785886655,1.0203922323760921,-0.13297218380205933
2016-05-11,0.0,3082.809,4919.3641180334025,5000.0,-80.63588196659748,-0.01612717639331951,0.8886567738982194,0.0,0.004462854402185412,1.0203922323760921,-0.12910276489572314
2016-05-12,0.0,3090.137,4931.057706658889,5000.0,-68.9422933411106,-0.013788458668222092,0.8907691580385039,0.0,0.002377052876126884,1.0203922323760921,-0.1270325961182075
2016-05-13,0.0,3074.935,4906.799254927905,5000.0,-93.20074507209483,-0.018640149014419016,0.8863869986907139,0.0,-0.00491952298555054,1.0203922323760921,-0.13132717932724036
2016-05-16,0.0,3095.309,4939.3108781068995,5000.0,-60.68912189310049,-0.012137824378620099,0.8922600492466849,0.0,0.006625831115129266,1.0203922323760921,-0.12557149992315975
2016-05-17,0.0,3086.025,4924.4960204651115,5000.0,-75.50397953488846,-0.01510079590697766,0.8895838245798726,0.0,-0.0029993774450304267,1.0203922323760921,-0.128194241043582
2016-05-18,0.0,3068.036,4895.790239108141,5000.0,-104.20976089185933,-0.020841952178371814,0.8843982789603888,0.0,-0.005829181552320595,1.0203922323760921,-0.13327615509089763
2016-05-19,0.0,3062.5,4886.95621800679,5000.0,-113.04378199321036,-0.022608756398642127,0.8828024603740604,0.0,-0.0018044116822618639,1.0203922323760921,-0.1348400817219465
2016-05-20,0.0,3078.218,4912.038071993608,5000.0,-87.96192800639164,-0.017592385601278293,0.8873333629282348,0.0,0.005132408163265101,1.0203922323760921,-0.13039972789484644
2016-05-23,0.0,3087.223,4926.407717950556,5000.0,-73.5922820494443,-0.014718456409888891,0.8899291624892695,0.0,0.0029253938479991692,1.0203922323760921,-0.12785580460861157
2016-05-24,0.0,3063.556,4888.641320297799,5000.0,-111.35867970220079,-0.022271735940440185,0.8831068650754987,0.0,-0.007666112878791043,1.0203922323760921,-0.13454176045706445
2016-05-25,0.0,3059.226,4881.7317626083395,5000.0,-118.26823739166048,-0.023653647478332096,0.8818586904947904,0.0,-0.0014133901910067248,1.0203922323760921,-0.1357649906435603
2016-05-26,0.0,3064.211,4889.68653052565,5000.0,-110.31346947435031,-0.022062693894870034,0.8832956767037583,0.0,0.0016294971342423192,1.0203922323760921,-0.13435672217250205
2016-05-27,0.0,3062.499,4886.954622265984,5000.0,-113.04537773401626,-0.022609075546803248,0.8828021721120325,0.0,-0.0005587082612783512,1.0203922323760921,-0.13484036422314438
2016-05-30,0.0,3066.71,4893.674286799544,5000.0,-106.32571320045645,-0.021265142640091272,0.8840160435114236,0.0,0.0013750208571496891,1.0203922323760921,-0.13365075167918716
2016-05-31,0.0,3169.56,5057.796228684278,5000.0,57.796228684277594,0.011559245736855628,0.9136637930785981,0.0,0.03353756957782106,1.0203922323760921,-0.10459550348493485
2016-06-01,1000.0,3160.547,6043.413816800884,6000.0,43.41381680088398,0.007235636133480661,0.9110656874213405,0.0,-0.002843612362599224,1.0203922323760921,-0.10714168678075198
2016-06-02,0.0,3167.1,6055.944081575145,6000.0,55.94408157514499,0.009324013595857439,0.9129546684900202,0.0,0.0020733752733308464,1.0203922323760921,-0.10529045643153523
2016-06-03,0.0,3189.326,6098.443343725721,6000.0,98.4433437257212,0.016407223954286954,0.9193615803216197,0.0,0.0070177765147927396,1.0203922323760921,-0.09901158480911965
2016-06-06,0.0,3178.788,6078.293194146725,6000.0,78.293194146725,0.013048865691120737,0.9163238750718493,0.0,-0.003304146393313223,1.0203922323760921,-0.10198858243158959
2016-06-07,0.0,3177.054,6074.977540382255,6000.0,74.97754038225503,0.01249625673037591,0.9158240287155103,0.0,-0.0005454909229554161,1.0203922323760921,-0.10247843950858349
2016-06-08,0.0,3163.986,6049.9896722195745,6000.0,49.98967221957446,0.008331612036595715,0.9120570205352103,0.0,-0.004113244534087346,1.0203922323760921,-0.10617016516150035
2016-06-13,0.0,3066.341,5863.278592731903,6000.0,-136.7214072680972,-0.02278690121134952,0.8839096748231369,0.0,-0.03086138813509287,1.0203922323760921,-0.13375499462117724
2016-06-14,0.0,3075.983,5881.715463318417,6000.0,-118.28453668158272,-0.019714089446930427,0.8866890972959294,0.0,0.0031444643632265734,1.0203922323760921,-0.13103111807194057
2016-06-15,0.0,3116.368,5958.937307192754,6000.0,-41.062692807246094,-0.006843782134541065,0.8983305592917518,0.0,0.01312913627936152,1.0203922323760921,-0.11962230719858258
2016-06-16,0.0,3094.675,5917.457216585697,6000.0,-82.5427834143029,-0.01375713056905048,0.8920772911210108,0.0,-0.006960987919270023,1.0203922323760921,-0.12575060568256813
2016-06-17,0.0,3110.357,5947.443423237606,6000.0,-52.55657676239389,-0.008759429460398982,0.8965978162421817,0.0,0.0050674141872733,1.0203922323760921,-0.12132042189858883
2016-06-20,0.0,3112.674,5951.873855632229,6000.0,-48.1261443677713,-0.008021024061295234,0.8972657193607733,0.0,0.0007449305658482341,1.0203922323760921,-0.1206658666232745
2016-06-21,0.0,3106.318,5939.720282779306,6000.0,-60.27971722069378,-0.01004661953678232,0.8954335259115855,0.0,-0.0020419741996752228,1.0203922323760921,-0.1224614442365235
2016-06-22,0.0,3133.961,5992.577616695817,6000.0,-7.422383304183313,-0.0012370638840305537,0.903401953148196,0.0,0.008898960119343657,1.0203922323760921,-0.11465226362559788
2016-06-23,0.0,3117.317,5960.751929697069,6000.0,-39.24807030293141,-0.006541345050488534,0.8986041199562073,0.0,-0.005310851028458852,1.0203922323760921,-0.1193542135618656
2016-06-24,0.0,3077.155,5883.95649342912,6000.0,-116.0435065708798,-0.019340584428479968,0.8870269403926014,0.0,-0.012883514894378667,1.0203922323760921,-0.1307000266681131
2016-06-27,0.0,3120.544,5966.922411068431,6000.0,-33.07758893156915,-0.0055129314885948855,0.8995343415201671,0.0,0.014100362185200277,1.0203922323760921,-0.11844258219654857
2016-06-28,0.0,3136.401,5997.243242523559,6000.0,-2.7567574764407254,-0.0004594595794067402,0.9041053124962166,0.0,0.005081485792221008,1.0203922323760921,-0.11396296070295342
2016-06-29,0.0,3151.39,6025.90433495472,6000.0,25.90433495472007,0.004317389159119944,0.9084260720320686,0.0,0.004779044516310282,1.0203922323760921,-0.10972855024905315
2016-06-30,0.0,3153.921,6030.743965680137,6000.0,30.74396568013708,0.005123994280022748,0.9091556632246259,0.0,0.0008031376630630582,1.0203922323760921,-0.10901353971740846
2016-07-01,1000.0,3154.2,7031.277453223555,7000.0,31.277453223555312,0.004468207603365082,0.9092360883304036,0.0,8.846131529605117e-05,1.0203922323760921,-0.10893472188322095
2016-07-04,0.0,3204.696,7143.842092839933,7000.0,143.84209283993277,0.020548870405704633,0.923792167690093,0.0,0.01600913068289911,1.0203922323760921,-0.09466954139885564
2016-07-05,0.0,3207.383,7149.831897708619,7000.0,149.83189770861918,0.021404556815517006,0.9245667277589991,0.0,0.0008384570642581135,1.0203922323760921,-0.09391046068035347
2016-07-06,0.0,3216.804,7170.832996208023,7000.0,170.83299620802336,0.024404713744003326,0.9272824443236307,0.0,0.0029372856313076845,1.0203922323760921,-0.09124901689583165
2016-07-07,0.0,3209.954,7155.563117774639,7000.0,155.56311777463907,0.022223302539234213,0.9253078494326716,0.0,-0.002129442763687095,1.0203922323760921,-0.09318415010079639
2016-07-08,0.0,3192.28,7116.164602237174,7000.0,116.16460223717422,0.016594943176739152,0.9202131063519692,0.0,-0.005505997905265958,1.0203922323760921,-0.09817707627080341
2016-07-11,0.0,3203.33,7140.797033870589,7000.0,140.79703387058908,0.02011386198151266,0.9233984017600126,0.0,0.003461475810392578,1.0203922323760921,-0.09505543803505734
2016-07-12,0.0,3273.182,7296.5096686631105,7000.0,296.50966866311046,0.04235852409473018,0.9435340809312939,0.0,0.021806058070819923,1.0203922323760921,-0.07532216436597705
2016-07-13,0.0,3282.868,7318.10149968585,7000.0,318.1014996858503,0.04544307138369286,0.9463261869333129,0.0,0.0029591999467186714,1.0203922323760921,-0.07258585776403692
2016-07-14,0.0,3276.764,7304.494589035138,7000.0,304.49458903513823,0.04349922700501985,0.9445666355151503,0.0,-0.0018593498124200858,1.0203922323760921,-0.07431024507543915
2016-07-15,0.0,3276.278,7303.411207879134,7000.0,303.41120787913405,0.04334445826844768,0.9444265401696018,0.0,-0.00014831705914752913,1.0203922323760921,-0.07444754065757253
2016-07-18,0.0,3262.022,7271.632027303028,7000.0,271.6320273030278,0.038804575329004054,0.9403170767001839,0.0,-0.004351279103909866,1.0203922323760921,-0.07847487773348161
2016-07-19,0.0,3248.234,7240.896102654925,7000.0,240.89610265492502,0.034413728950703604,0.9363425198598124,0.0,-0.0042268261832691945,1.0203922323760921,-0.08237000424881813
2016-07-20,0.0,3237.605,7217.202155520846,7000.0,217.20215552084574,0.031028879360120776,0.9332785827655052,0.0,-0.003272239623130613,1.0203922323760921,-0.08537270948028819
2016-07-21,0.0,3252.523,7250.457052815624,7000.0,250.45705281562368,0.035779578973660575,0.937578875697378,0.0,0.004607727008081541,1.0203922323760921,-0.08115835661143211
2016-07-22,0.0,3225.162,7189.464477076085,7000.0,189.46447707608513,0.02706635386801226,0.9296917383526286,0.0,-0.00841223874512187,1.0203922323760921,-0.08888787188457692
2016-07-25,0.0,3230.885,7202.222070400796,7000.0,202.22207040079593,0.028888867200113744,0.9313414619381702,0.0,0.0017744845065148507,1.0203922323760921,-0.08727111752953831
2016-07-26,0.0,3269.588,7288.497998139084,7000.0,288.4979981390843,0.04121399973415496,0.9424980672031031,0.0,0.011979070749964738,1.0203922323760921,-0.07633747367088839
2016-07-27,0.0,3218.243,7174.0407852687,7000.0,174.04078526870035,0.024862969324100037,0.927697253381746,0.0,-0.015703813446831805,1.0203922323760921,-0.09084249767219021
2016-07-28,0.0,3221.137,7180.492030259389,7000.0,180.49203025938914,0.0257845757513413,0.9285314836904228,0.0,0.0008992484408418822,1.0203922323760921,-0.09002493920574228
2016-07-29,0.0,3203.93,7142.134541470594,7000.0,142.13454147059383,0.020304934495799065,0.923571358976739,0.0,-0.005341902564218848,1.0203922323760921,-0.09488593731637429
2016-08-01,1000.0,3176.809,8081.6769687710585,8000.0,81.67696877105845,0.010209621096382238,0.9157534045186804,0.0,-0.008464916524393407,1.0203922323760921,-0.10254765230204577
2016-08-02,0.0,3189.053,8112.825222507947,8000.0,112.82522250794682,0.014103152813493391,0.9192828847880092,0.0,0.0038541819794641885,1.0203922323760921,-0.09908870763612043
2016-08-03,0.0,3193.507,8124.156023075091,8000.0,124.15602307509107,0.015519502884386416,0.9205668038601745,0.0,0.001396652862150738,1.0203922323760921,-0.09783044730109658
2016-08-04,0.0,3201.289,8143.953124559938,8000.0,143.95312455993826,0.01799414056999238,0.9228100589611153,0.0,0.0024368194589836634,1.0203922323760921,-0.09563202297977735
2016-08-05,0.0,3205.11,8153.673598059501,8000.0,153.67359805950127,0.019209199757437734,0.9239115081696342,0.0,0.0011935817103672086,1.0203922323760921,-0.09455258590296423
2016-08-08,0.0,3234.183,8227.634164940633,8000.0,227.63416494063313,0.028454270617579214,0.9322921501061093,0.0,0.009070827522300373,1.0203922323760921,-0.0863394285791772
2016-08-09,0.0,3256.981,8285.63137897964,8000.0,285.63137897964043,0.03570392237245512,0.9388639478176548,0.0,0.007049075454295561,1.0203922323760921,-0.07989896627161697
2016-08-10,0.0,3243.341,8250.931756227992,8000.0,250.93175622799208,0.031366469528498975,0.9349320537574091,0.0,-0.00418792740884899,1.0203922323760921,-0.08375228260967837
2016-08-11,0.0,3233.36,8225.540485356718,8000.0,225.5404853567179,0.02819256066958964,0.9320549104571664,0.0,-0.003077382242570148,1.0203922323760921,-0.08657192706497074
2016-08-12,0.0,3294.234,8380.40154366931,8000.0,380.40154366930983,0.047550192958663695,0.9496025731421657,0.0,0.018826855036247148,1.0203922323760921,-0.06937494914978448
2016-08-15,0.0,3393.424,8632.73699680244,8000.0,632.7369968024395,0.0790921246003049,0.9781952836873096,0.0,0.030110186465199584,1.0203922323760921,-0.04135365533949864
2016-08-16,0.0,3378.245,8594.122218668475,8000.0,594.1222186684754,0.07426527733355948,0.9738197543661609,0.0,-0.004473063195168048,1.0203922323760921,-0.04564174102098195
2016-08-17,0.0,3373.048,8580.9012553664,8000.0,580.9012553663997,0.07261265692079988,0.9723216566072828,0.0,-0.0015383727349556064,1.0203922323760921,-0.047109899745975015
2016-08-18,0.0,3364.485,8559.117320643354,8000.0,559.1173206433541,0.06988966508041927,0.9698532688625701,0.0,-0.0025386534671311134,1.0203922323760921,-0.04952895750277975
2016-08-19,0.0,3365.02,8560.47833957093,8000.0,560.4783395709292,0.07005979244636618,0.9700074890474844,0.0,0.0001590139352678488,1.0203922323760921,-0.04937781936195407
2016-08-22,0.0,3336.795,8488.675051289021,8000.0,488.6750512890212,0.06108438141112771,0.9618712933106491,0.0,-0.008387765897379551,1.0203922323760921,-0.05735141567000246
2016-08-23,0.0,3341.83,8501.483892971904,8000.0,501.4838929719044,0.0626854866214881,0.963322692621011,0.0,0.0015089329731072798,1.0203922323760921,-0.05592902213905393
2016-08-24,0.0,3329.863,8471.040316324621,8000.0,471.040316324621,0.05888003954057752,0.959873060933404,0.0,-0.0035809721021117236,1.0203922323760921,-0.059309713973187406
2016-08-25,0.0,3308.972,8417.894435173253,8000.0,417.89443517325344,0.05223680439665679,0.9538509789090206,0.0,-0.006273831686168352,1.0203922323760921,-0.0652114464965331
2016-08-26,0.0,3307.09,8413.106701300921,8000.0,413.1067013009215,0.051638337662615275,0.9533084697725556,0.0,-0.0005687567014771577,1.0203922323760921,-0.06574311375080233
2016-08-29,0.0,3307.781,8414.864578084014,8000.0,414.8645780840143,0.051858072260501764,0.9535076588338187,0.0,0.00020894502417534433,1.0203922323760921,-0.06554790542311906
2016-08-30,0.0,3311.987,8425.56447641931,8000.0,425.56447641930936,0.05319555955241362,0.9547200889230705,0.0,0.0012715473001387867,1.0203922323760921,-0.06435970538515079
2016-08-31,0.0,3327.794,8465.77686181779,8000.0,465.77686181779063,0.058222107727223804,0.959276646797726,0.0,0.004772663660817411,1.0203922323760921,-0.05989420895144604
2016-09-01,1000.0,3301.577,9399.081846445364,9000.0,399.08184644536414,0.04434242738281813,0.9517192812128684,0.0,-0.007878191979431182,1.0203922323760921,-0.06730054285430165
2016-09-02,0.0,3314.114,9434.772756912962,9000.0,434.772756912962,0.048308084101440274,0.9553332222563653,0.0,0.0037972762713089914,1.0203922323760921,-0.0637588253374195
2016-09-05,0.0,3319.68,9450.618302710414,9000.0,450.61830271041435,0.050068700301157065,0.95693768870353,0.0,0.001679483566346729,1.0203922323760921,-0.062186423670436475
2016-09-06,0.0,3342.626,9515.94203499003,9000.0,515.9420349900302,0.05732689277666991,0.9635521491952014,0.0,0.006912112010796445,1.0203922323760921,-0.055704151185601014
2016-09-07,0.0,3340.817,9510.792090263549,9000.0,510.79209026354874,0.05675467669594991,0.9630306831867713,0.0,-0.0005411912669860408,1.0203922323760921,-0.05621519585243051
2016-09-08,0.0,3339.564,9507.224992009109,9000.0,507.224992009109,0.05635833244545663,0.9626694908658411,0.0,-0.00037505795737990955,1.0203922323760921,-0.05656916985328031
2016-09-09,0.0,3318.044,9445.960862371816,9000.0,445.9608623718159,0.04955120693020176,0.9564660920259228,0.0,-0.006443954959389875,1.0203922323760921,-0.06264859563004554
2016-09-12,0.0,3262.604,9288.131710555297,9000.0,288.1317105552971,0.03201463450614406,0.9404848452004084,0.0,-0.016708639186219343,1.0203922323760921,-0.07831046203635916
2016-09-13,0.0,3260.333,9281.666522897012,9000.0,281.6665228970123,0.03129628032189036,0.9398302021350993,0.0,-0.0006960697651323677,1.0203922323760921,-0.07895202225657438
2016-09-14,0.0,3238.73,9220.166105027381,9000.0,220.1661050273815,0.0244629005585979,0.9336028775468671,0.0,-0.006626010287906214,1.0203922323760921,-0.08505489563275759
2016-09-19,0.0,3263.124,9289.61207056512,9000.0,289.6120705651192,0.03217911895168002,0.9406347414549046,0.0,0.007531964689863058,1.0203922323760921,-0.07816356141350056
2016-09-20,0.0,3257.403,9273.325263610894,9000.0,273.32526361089367,0.030369473734543684,0.9389855943934189,0.0,-0.0017532278883670704,1.0203922323760921,-0.0797797507661433
2016-09-21,0.0,3266.636,9299.610194323772,9000.0,299.6101943237718,0.03329002159153016,0.9416471176968095,0.0,0.0028344665980843953,1.0203922323760921,-0.07717141720680898
2016-09-22,0.0,3291.121,9369.315222863228,9000.0,369.315222863228,0.04103502476258081,0.9487052134493839,0.0,0.007495478528982025,1.0203922323760921,-0.07025437537855161
2016-09-23,0.0,3275.667,9325.320062109755,9000.0,325.3200621097549,0.036146673567750476,0.9442504120705689,0.0,-0.004695664486355833,1.0203922323760921,-0.07462014888943136
2016-09-26,0.0,3220.284,9167.653180525082,9000.0,167.65318052508155,0.01862813116945361,0.9282855961806435,0.0,-0.016907396264638552,1.0203922323760921,-0.09026591272746998
2016-09-27,0.0,3240.755,9225.930968527175,9000.0,225.93096852717463,0.02510344094746375,0.9341866081533186,0.0,0.006356892746105514,1.0203922323760921,-0.0844828307072022
2016-09-28,0.0,3230.89,9197.846831033126,9000.0,197.84683103312636,0.02198298122590292,0.9313429032483095,0.0,-0.003044043749064751,1.0203922323760921,-0.08726970502354936
2016-09-29,0.0,3244.387,9236.270713826554,9000.0,236.27071382655413,0.026252301536283884,0.9352335758385688,0.0,0.004177486698711652,1.0203922323760921,-0.08345678635677412
2016-09-30,0.0,3253.285,9261.601951071563,9000.0,261.60195107156324,0.029066883452395942,0.9377985313626204,0.0,0.002742582805318694,1.0203922323760921,-0.08094309069870465
2016-10-10,1000.0,3293.869,10377.13835614591,10000.0,377.1383561459097,0.03771383561459096,0.9494973575019905,0.0,0.012474775496152501,1.0203922323760921,-0.06947806208698326
2016-10-11,0.0,3306.557,10417.1111454289,10000.0,417.1111454289003,0.041711114542890115,0.9531548261116969,0.0,0.0038520050433090702,1.0203922323760921,-0.06589368688923258
2016-10-12,0.0,3300.01,10396.485211362402,10000.0,396.48521136240197,0.03964852113624029,0.9512675746151847,0.0,-0.0019800051836394994,1.0203922323760921,-0.06774322223126217
2016-10-13,0.0,3302.646,10404.789772565899,10000.0,404.7897725658986,0.04047897725658989,0.9520274333206691,0.0,0.0007987854582258702,1.0203922323760921,-0.06699854907384806
2016-10-14,0.0,3305.848,10414.877483102164,10000.0,414.87748310216375,0.04148774831021629,0.952950448333932,0.0,0.000969525647011471,1.0203922323760921,-0.06609398023847624
2016-10-17,0.0,3277.879,10326.762812274925,10000.0,326.7628122749247,0.032676281227492554,0.9448880476762334,0.0,-0.00846046158202074,1.0203922323760921,-0.07399525623988656
2016-10-18,0.0,3321.332,10463.658904071413,10000.0,463.6589040714134,0.04636589040714134,0.9574138975735832,0.0,0.013256438080844202,1.0203922323760921,-0.06171973169166245
2016-10-19,0.0,3316.241,10447.620011398045,10000.0,447.6200113980449,0.04476200113980444,0.9559463555896602,0.0,-0.0015328187606657995,1.0203922323760921,-0.0631579452896881
2016-10-20,0.0,3318.604,10455.064502340329,10000.0,455.06450234032854,0.04550645023403277,0.9566275187615341,0.0,0.0007125537619250277,1.0203922323760921,-0.062490394959274775
2016-10-21,0.0,3327.74,10483.846926906013,10000.0,483.8469269060133,0.048384692690601305,0.9592610806482206,0.0,0.0027529648008619567,1.0203922323760921,-0.05990946401612751
2016-10-24,0.0,3367.578,10609.35417623261,10000.0,609.3541762326095,0.060935417623261046,0.9707448633147943,0.0,0.011971488157127785,1.0203922323760921,-0.04865518129796875
2016-10-25,0.0,3367.455,10608.966672048986,10000.0,608.9666720489859,0.0608966672048985,0.9707094070853654,0.0,-3.652476646420766e-05,1.0203922323760921,-0.04868992894529878
2016-10-26,0.0,3354.8,10569.097847303065,10000.0,569.0978473030646,0.05690978473030639,0.9670614511225789,0.0,-0.0037580309165229364,1.0203922323760921,-0.052264981603522
2016-10-27,0.0,3345.695,10540.413086393413,10000.0,540.4130863934133,0.05404130863934142,0.9644368253587566,0.0,-0.0027140217002503686,1.0203922323760921,-0.05483715500953723
2016-10-28,0.0,3340.126,10522.868283152795,10000.0,522.8682831527949,0.05228682831527953,0.9628314941255083,0.0,-0.0016645271012449836,1.0203922323760921,-0.05641040418011367
2016-10-31,0.0,3336.278,10510.745388042378,10000.0,510.7453880423782,0.051074538804237735,0.9617222618422365,0.0,-0.0011520523477259736,1.0203922323760921,-0.05749746878926776
2016-11-01,1000.0,3359.052,11582.493520382453,11000.0,582.4935203824534,0.052953956398404944,0.968287141265113,0.0,0.00682616976163275,1.0203922323760921,-0.051063786510454845
2016-11-02,0.0,3333.352,11493.876230899043,11000.0,493.87623089904264,0.04489783917264023,0.9608788071486677,0.0,-0.007650968189834573,1.0203922323760921,-0.05832406729404538
2016-11-03,0.0,3365.085,11603.296170477917,11000.0,603.2961704779173,0.0548451064070834,0.9700262260792963,0.0,0.009519846688858635,1.0203922323760921,-0.04935945678409681
2016-11-04,0.0,3354.175,11565.676924241963,11000.0,565.6769242419632,0.05142517493108767,0.9668812873551557,0.0,-0.003242117212492346,1.0203922323760921,-0.052441544852150135
2016-11-07,0.0,3356.592,11574.011087225676,11000.0,574.0110872256755,0.052182826111424996,0.9675780166765349,0.0,0.0007205944829948852,1.0203922323760921,-0.051758739457055336
2016-11-08,0.0,3371.118,11624.09882057338,11000.0,624.0988205733793,0.056736256415761854,0.9717653108934797,0.0,0.004327603712336758,1.0203922323760921,-0.04765512705773878
2016-11-09,0.0,3353.055,11561.815003455136,11000.0,561.8150034551363,0.051074091223194173,0.966558433883933,0.0,-0.0053581630782428835,1.0203922323760921,-0.052757946193691896
2016-11-10,0.0,3390.612,11691.316931125504,11000.0,691.3169311255042,0.06284699373868219,0.9773846908649187,0.0,0.011200830287603436,1.0203922323760921,-0.04214804870772659
2016-11-11,0.0,3417.221,11783.068583104652,11000.0,783.0685831046521,0.07118805300951392,0.9850550551647044,0.0,0.007847845757638972,1.0203922323760921,-0.03463097433533113
2016-11-14,0.0,3430.248,11827.987549256417,11000.0,827.987549256417,0.07527159538694694,0.9888102446018612,0.0,0.0038121619877671264,1.0203922323760921,-0.030950831231524534
2016-11-15,0.0,3429.87,11826.684150990863,11000.0,826.6841509908627,0.07515310463553293,0.9887012815553236,0.0,-0.00011019611410023611,1.0203922323760921,-0.031057616684294853
2016-11-16,0.0,3429.592,11825.725567081277,11000.0,825.7255670812774,0.07506596064375248,0.9886211447115737,0.0,-8.105263464797119e-05,1.0203922323760921,-0.03113615201728459
2016-11-17,0.0,3436.535,11849.666027816036,11000.0,849.6660278160361,0.07724236616509428,0.9906225479711254,0.0,0.0020244390586401373,1.0203922323760921,-0.029174746200923973
2016-11-18,0.0,3417.455,11783.875448697612,11000.0,783.8754486976122,0.07126140442705564,0.9851225084792276,0.0,-0.005552104081582132,1.0203922323760921,-0.034564869055044856
2016-11-21,0.0,3441.111,11865.444732745067,11000.0,865.4447327450671,0.0786767938859152,0.9919416350106917,0.0,0.006922110166776241,1.0203922323760921,-0.027882020719767975
2016-11-22,0.0,3468.364,11959.416989176638,11000.0,959.4169891766378,0.08721972628878527,0.9997976400564302,0.0,0.007919825893439647,1.0203922323760921,-0.02018301557598612
2016-11-23,0.0,3474.729,11981.36442293391,11000.0,981.3644229339097,0.08921494753944637,1.0016324278638689,0.0,0.0018351591701446512,1.0203922323760921,-0.018384895451956762
2016-11-24,0.0,3488.74,12029.676362348388,11000.0,1029.6763623483876,0.09360694203167164,1.005671267136457,0.0,0.004032256904063614,1.0203922323760921,-0.014426771169509855
2016-11-25,0.0,3521.298,12141.941020363985,11000.0,1141.9410203639854,0.10381282003308967,1.0150565022400841,0.0,0.009332309085801738,1.0203922323760921,-0.00522909717137221
2016-11-28,0.0,3535.081,12189.46678304686,11000.0,1189.4667830468607,0.10813334391335094,1.0190296177703164,0.0,0.0039141816455183776,1.0203922323760921,-0.0013353831620245282
2016-11-29,0.0,3564.04,12289.321572391222,11000.0,1289.3215723912217,0.11721105203556559,1.0273773978356135,0.0,0.008191891501213133,1.0273773978356135,0.0
2016-11-30,0.0,3538.001,12199.535362241086,11000.0,1199.5353622410857,0.10904866929464418,1.0198713428917179,0.0,-0.007306034724638422,1.0273773978356135,-0.007306034724638422
2016-12-01,1000.0,3565.036,13292.755923376648,12000.0,1292.7559233766478,0.10772966028138731,1.0276645068153791,0.0,0.0076413206214469565,1.0276645068153791,0.0
2016-12-02,0.0,3528.955,13158.22266018622,12000.0,1158.2226601862203,0.09651855501551831,1.0172637245875402,0.0,-0.010120795414127692,1.0276645068153791,-0.010120795414127692
2016-12-05,0.0,3469.407,12936.189269857137,12000.0,936.1892698571373,0.07801577248809477,1.0000982973515062,0.0,-0.016874117125324495,1.0276645068153791,-0.026824133052232746
2016-12-06,0.0,3459.153,12897.955737506185,12000.0,897.955737506185,0.07482964479218213,0.9971424585176529,0.0,-0.0029555483112820857,1.0276645068153791,-0.02970040134237073
2016-12-07,0.0,3475.747,12959.82888318901,12000.0,959.8288831890095,0.0799857402657509,1.0019258786082479,0.0,0.00479712808308852,1.0276645068153791,-0.02504574988864061
2016-12-08,0.0,3470.143,12938.93355304519,12000.0,938.9335530451899,0.07824446275376573,1.0003104582040239,0.0,-0.0016123152807151486,1.0276645068153791,-0.026617683524093327
2016-12-09,0.0,3493.7,13026.769258291079,12000.0,1026.7692582910786,0.08556410485758992,1.0071010467947281,0.0,0.006788481051068995,1.0276645068153791,-0.02000989611325099
2016-12-12,0.0,3409.179,12711.620400495614,12000.0,711.6204004956144,0.0593017000413012,0.9827368519365156,0.0,-0.024192403469101453,1.0276645068153791,-0.04371821210220583
2016-12-13,0.0,3405.036,12696.172621625905,12000.0,696.1726216259049,0.058014385135492175,0.9815425823550201,0.0,-0.0012152485979762817,1.0276645068153791,-0.04488033220421894
2016-12-14,0.0,3378.945,12598.888528338539,12000.0,598.8885283385389,0.049907377361544825,0.974021537785675,0.0,-0.007662474053137691,1.0276645068153791,-0.05219891187634562
2016-12-15,0.0,3340.434,12455.29465625277,12000.0,455.29465625277044,0.03794122135439748,0.9629202788300945,0.0,-0.011397344437390933,1.0276645068153791,-0.06300132733582486
2016-12-16,0.0,3346.031,12476.163885877138,12000.0,476.16388587713845,0.03968032382309494,0.9645336814001233,0.0,0.0016755307843230316,1.0276645068153791,-0.06143135721490611
2016-12-19,0.0,3328.983,12412.597935075597,12000.0,412.597935075597,0.0343831612562997,0.9596193903488721,0.0,-0.005094991648313951,1.0276645068153791,-0.06621335661126548
2016-12-20,0.0,3309.064,12338.327042653265,12000.0,338.3270426532654,0.02819392022110545,0.9538774990155852,0.0,-0.005983509077697402,1.0276645068153791,-0.07180067746861463
2016-12-21,0.0,3338.536,12448.217686835753,12000.0,448.21768683575283,0.03735147390297944,0.9623731575011834,0.0,0.008906446052418415,1.0276645068153791,-0.06353372027659743
2016-12-22,0.0,3335.672,12437.538845734414,12000.0,437.5388457344143,0.03646157047786791,0.961547575053343,0.0,-0.0008578610504723638,1.0276645068153791,-0.0643370782230529
2016-12-23,0.0,3307.599,12332.86457679661,12000.0,332.86457679661,0.027738714733050784,0.9534551951447451,0.0,-0.008415995337671123,1.0276645068153791,-0.07221161301035939
2016-12-26,0.0,3322.401,12388.055989499824,12000.0,388.05598949982414,0.03233799912498525,0.957722049681384,0.0,0.004475149496659059,1.0276645068153791,-0.06805962127731668
2016-12-27,0.0,3316.385,12365.624457353999,12000.0,365.6244573539989,0.03046870477949981,0.9559878653216746,0.0,-0.0018107386796475389,1.0276645068153791,-0.0697471217681952
2016-12-28,0.0,3301.889,12311.574010215381,12000.0,311.57401021538135,0.02596450085128188,0.951809218965566,0.0,-0.004371024473937779,1.0276645068153791,-0.07381327986589747
2016-12-29,0.0,3297.765,12296.197075612754,12000.0,296.1970756127539,0.024683089634396138,0.9506204263626002,0.0,-0.001248982022109213,1.0276645068153791,-0.07497007042846127
2016-12-30,0.0,3310.081,12342.119075265018,12000.0,342.1190752650182,0.028509922938751542,0.9541706614979364,0.0,0.0037346505891111548,1.0276645068153791,-0.0715154068570415
2017-01-03,1000.0,3342.227,13461.980117878013,13000.0,461.9801178780126,0.03553693214446252,0.9634371326460782,0.0,0.009711544823223228,1.0276645068153791,-0.06249838711306144
2017-01-04,0.0,3368.312,13567.046515634613,13000.0,567.0465156346127,0.04361896274112409,0.9709564476432562,0.0,0.007804676343049044,1.0276645068153791,-0.05518149045339227
2017-01-05,0.0,3367.789,13564.939951477945,13000.0,564.9399514779452,0.04345691934445739,0.9708056866026764,0.0,-0.00015527065188736255,1.0276645068153791,-0.05532819303928482
2017-01-06,0.0,3347.667,13483.891607385236,13000.0,483.89160738523606,0.037222431337325945,0.9650052780777305,0.0,-0.005974839872687987,1.0276645068153791,-0.06097245581811794
2017-01-09,0.0,3363.901,13549.279681036018,13000.0,549.2796810360178,0.04225228315661678,0.9696849238382896,0.0,0.004849347321582487,1.0276645068153791,-0.05641878511184739
2017-01-10,0.0,3358.272,13526.606928382313,13000.0,526.6069283823126,0.04050822526017783,0.9680622968833686,0.0,-0.001673354834164198,1.0276645068153791,-0.057997731299207045
2017-01-11,0.0,3334.495,13430.83680227694,13000.0,430.8368022769391,0.03314129248284137,0.9612082906465313,0.0,-0.007080129304594784,1.0276645068153791,-0.06466722916683032
2017-01-12,0.0,3317.624,13362.882989873196,13000.0,362.8829898731965,0.027914076144092137,0.9563450219742143,0.0,-0.005059536751442106,1.0276645068153791,-0.069399579695689
2017-01-13,0.0,3319.912,13372.098704577706,13000.0,372.0987045777056,0.028622977275208017,0.9570045654939975,0.0,0.0006896501833841828,1.0276645068153791,-0.06875779094516865
2017-01-16,0.0,3319.446,13370.221727719183,13000.0,370.22172771918304,0.028478594439937055,0.9568702353890067,0.0,-0.00014036516630555607,1.0276645068153791,-0.06888850491271337
2017-01-17,0.0,3326.356,13398.054152810158,13000.0,398.0541528101585,0.030619550216166136,0.9588621260016386,0.0,0.0020816726646555317,1.0276645068153791,-0.06695023556564361
2017-01-18,0.0,3339.365,13450.452418802706,13000.0,450.45241880270623,0.034650186061746524,0.9626121267222936,0.0,0.003910886267134206,1.0276645068153791,-0.06330118405536433
2017-01-19,0.0,3329.289,13409.867829046314,13000.0,409.867829046314,0.031528294542024105,0.9597075985294026,0.0,-0.0030173401230472185,1.0276645068153791,-0.06612752297592495
2017-01-20,0.0,3354.889,13512.98072084501,13000.0,512.9807208450093,0.03946005544961606,0.96708710644306,0.0,0.007689329463437922,1.0276645068153791,-0.05894666982325003
2017-01-23,0.0,3364.081,13550.004693556479,13000.0,550.0046935564787,0.042308053350498476,0.9697368110033077,0.0,0.0027398820050381634,1.0276645068153791,-0.05636829473811755
2017-01-24,0.0,3364.451,13551.494997070755,13000.0,551.4949970707548,0.04242269208236582,0.9698434679536222,0.0,0.00010998546111107288,1.0276645068153791,-0.05626450896989532
2017-01-25,0.0,3375.904,13597.625932608664,13000.0,597.6259326086638,0.04597122558528177,0.9731449329589003,0.0,0.0034041215045188533,1.0276645068153791,-0.053051918690302124
2017-01-26,0.0,3387.961,13646.189687937447,13000.0,646.1896879374472,0.04970689907211123,0.9766205082290161,0.0,0.0035714878148194185,1.0276645068153791,-0.04966990515663794
2017-02-03,1000.0,3364.492,14551.660138811527,14000.0,551.6601388115268,0.03940429562939474,0.9698552866967651,0.0,-0.006927175371853389,1.0276645068153791,-0.05625300838476799
2017-02-06,0.0,3373.205,14589.344465238655,14000.0,589.3444652386552,0.042096033231332486,0.9723669137456595,0.0,0.0025896925895498857,1.0276645068153791,-0.05380899379417203
2017-02-07,0.0,3365.685,14556.819946160036,14000.0,556.8199461600361,0.03977285329714553,0.9701991832960226,0.0,-0.0022293338234705695,1.0276645068153791,-0.055918369407770396
2017-02-08,0.0,3383.288,14632.95413623197,14000.0,632.9541362319706,0.04521100973085512,0.9752734597727458,0.0,0.005230138887031943,1.0276645068153791,-0.050980691359077346
2017-02-09,0.0,3396.292,14689.197333851433,14000.0,689.1973338514326,0.04922838098938809,0.9790220191832615,0.0,0.003843598298459927,1.0276645068153791,-0.047333042359179456
2017-02-10,0.0,3413.487,14763.56689576059,14000.0,763.5668957605903,0.0545404925543278,0.9839786847526107,0.0,0.005062874452491206,1.0276645068153791,-0.04250980915760727
2017-02-13,0.0,3436.275,14862.126568734471,14000.0,862.1265687344712,0.061580469195319454,0.9905475998438774,0.0,0.006675871330402039,1.0276645068153791,-0.03611772784342138
2017-02-14,0.0,3435.804,14860.089461223031,14000.0,860.0894612230313,0.061434961515930864,0.9904118284287472,0.0,-0.00013706702752258604,1.0276645068153791,-0.03624984432134759
2017-02-15,0.0,3421.713,14799.144913571858,14000.0,799.1449135718576,0.05708177954084692,0.986349928193929,0.0,-0.004101223469091919,1.0276645068153791,-0.040202399078157924
2017-02-16,0.0,3440.933,14882.2727402595,14000.0,882.2727402594992,0.063019481447107,0.9918903243697296,0.0,0.0056170695788921865,1.0276645068153791,-0.03481114917212613
2017-02-17,0.0,3421.442,14797.9728198657,14000.0,797.9728198656994,0.05699805856183571,0.9862718091843742,0.0,-0.005664452054137681,1.0276645068153791,-0.04027841514082886
2017-02-20,0.0,3471.393,15014.014342804014,14000.0,1014.0143428040137,0.07242959591457243,1.0006707857388704,0.0,0.014599399902146537,1.0276645068153791,-0.026267055928748007
2017-02-21,0.0,3482.823,15063.449881775905,14000.0,1063.449881775905,0.07596070584113601,1.0039656207175072,0.0,0.0032926263318500126,1.0276645068153791,-0.02306091719690917
2017-02-22,0.0,3489.757,15093.439910405046,14000.0,1093.4399104050462,0.07810285074321754,1.0059644296188082,0.0,0.0019909136927143134,1.0276645068153791,-0.0211159158000086
2017-02-23,0.0,3473.324,15022.366051094015,14000.0,1022.3660510940153,0.07302614650671546,1.0012274197147013,0.0,-0.004708923859168546,1.0276645068153791,-0.025725406419458308
2017-02-24,0.0,3473.852,15024.64968753996,14000.0,1024.6496875399607,0.07318926339571141,1.0013796220654205,0.0,0.0001520157635741537,1.0276645068153791,-0.025577301323184365
2017-02-27,0.0,3446.223,14905.15235540922,14000.0,905.15235540922,0.06465373967208721,0.9934152304972002,0.0,-0.007953418856071037,1.0276645068153791,-0.03332729318862415
2017-02-28,0.0,3452.81,14933.641585086196,14000.0,933.6415850861958,0.06668868464901401,0.9953140124748275,0.0,0.0019113678946487411,1.0276645068153791,-0.031479626012191675
2017-03-01,1000.0,3458.438,15957.983073566844,15000.0,957.9830735668438,0.06386553823778951,0.9969363511677207,0.0,0.0016299767435798973,1.0276645068153791,-0.029900960326908255
2017-03-02,0.0,3435.096,15850.278022644086,15000.0,850.2780226440864,0.056685201509605765,0.9902077389130101,0.0,-0.006749289708244066,1.0276645068153791,-0.03644843979135126
2017-03-03,0.0,3427.863,15816.903391793076,15000.0,816.9033917930756,0.05446022611953838,0.9881227396653739,0.0,-0.0021056180089290555,1.0276645068153791,-0.03847731130905829
2017-03-06,0.0,3446.484,15902.824724722244,15000.0,902.8247247222444,0.060188314981483027,0.9934904668864761,0.0,0.00543224743812698,1.0276645068153791,-0.03325408214671599
2017-03-07,0.0,3453.957,15937.306767629696,15000.0,937.306767629696,0.06248711784197969,0.9956446490208027,0.0,0.0021682967337146586,1.0276645068153791,-0.031157890130702692
2017-03-08,0.0,3448.731,15913.19287010068,15000.0,913.19287010068,0.06087952467337865,0.9941381916631163,0.0,-0.0015130472093310976,1.0276645068153791,-0.03262379398132298
2017-03-09,0.0,3426.944,15812.662926460283,15000.0,812.6629264602834,0.05417752843068557,0.9878578268617547,0.0,-0.006317396166880096,1.0276645068153791,-0.03873509271715625
2017-03-10,0.0,3427.892,15817.037204083228,15000.0,817.0372040832281,0.05446914693888183,0.9881310992641823,0.0,0.0002766313076607574,1.0276645068153791,-0.03846917674884631
2017-03-13,0.0,3458.098,15956.414239820218,15000.0,956.4142398202184,0.06376094932134779,0.9968383420782424,0.0,0.008811829544221439,1.0276645068153791,-0.02999633103284227
2017-03-14,0.0,3456.693,15949.931265073134,15000.0,949.9312650731335,0.06332875100487567,0.996433333929075,0.0,-0.0004062927077254086,1.0276645068153791,-0.030390436450010494
2017-03-15,0.0,3463.644,15982.004686757824,15000.0,982.004686757824,0.06546697911718824,0.9984370432848496,0.0,0.0020108814985884127,1.0276645068153791,-0.028440666517813518
2017-03-16,0.0,3481.507,16064.428443275398,15000.0,1064.4284432753975,0.0709618962183598,1.0035862678888208,0.0,0.005157285217533891,1.0276645068153791,-0.023430057929288872
2017-03-17,0.0,3445.805,15899.691671445895,15000.0,899.6916714458948,0.05997944476305972,0.9932947369695474,0.0,-0.010254754622064488,1.0276645068153791,-0.03344454305650768
2017-03-20,0.0,3449.613,15917.262609408102,15000.0,917.2626094081024,0.06115084062720677,0.994392438771704,0.0,0.00110511186790907,1.0276645068153791,-0.0323763911500472
2017-03-21,0.0,3466.347,15994.4769150435,15000.0,994.4769150435004,0.06629846100290004,0.9992162155462019,0.0,0.0048509789358981426,1.0276645068153791,-0.027682469405638455
2017-03-22,0.0,3450.05,15919.279022194209,15000.0,919.2790221942087,0.06128526814628055,0.9945184092778865,0.0,-0.004701491224046506,1.0276645068153791,-0.032253811742714356
2017-03-23,0.0,3461.978,15974.31740139936,15000.0,974.3174013993594,0.06495449342662396,0.9979567987464062,0.0,0.0034573411979534896,1.0276645068153791,-0.0289079829768899
2017-03-24,0.0,3489.6,16101.77130066199,15000.0,1101.7713006619906,0.07345142004413274,1.0059191724804313,0.0,0.007978675774369393,1.0276645068153791,-0.02115995462598419
2017-03-27,0.0,3478.039,16048.426339059817,15000.0,1048.426339059817,0.06989508927065446,1.0025865751761427,0.0,-0.0033129871618521323,1.0276645068153791,-0.024402839129815113
2017-03-28,0.0,3469.809,16010.451333957672,15000.0,1010.4513339576715,0.06736342226384484,1.000214178686713,0.0,-0.0023662759388265453,1.0276645068153791,-0.026711371217569613
2017-03-29,0.0,3465.193,15989.152108738775,15000.0,989.1521087387755,0.06594347391591837,0.9988835611660315,0.0,-0.0013303325917940478,1.0276645068153791,-0.028006168801661402
2017-03-30,0.0,3436.758,15857.946851134944,15000.0,857.9468511349442,0.05719645674232954,0.990686830403342,0.0,-0.008205892139341198,1.0276645068153791,-0.03598224534057992
2017-03-31,0.0,3456.046,15946.94586673764,15000.0,946.9458667376402,0.06312972444917597,0.9962468283970383,0.0,0.005612265978576225,1.0276645068153791,-0.030571921293361393
2017-04-05,1000.0,3503.893,17167.722302839997,16000.0,1167.7223028399967,0.07298264392749987,1.0100393016448808,0.0,0.013844433783578136,1.0276645068153791,-0.017150738449766
2017-04-06,0.0,3514.047,17217.472980803916,16000.0,1217.4729808039156,0.0760920613002447,1.0129663142759464,0.0,0.0028979195426346305,1.0276645068153791,-0.014302520367255656
2017-04-07,0.0,3517.463,17234.210061355894,16000.0,1234.2100613558941,0.07713812883474347,1.0139510173631752,0.0,0.0009720985518977265,1.0276645068153791,-0.013344325274695534
2017-04-10,0.0,3505.139,17173.82722156592,16000.0,1173.82722156592,0.07336420134786992,1.0103984761316158,0.0,-0.0035036615879117106,1.0276645068153791,-0.016801232862725612
2017-04-11,0.0,3517.328,17233.548613500356,16000.0,1233.5486135003557,0.07709678834377232,1.0139121019894115,0.0,0.0034774655156328826,1.0276645068153791,-0.013382193054992997
2017-04-12,0.0,3509.439,17194.895560668232,16000.0,1194.895560668232,0.07468097254176453,1.011638002851488,0.0,-0.002242895743587159,1.0276645068153791,-0.015595073934737247
2017-04-13,0.0,3514.566,17220.01588033743,16000.0,1220.0158803374288,0.07625099252108924,1.0131159222684145,0.0,0.001460917257715355,1.0276645068153791,-0.014156939789668477
2017-04-14,0.0,3486.505,17082.527819046747,16000.0,1082.527819046747,0.06765798869042161,1.0050270015041514,0.0,-0.007984200609691072,1.0276645068153791,-0.02202810855205939
2017-04-17,0.0,3479.942,17050.371654040126,16000.0,1050.3716540401256,0.06564822837750794,1.003135137815193,0.0,-0.00188240085701874,1.0276645068153791,-0.023869043678661273
2017-04-18,0.0,3462.743,16966.10319724463,16000.0,966.103197244629,0.06038144982778926,0.9981773191977322,0.0,-0.0049423237513728235,1.0276645068153791,-0.0286933988885385
2017-04-19,0.0,3445.876,16883.461412212382,16000.0,883.4614122123821,0.05521633826327399,0.9933152035735269,0.0,-0.00487099389125889,1.0276645068153791,-0.03342462740909191
2017-04-20,0.0,3461.548,16960.248158819682,16000.0,960.2481588196824,0.06001550992623006,0.9978328460744189,0.0,0.004548045257577238,1.0276645068153791,-0.029028598869688782
2017-04-21,0.0,3466.787,16985.917235228288,16000.0,985.9172352282876,0.06161982720176806,0.9993430508384678,0.0,0.0015134847183975175,1.0276645068153791,-0.02755904849207691
2017-04-24,0.0,3431.259,16811.84375810576,16000.0,811.8437581057588,0.05074023488160995,0.9891016775120451,0.0,-0.010248105810942376,1.0276645068153791,-0.03752472625802361
2017-04-25,0.0,3440.974,16859.443505635747,16000.0,859.443505635747,0.05371521910223409,0.9919021431128725,0.0,0.0028313222639269053,1.0276645068153791,-0.0347996485869988
2017-04-26,0.0,3445.183,16880.065979887288,16000.0,880.0659798872875,0.05500412374295549,0.9931154379882078,0.0,0.0012232001752991994,1.0276645068153791,-0.03361901534795164
2017-04-27,0.0,3446.72,16887.596686212924,16000.0,887.5966862129244,0.0554747928883077,0.9935584967250551,0.0,0.0004461301475131574,1.0276645068153791,-0.03318788365671477
2017-04-28,0.0,3439.753,16853.46107725344,16000.0,853.4610772534397,0.05334131732833991,0.9915501751768344,0.0,-0.002021342029523643,1.0276645068153791,-0.03514214162213225
2017-05-02,1000.0,3426.577,17788.903766552965,17000.0,788.903766552965,0.046406103914880203,0.9877520346975239,0.0,-0.003830507597493149,1.0276645068153791,-0.03883803697914956
2017-05-03,0.0,3413.128,17719.0839531484,17000.0,719.0839531484016,0.04229905606755313,0.9838751986846028,0.0,-0.003924908151779483,1.0276645068153791,-0.04261050940299049
2017-05-04,0.0,3404.386,17673.700295717907,17000.0,673.7002957179066,0.03962942915987688,0.9813552120368999,0.0,-0.002561286889914527,1.0276645068153791,-0.04506265855379854
2017-05-05,0.0,3382.55,17560.339789695,17000.0,560.339789695001,0.03296116409970584,0.9750607223961725,0.0,-0.0064140787795508025,1.0276645068153791,-0.05118770189136923
2017-05-08,0.0,3358.813,17437.11033688928,17000.0,437.11033688928,0.025712372758192936,0.9682182466404503,0.0,-0.007017486807290418,1.0276645068153791,-0.057845979675941406
2017-05-09,0.0,3352.532,17404.502838339642,17000.0,404.50283833964204,0.0237942846082142,0.9664076728433533,0.0,-0.001870005862190105,1.0276645068153791,-0.059607813217033345
2017-05-10,0.0,3337.701,17327.508440793128,17000.0,327.5084407931281,0.019265202399595838,0.9621324587079059,0.0,-0.004423820563084879,1.0276645068153791,-0.06376793951028825
2017-05-11,0.0,3356.646,17425.860464359896,17000.0,425.86046435989556,0.025050615550582078,0.9675935828260404,0.0,0.00567606265510312,1.0276645068153791,-0.05845382767523233
2017-05-12,0.0,3385.379,17575.026402240284,17000.0,575.0264022402844,0.0338250824847226,0.9758762156730371,0.0,0.00856003284230722,1.0276645068153791,-0.05039416151758358
2017-05-15,0.0,3399.194,17646.746286408925,17000.0,646.7462864089248,0.03804389920052498,0.9798585555881613,0.0,0.004080783864967685,1.0276645068153791,-0.04651902533382546
2017-05-16,0.0,3428.649,17799.660451315714,17000.0,799.6604513157145,0.047038850077395056,0.9883493136192855,0.0,0.008665289477446603,1.0276645068153791,-0.038256836677105
2017-05-17,0.0,3409.966,17702.668587694818,17000.0,702.6685876948177,0.041333446334989254,0.9829637141524549,0.0,-0.005449085047784186,1.0276645068153791,-0.04349745696817653
2017-05-18,0.0,3398.113,17641.13432876967,17000.0,641.1343287696691,0.03771378404527459,0.9795469443360258,0.0,-0.003475987737121211,1.0276645068153791,-0.04682224807828028
2017-05-19,0.0,3403.849,17670.91248697389,17000.0,670.9124869738916,0.039465440410228814,0.9812004153279299,0.0,0.001687995661121544,1.0276645068153791,-0.045213288168758914
2017-05-22,0.0,3411.239,17709.277303767685,17000.0,709.2773037676852,0.0417221943392756,0.9833306717139426,0.0,0.002171071630968191,1.0276645068153791,-0.043140377825076626
2017-05-23,0.0,3424.194,17776.532540785764,17000.0,776.5325407857636,0.04567838475210384,0.9870651062850924,0.0,0.0037977403518194564,1.0276645068153791,-0.039506473426916267
2017-05-24,0.0,3424.167,17776.392371631035,17000.0,776.3923716310346,0.04567013950770793,0.9870573232103397,0.0,-7.885067259572054e-06,1.0276645068153791,-0.03951404698297567
2017-05-25,0.0,3485.658,18095.619834346482,17000.0,1095.619834346482,0.06444822554979313,1.0047828435665394,0.0,0.01795794422409891,1.0276645068153791,-0.022265693810665454
2017-05-26,0.0,3480.435,18068.504890082073,17000.0,1068.504890082073,0.0628532288283572,1.0032772509949364,0.0,-0.0014984258352369606,1.0276645068153791,-0.023730756155057042
2017-05-31,0.0,3492.885,18133.138444761742,17000.0,1133.138444761742,0.06665520263304359,1.0068661132420083,0.0,0.0035771390645136236,1.0276645068153791,-0.020238505305416155
2017-06-01,1000.0,3497.738,19158.332552461372,18000.0,1158.332552461372,0.06435180847007627,1.0082650488632963,0.0,0.0013893958718935728,1.0276645068153791,-0.01887722872924713
2017-06-02,0.0,3486.507,19096.816443222575,18000.0,1096.816443222575,0.06093424684569859,1.0050275780282072,0.0,-0.0032109323225465447,1.0276645068153791,-0.02202754754790681
2017-06-05,0.0,3468.754,18999.57706228442,18000.0,999.5770622844211,0.05553205901580127,0.9999100622473023,0.0,-0.005091915777022837,1.0276645068153791,-0.027007300908041376
2017-06-06,0.0,3492.882,19131.734544584637,18000.0,1131.7345445846368,0.06287414136581315,1.0068652484559246,0.0,0.006955811798703637,1.0276645068153791,-0.020239346811644965
2017-06-07,0.0,3533.872,19356.25108965616,18000.0,1356.2510896561616,0.07534728275867564,1.0186811089786127,0.0,0.01173529480812685,1.0276645068153791,-0.008741566705076642
2017-06-08,0.0,3560.979,19504.725595322274,18000.0,1504.7255953222739,0.08359586640679306,1.0264950277682812,0.0,0.0076706230446377255,1.0276645068153791,-0.0011379969234531773
2017-06-09,0.0,3576.17,19587.932007524803,18000.0,1587.9320075248033,0.08821844486248898,1.0308740162337644,0.0,0.004265961691995335,1.0308740162337644,0.0
2017-06-12,0.0,3574.389,19578.176848540355,18000.0,1578.1768485403554,0.08767649158557522,1.030360621562115,0.0,-0.0004980188302009525,1.0308740162337644,-0.0004980188302009525
2017-06-13,0.0,3582.267,19621.327405800017,18000.0,1621.327405800017,0.09007374476666752,1.0326315498177319,0.0,0.0022040130495029064,1.0326315498177319,0.0
2017-06-14,0.0,3535.299,19364.067267012033,18000.0,1364.067267012033,0.07578151483400175,1.0190924588923935,0.0,-0.013111250501428251,1.0326315498177319,-0.013111250501428251
2017-06-15,0.0,3528.793,19328.431632900414,18000.0,1328.4316329004141,0.07380175738335626,1.0172170261390243,0.0,-0.0018402969593235285,1.0326315498177319,-0.014927418866321096
2017-06-16,0.0,3518.761,19273.4828653923,18000.0,1273.4828653922996,0.07074904807735005,1.0143251814753598,0.0,-0.0028428984074725383,1.0326315498177319,-0.01772788013847082
2017-06-19,0.0,3553.665,19464.664263030176,18000.0,1464.6642630301758,0.08137023683500977,1.024386679296387,0.0,0.009919400607202311,1.0326315498177319,-0.007984329476278584
2017-06-20,0.0,3546.494,19425.386191678434,18000.0,1425.3861916784335,0.07918812175991308,1.0223195522944795,0.0,-0.0020179167141526344,1.0326315498177319,-0.009986134478529696
2017-06-21,0.0,3587.955,19652.482568238825,18000.0,1652.4825682388255,0.09180458712437911,1.0342711842322978,0.0,0.011690700731482817,1.0342711842322978,0.0
2017-06-22,0.0,3590.343,19665.562478207863,18000.0,1665.562478207863,0.09253124878932573,1.0349595539548686,0.0,0.0006655601867915362,1.0349595539548686,0.0
2017-06-23,0.0,3622.883,19843.795422258303,18000.0,1843.795422258303,0.10243307901435017,1.044339600341994,0.0,0.009063200925371051,1.044339600341994,0.0
2017-06-26,0.0,3668.092,20091.420903744973,18000.0,2091.4209037449727,0.11619005020805395,1.0573716383602965,0.0,0.012478735857603063,1.0573716383602965,0.0
2017-06-27,0.0,3674.715,20127.69738771689,18000.0,2127.6973877168894,0.11820541042871602,1.0592807977709275,0.0,0.0018055708526396597,1.0592807977709275,0.0
2017-06-28,0.0,3646.167,19971.330021805643,18000.0,1971.330021805643,0.1095183345447579,1.0510514933990878,0.0,-0.007768765741016814,1.0592807977709275,-0.007768765741016814
2017-06-29,0.0,3668.828,20095.452232780655,18000.0,2095.4522327806553,0.11641401293225861,1.057583799212814,0.0,0.006215019772819019,1.0592807977709275,-0.0016020290008885718
2017-06-30,0.0,3666.798,20084.333213837126,18000.0,2084.333213837126,0.11579628965761812,1.0569986272962233,0.0,-0.0005533102124165579,1.0592807977709275,-0.002154452794298378
2017-07-03,1000.0,3650.846,20996.95853886809,19000.0,1996.9585388680898,0.10510308099305732,1.0524002714275256,0.0,-0.004350389631498586,1.0592807977709275,-0.00649546971669912
2017-07-04,0.0,3619.984,20819.463203697407,19000.0,1819.4632036974072,0.09576122124723185,1.043503928723178,0.0,-0.00845338313366284,1.0592807977709275,-0.01489394415621359
2017-07-05,0.0,3659.68,21047.765155124256,19000.0,2047.7651551242561,0.10777711342759244,1.054946778181793,0.0,0.010965794323952727,1.0592807977709275,-0.0040914737605503015
2017-07-06,0.0,3660.097,21050.163429855842,19000.0,2050.163429855842,0.10790333841346533,1.055066983447418,0.0,0.0001139443885807001,1.0592807977709275,-0.003977995572445714
2017-07-07,0.0,3655.929,21026.19218505669,19000.0,2026.1921850566905,0.10664169395035206,1.0538655073152257,0.0,-0.0011387676337539787,1.0592807977709275,-0.005112233193594551
2017-07-10,0.0,3653.687,21013.29786383795,19000.0,2013.29786383795,0.10596304546515523,1.0532192238487248,0.0,-0.0006132504214387824,1.0592807977709275,-0.005722348535872945
2017-07-11,0.0,3670.809,21111.770909291663,19000.0,2111.770909291663,0.11114583733114025,1.058154846290039,0.0,0.004686225174734382,1.0592807977709275,-0.0010629395749058856
2017-07-12,0.0,3658.824,21042.842077977406,19000.0,2042.842077977406,0.10751800410407397,1.0547000258859303,0.0,-0.003264947862991474,1.0592807977709275,-0.004324416995603708
2017-07-13,0.0,3686.921,21204.43518381276,19000.0,2204.4351838127586,0.11602290441119778,1.062799324083197,0.0,0.007679243385306123,1.062799324083197,0.0
2017-07-14,0.0,3703.094,21297.45028509315,19000.0,2297.4502850931494,0.12091843605753416,1.0674613858600557,0.0,0.004386587073604176,1.0674613858600557,0.0
2017-07-17,0.0,3663.558,21070.06853500216,19000.0,2070.0685350021595,0.10895097552642952,1.056064658325901,0.0,-0.010676477561736175,1.0674613858600557,-0.010676477561736175
2017-07-18,0.0,3667.181,21090.90534400104,19000.0,2090.9053440010393,0.11004764968426528,1.0571090316529004,0.0,0.000988929341367184,1.0674613858600557,-0.009698106502292303
2017-07-19,0.0,3729.747,21450.738573872368,19000.0,2450.738573872368,0.12898624073012455,1.0751444336890679,0.0,0.01706106134384955,1.0751444336890679,0.0
2017-07-20,0.0,3747.884,21555.049146550442,19000.0,2555.049146550442,0.13447627087107583,1.0803726420886774,0.0,0.0048627963237184435,1.0803726420886774,0.0
2017-07-21,0.0,3728.598,21444.130378029222,19000.0,2444.130378029222,0.1286384409489063,1.074813220619037,0.0,-0.005145836957600514,1.0803726420886774,-0.005145836957600514
2017-07-24,0.0,3743.469,21529.657340939055,19000.0,2529.657340939055,0.13313986004942402,1.0790999652355995,0.0,0.003988362381785349,1.0803726420886774,-0.0011779980383597177
2017-07-25,0.0,3719.559,21392.144753811488,19000.0,2392.144753811488,0.1259023554637626,1.0722076201490547,0.0,-0.00638712381483586,1.0803726420886774,-0.007557597833870888
2017-07-26,0.0,3705.388,21310.643671746042,19000.0,2310.643671746042,0.12161282482873914,1.068122658952006,0.0,-0.0038098602549390126,1.0803726420886774,-0.011338664697199796
2017-07-27,0.0,3712.195,21349.792487328534,19000.0,2349.7924873285338,0.12367328880676487,1.0700848585757665,0.0,0.0018370545810586503,1.0803726420886774,-0.009522439862066134
2017-07-28,0.0,3721.891,21405.556688281646,19000.0,2405.5566882816456,0.1266082467516656,1.0728798471980643,0.0,0.0026119317546626775,1.0803726420886774,-0.006935380070461017
2017-07-31,0.0,3737.873,21497.473299217356,19000.0,2497.473299217356,0.13144596311670287,1.0774868509275985,0.0,0.00429405374848435,1.0803726420886774,-0.002671107216765334
2017-08-01,1000.0,3770.383,22684.446708147392,20000.0,2684.446708147392,0.13422233540736972,1.0868582494538876,0.0,0.008697459758530979,1.0868582494538876,0.0
2017-08-02,0.0,3760.853,22627.109621403517,20000.0,2627.109621403517,0.1313554810701758,1.0841111123282174,0.0,-0.0025275946767212565,1.0868582494538876,-0.0025275946767212565
2017-08-03,0.0,3727.826,22428.40322435314,20000.0,2428.40322435314,0.12142016121765709,1.0745906823335158,0.0,-0.008781784345200272,1.0868582494538876,-0.011287182230558468
2017-08-04,0.0,3707.58,22306.593501560215,20000.0,2306.5935015602154,0.11532967507801084,1.068754529317113,0.0,-0.005431047479147466,1.0868582494538876,-0.016656928487105982
2017-08-07,0.0,3726.795,22422.200229974027,20000.0,2422.200229974027,0.12111001149870138,1.0742934841827743,0.0,0.005182625863771051,1.0868582494538876,-0.011560629251723298
2017-08-08,0.0,3732.213,22454.797537002185,20000.0,2454.797537002185,0.12273987685010934,1.0758552878498133,0.0,0.0014537960902063496,1.0868582494538876,-0.010123639959123465
2017-08-09,0.0,3731.044,22447.764267914714,20000.0,2447.764267914714,0.12238821339573569,1.0755183095392247,0.0,-0.00031321899366421047,1.0868582494538876,-0.010433688036467492
2017-08-10,0.0,3715.921,22356.776989548744,20000.0,2356.7769895487436,0.11783884947743717,1.0711589228916372,0.0,-0.00405328910621261,1.0868582494538876,-0.014444686388624173
2017-08-11,0.0,3647.35,21944.220706745546,20000.0,1944.2207067455456,0.09721103533727726,1.0513925073780666,0.0,-0.01845329865731815,1.0868582494538876,-0.032631432934001725
2017-08-14,0.0,3694.683,22228.998915229073,20000.0,2228.9989152290727,0.11144994576145373,1.0650368139435802,0.0,0.01297736712955988,1.0868582494538876,-0.020077535889590048
2017-08-15,0.0,3706.057,22297.430397351305,20000.0,2297.430397351305,0.11487151986756516,1.068315506248656,0.0,0.0030784779100128112,1.0868582494538876,-0.017060866230300786
2017-08-16,0.0,3701.421,22269.537980337176,20000.0,2269.537980337176,0.11347689901685887,1.066979123487417,0.0,-0.0012509251746533057,1.0868582494538876,-0.018290449537885167
2017-08-17,0.0,3721.277,22389.001274606482,20000.0,2389.001274606482,0.11945006373032419,1.0727028543129478,0.0,0.0053644262568350864,1.0868582494538876,-0.013024141048800564
2017-08-18,0.0,3724.675,22409.445285178957,20000.0,2409.4452851789574,0.12047226425894797,1.0736823686836747,0.0,0.0009131274022331493,1.0868582494538876,-0.012122906346649476
2017-08-21,0.0,3740.994,22507.62827768403,20000.0,2507.6282776840308,0.12538141388420154,1.0783865167166033,0.0,0.004381321860296383,1.0868582494538876,-0.007794698840939973
2017-08-22,0.0,3752.298,22575.63860596869,20000.0,2575.6386059686884,0.12878193029843432,1.0816450306797276,0.0,0.0030216568109970865,1.0868582494538876,-0.004796594934785237
2017-08-23,0.0,3756.088,22598.441078031577,20000.0,2598.4410780315775,0.12992205390157885,1.0827375437653826,0.0,0.0010100477094305838,1.0868582494538876,-0.003791392015081607
2017-08-24,0.0,3734.646,22469.435641099546,20000.0,2469.435641099546,0.12347178205497733,1.0765566293636386,0.0,-0.0057085989465636144,1.0868582494538876,-0.009478347425181943
2017-08-25,0.0,3795.754,22837.09090833406,20000.0,2837.0909083340593,0.14185454541670306,1.0941717453631612,0.0,0.016362461127507055,1.0941717453631612,0.0
2017-08-28,0.0,3842.712,23119.612935544872,20000.0,3119.612935544872,0.15598064677724355,1.1077079536682208,0.0,0.012371191599877207,1.1077079536682208,0.0
2017-08-29,0.0,3834.538,23070.434200283125,20000.0,3070.4342002831254,0.15352171001415638,1.1053516998523523,0.0,-0.0021271435382094195,1.1077079536682208,-0.0021271435382094195
2017-08-30,0.0,3834.301,23069.00829371877,20000.0,3069.008293718769,0.15345041468593834,1.1052833817517453,0.0,-6.180666354071995e-05,1.1077079536682208,-0.0021888187301052353
2017-08-31,0.0,3822.093,22995.559064446024,20000.0,2995.5590644460244,0.14977795322230114,1.1017642789154198,0.0,-0.0031838919271075516,1.1077079536682208,-0.0053657416949280945
2017-09-01,1000.0,3830.538,24046.368266707523,21000.0,3046.3682667075227,0.1450651555575011,1.1041986517408433,0.0,0.0022095223742595316,1.1077079536682208,-0.003168075046998009
2017-09-04,0.0,3845.616,24141.021065015597,21000.0,3141.021065015597,0.1495724316674094,1.1085450665971763,0.0,0.00393626169483241,1.1085450665971763,0.0
2017-09-05,0.0,3857.046,24212.773385261073,21000.0,3212.7733852610727,0.15298920882195577,1.1118399015758131,0.0,0.0029722156346343453,1.1118399015758131,0.0
2017-09-06,0.0,3849.45,24165.089166137306,21000.0,3165.089166137306,0.15071853172082417,1.1096502632120577,0.0,-0.001969382786723206,1.1118399015758131,-0.001969382786723206
2017-09-07,0.0,3829.871,24042.18114530737,21000.0,3042.1811453073715,0.14486576882416058,1.1040063809682492,0.0,-0.005086181142760604,1.1118399015758131,-0.007045547291891108
2017-09-08,0.0,3825.99,24017.817999649214,21000.0,3017.8179996492145,0.14370561903091494,1.1028876360380575,0.0,-0.001013350058004625,1.1118399015758131,-0.008051757744138799
2017-09-11,0.0,3825.645,24015.652247200862,21000.0,3015.652247200862,0.14360248796194575,1.1027881856384398,0.0,-9.017273960465477e-05,1.1118399015758131,-0.008141204434689131
2017-09-12,0.0,3837.934,24092.796977165577,21000.0,3092.796977165577,0.14727604653169424,1.1063306376990234,0.0,0.003212268780820038,1.1118399015758131,-0.00495508739071282
2017-09-13,0.0,3842.606,24122.125659596622,21000.0,3122.1256595966224,0.14867265045698197,1.107677397893266,0.0,0.0012173216110542562,1.1118399015758131,-0.0037437977146239643
2017-09-14,0.0,3829.955,24042.708458946967,21000.0,3042.708458946967,0.14489087899747455,1.104030594978591,0.0,-0.0032922969463952123,1.1118399015758131,-0.007023768967235333
2017-09-15,0.0,3831.297,24051.1329220939,21000.0,3051.1329220939006,0.14529204390923334,1.1044174426200022,0.0,0.00035039576183004684,1.1118399015758131,-0.006675834304283423
2017-09-18,0.0,3843.143,24125.49670036406,21000.0,3125.4967003640595,0.14883317620781233,1.107832194602236,0.0,0.0030919033423928433,1.1118399015758131,-0.003604571996289163
2017-09-19,0.0,3832.116,24056.274230079995,21000.0,3056.2742300799946,0.14553686809904742,1.1046535292208335,0.0,-0.0028692661189033686,1.1118399015758131,-0.006463495638890482
2017-09-20,0.0,3842.435,24121.052199687438,21000.0,3121.0521996874377,0.14862153331844952,1.107628105086499,0.0,0.002692768172988691,1.1118399015758131,-0.0037881321612445173
2017-09-21,0.0,3837.818,24092.06878213946,21000.0,3092.0687821394604,0.14724137057806952,1.1062971993037898,0.0,-0.001201581809451402,1.1118399015758131,-0.0049851622199992285
2017-09-22,0.0,3837.73,24091.516358326546,21000.0,3091.5163583265457,0.14721506468221657,1.1062718322453364,0.0,-2.2929695988826992e-05,1.1118399015758131,-0.00500797760773386
2017-09-25,0.0,3817.792,23966.354699441654,21000.0,2966.354699441654,0.1412549856876979,1.1005244639335199,0.0,-0.0051952586555072955,1.1118399015758131,-0.010177218524228038
2017-09-26,0.0,3820.782,23985.12455399406,21000.0,2985.124553994061,0.14214878828543154,1.101386367396873,0.0,0.000783175196553465,1.1118399015758131,-0.009402013872792714
2017-09-27,0.0,3821.2,23987.7485671054,21000.0,2987.7485671053983,0.14227374129073334,1.1015068609245255,0.0,0.00010940168792661353,1.1118399015758131,-0.009293640781053547
2017-09-28,0.0,3822.539,23996.154197622345,21000.0,2996.1541976223452,0.14267400941058783,1.1018928437798532,0.0,0.0003504134826757266,1.1118399015758131,-0.008946483915410752
2017-09-29,0.0,3836.501,24083.801257575746,21000.0,3083.8012575757457,0.14684767893217843,1.1059175582130754,0.0,0.0036525461218317457,1.1118399015758131,-0.005326615238708365
2017-10-09,1000.0,3882.208,25370.728930494377,22000.0,3370.728930494377,0.15321495138610808,1.1190931507212605,0.0,0.011913720340487322,1.1190931507212605,0.0
2017-10-10,0.0,3889.864,25420.761875841938,22000.0,3420.7618758419376,0.15548917617463354,1.1213000848066887,0.0,0.001972073624082027,1.1213000848066887,0.0
2017-10-11,0.0,3902.687,25504.56183119614,22000.0,3504.5618311961407,0.15929826505436995,1.1249964687901586,0.0,0.00329651627923222,1.1249964687901586,0.0
2017-10-12,0.0,3912.954,25571.657997586346,22000.0,3571.657997586346,0.16234809079937929,1.1279560550303742,0.0,0.0026307515821790695,1.1279560550303742,0.0
2017-10-13,0.0,3921.002,25624.252713385347,22000.0,3624.2527133853473,0.16473875969933394,1.1302759878307302,0.0,0.0020567581423138748,1.1302759878307302,0.0
2017-10-16,0.0,3913.446,25574.873280908054,22000.0,3574.873280908054,0.16249424004127522,1.1280978799480899,0.0,-0.0019270584406739788,1.1302759878307302,-0.0019270584406739788
2017-10-17,0.0,3913.069,25572.40953738715,22000.0,3572.4095373871496,0.16238225169941578,1.12798920516358,0.0,-9.633453483204324e-05,1.1302759878307302,-0.0020232073332275835
2017-10-18,0.0,3944.163,25775.612829267648,22000.0,3775.6128292676476,0.17161876496671136,1.136952424658395,0.0,0.007946192617610315,1.136952424658395,0.0
2017-10-19,0.0,3931.25,25691.224712330204,22000.0,3691.224712330204,0.16778294146955464,1.1332300970924163,0.0,-0.003273951913244866,1.136952424658395,-0.003273951913244866
2017-10-20,0.0,3926.852,25662.483216295906,22000.0,3662.4832162959065,0.1664765098316321,1.131962320693812,0.0,-0.0011187281399046567,1.136952424658395,-0.004389017391015604
2017-10-23,0.0,3930.798,25688.2708341566,22000.0,3688.2708341565994,0.16764867427984553,1.1330998026558157,0.0,0.0010048761705305775,1.136952424658395,-0.0033885516394733806
2017-10-24,0.0,3959.395,25875.155909666555,22000.0,3875.155909666555,0.17614345043938884,1.1413432318670214,0.0,0.00727511309408424,1.1413432318670214,0.0
2017-10-25,0.0,3976.949,25989.87355891304,22000.0,3989.873558913041,0.18135788904150196,1.1464033835043785,0.0,0.004433505623965273,1.1464033835043785,0.0
2017-10-26,0.0,3993.575,26098.526608723456,22000.0,4098.526608723456,0.18629666403288425,1.1511960279798654,0.0,0.00418059170484697,1.1511960279798654,0.0
2017-10-27,0.0,4021.968,26284.07851797807,22000.0,4284.078517978069,0.19473084172627586,1.1593806517373841,0.0,0.007109669907288785,1.1593806517373841,0.0
2017-10-30,0.0,4009.722,26204.0493318853,22000.0,4204.0493318853005,0.19109315144933192,1.1558505949439994,0.0,-0.0030447780787912215,1.1593806517373841,-0.0030447780787912215
2017-10-31,0.0,4006.718,26184.41780526251,22000.0,4184.41780526251,0.19020080933011418,1.154984655812256,0.0,-0.000749179120148602,1.1593806517373841,-0.003791676114777709
2017-11-01,1000.0,3996.622,27118.43914588046,23000.0,4118.43914588046,0.17906257156002003,1.1520743623788074,0.0,-0.0025197680495607777,1.1593806517373841,-0.006301890020010137
2017-11-02,0.0,3997.134,27121.91323996359,23000.0,4121.913239963589,0.1792136191288518,1.1522219525370807,0.0,0.0001281081873643064,1.1593806517373841,-0.006174589156353272
2017-11-03,0.0,3992.698,27091.813471696503,23000.0,4091.8134716965033,0.17790493355202197,1.150943222181417,0.0,-0.0011097951682381701,1.1593806517373841,-0.007277531795379821
2017-11-06,0.0,4020.89,27283.105777148623,23000.0,4283.105777148623,0.18622199031080977,1.1590699052713325,0.0,0.007060889654063596,1.1593806517373841,-0.0002680279902773641
2017-11-07,0.0,4054.247,27509.444363732277,23000.0,4509.4443637322765,0.19606279842314245,1.1686854617352336,0.0,0.008295924534120536,1.1686854617352336,0.0
2017-11-08,0.0,4048.006,27467.097056754174,23000.0,4467.0970567541735,0.1942216111632249,1.1668864184192518,0.0,-0.0015393734027551176,1.1686854617352336,-0.0015393734027551176
2017-11-09,0.0,4075.9,27656.367330884477,23000.0,4656.367330884477,0.20245075351671638,1.1749271994248598,0.0,0.006890800063043434,1.1749271994248598,0.0
2017-11-10,0.0,4111.911,27900.714209844333,23000.0,4900.714209844333,0.21307453086279704,1.1853078033107471,0.0,0.008835103903432229,1.1853078033107471,0.0
2017-11-13,0.0,4128.073,28010.37887502301,23000.0,5010.378875023009,0.2178425597836091,1.1899666942052993,0.0,0.003930532543141352,1.1899666942052993,0.0
2017-11-14,0.0,4099.351,27815.49033936765,23000.0,4815.49033936765,0.2093691451898978,1.181687232240609,0.0,-0.006957725796031378,1.1899666942052993,-0.006957725796031378
2017-11-15,0.0,4073.67,27641.236022670862,23000.0,4641.236022670862,0.2017928705509071,1.1742843751026935,0.0,-0.006264650184870657,1.1899666942052993,-0.013178788262707686
2017-11-16,0.0,4105.012,27853.90214914221,23000.0,4853.90214914221,0.21103922387574836,1.183319083580422,0.0,0.007693799448654337,1.1899666942052993,-0.0055863837679229755
2017-11-17,0.0,4120.851,27961.375149498912,23000.0,4961.375149498912,0.21571196302169193,1.1878848658399697,0.0,0.003858454006955503,1.1899666942052993,-0.0017494845658012625
2017-11-20,0.0,4143.833,28117.315833519224,23000.0,5117.315833519224,0.22249199276170528,1.1945097037646444,0.0,0.005577003390804469,1.1945097037646444,0.0
2017-11-21,0.0,4217.702,28618.542114430216,23000.0,5618.542114430216,0.24428443975783543,1.2158033315019088,0.0,0.017826249272111294,1.2158033315019088,0.0
2017-11-22,0.0,4227.567,28685.479493590443,23000.0,5685.479493590443,0.24719476059088885,1.2186470364069177,0.0,0.002338951400549405,1.2186470364069177,0.0
2017-11-23,0.0,4102.397,27836.158485026248,23000.0,4836.158485026248,0.21026776021853255,1.182565278377523,0.0,-0.029608046424811407,1.2186470364069177,-0.029608046424811407
2017-11-24,0.0,4104.203,27848.412809077276,23000.0,4848.412809077276,0.21080055691640331,1.1830858795998693,0.0,0.0004402304311359462,1.2186470364069177,-0.029180850356718246
2017-11-27,0.0,4049.948,27480.27418704603,23000.0,4480.27418704603,0.19479452987156654,1.1674462232773894,0.0,-0.013219375357408025,1.2186470364069177,-0.042014473100012384
2017-11-28,0.0,4055.824,27520.144844921906,23000.0,4520.144844921906,0.19652803673573493,1.1691400509531962,0.0,0.001450882826149913,1.2186470364069177,-0.040624548351333
2017-11-29,0.0,4053.753,27506.092405769265,23000.0,4506.092405769265,0.19591706112040286,1.1685430602934623,0.0,-0.0005106237351523157,1.2186470364069177,-0.04111442822786726
2017-11-30,0.0,4006.099,27182.743813118323,23000.0,4182.743813118323,0.18185842665731844,1.154806221617,0.0,-0.011755526298716346,1.2186470364069177,-0.05238663278429423
2017-12-01,1000.0,3998.137,28128.718935989713,24000.0,4128.718935989713,0.17202995566623813,1.1525110793510416,0.0,-0.001987469605718606,1.2186470364069177,-0.054269985549608046
2017-12-04,0.0,4018.857,28274.493594625397,24000.0,4274.493594625397,0.17810389977605823,1.158483868568658,0.0,0.00518241370918493,1.2186470364069177,-0.04936882135753262
2017-12-05,0.0,4040.17,28424.440278964317,24000.0,4424.440278964317,0.18435167829017995,1.1646275971688058,0.0,0.005303249157658563,1.2186470364069177,-0.04432738736015296
2017-12-06,0.0,4015.821,28253.13394869789,24000.0,4253.13394869789,0.17721391452907875,1.1576087050520227,0.0,-0.006026726598138299,1.2186470364069177,-0.05008696491386189
2017-12-07,0.0,3971.057,27938.198774027627,24000.0,3938.198774027627,0.16409161558448448,1.1447049436361256,0.0,-0.01114691117955724,1.2186470364069177,-0.06067556114427064
2017-12-08,0.0,4003.379,28165.5987989515,24000.0,4165.5987989515015,0.17356661662297923,1.154022148901174,0.0,0.008139394624655294,1.2186470364069177,-0.05303002885584085
2017-12-11,0.0,4069.5,28630.790218046586,24000.0,4630.790218046586,0.19294959241860776,1.1730823224464453,0.0,0.016516297857384954,1.2186470364069177,-0.037389590750424584
2017-12-12,0.0,4016.016,28254.505862714974,24000.0,4254.505862714974,0.17727107761312388,1.1576649161474588,0.0,-0.013142646516771106,1.2186470364069177,-0.05004083909255608
2017-12-13,0.0,4050.093,28494.25311379259,24000.0,4494.253113792591,0.1872605464080246,1.1674880212714316,0.0,0.008485274959063815,1.2186470364069177,-0.04198017441237489
2017-12-14,0.0,4026.152,28325.817249777298,24000.0,4325.817249777298,0.18024238540738735,1.1605867400620224,0.0,-0.005911222285512996,1.2186470364069177,-0.047643242555351684
2017-12-15,0.0,3980.856,28007.13921225017,24000.0,4007.139212250171,0.16696413384375708,1.147529623247295,0.0,-0.011250444593249198,1.2186470364069177,-0.0583576794879892
2017-12-18,0.0,3985.291,28038.341461818185,24000.0,4038.341461818185,0.16826422757575776,1.1488080653409305,0.0,0.0011140819964350346,1.2186470364069177,-0.057308612731625574
2017-12-19,0.0,4035.329,28390.38163405817,24000.0,4390.381634058169,0.18293256808575697,1.1632321206918521,0.0,0.012555670338753266,1.2186470364069177,-0.045472490441901936
2017-12-20,0.0,4030.49,28356.337060065016,24000.0,4356.337060065016,0.18151404416937567,1.161837220738954,0.0,-0.001199158730304406,1.2186470364069177,-0.04661712043830413
2017-12-21,0.0,4067.849,28619.17467936862,24000.0,4619.174679368622,0.19246561164035914,1.1726064018384201,0.0,0.00926909631335171,1.2186470364069177,-0.037780122704146324
2017-12-22,0.0,4054.598,28525.94784531546,24000.0,4525.947845315459,0.18858116022147753,1.1687866417070185,0.0,-0.003257495546172162,1.2186470364069177,-0.040914549668875866
2017-12-25,0.0,4041.54,28434.078854366384,24000.0,4434.078854366384,0.18475328559859938,1.1650225161469976,0.0,-0.003220541222582307,1.2186470364069177,-0.04400332389764616
2017-12-26,0.0,4053.622,28519.081239773546,24000.0,4519.081239773546,0.18829505165723104,1.1685052979678103,0.0,0.002989454514862988,1.2186470364069177,-0.041145415318077916
2017-12-27,0.0,3991.208,28079.97025791603,24000.0,4079.9702579160294,0.16999876074650122,1.15051371175988,0.0,-0.015397094252991517,1.2186470364069177,-0.055908989733338466
2017-12-28,0.0,4018.897,28274.77501288531,24000.0,4274.775012885311,0.17811562553688787,1.158495399049773,0.0,0.006937498621971017,1.2186470364069177,-0.049359359650598233
2017-12-29,0.0,4030.855,28358.905001686737,24000.0,4358.905001686737,0.18162104173694726,1.1619424363791293,0.0,0.0029754432621689197,1.2186470364069177,-0.046530782362526724
2018-01-02,1000.0,4087.401,29756.7319248148,25000.0,4756.7319248148015,0.190269276992592,1.1782425010074757,0.0,0.01402828928353883,1.2186470364069177,-0.033155240354558746
2018-01-03,0.0,4111.393,29931.396341724267,25000.0,4931.396341724267,0.19725585366897058,1.1851584835803066,0.0,0.005869744612774674,1.2186470364069177,-0.02748010853524041
2018-01-04,0.0,4128.812,30058.208590730017,25000.0,5058.208590730017,0.2023283436292007,1.1901797198439004,0.0,0.004236763549483102,1.2186470364069177,-0.02335977170793513
2018-01-05,0.0,4138.751,30130.565611389535,25000.0,5130.565611389535,0.20522262445558148,1.1930447561389723,0.0,0.0024072299731738855,1.2186470364069177,-0.021008774077383108
2018-01-08,0.0,4160.16,30286.425502253765,25000.0,5286.425502253765,0.21145702009015066,1.1992161578937963,0.0,0.005172816629944732,1.2186470364069177,-0.015944631983360602
2018-01-09,0.0,4189.298,30498.55336903886,25000.0,5498.553369038858,0.21994213476155444,1.2076155368620833,0.0,0.0070040575362484425,1.2186470364069177,-0.009052251566917913
2018-01-10,0.0,4207.813,30633.34461941727,25000.0,5633.344619417268,0.22533378477669075,1.2129527083082305,0.0,0.0044195948820064945,1.2186470364069177,-0.004672663969607194
2018-01-11,0.0,4205.586,30617.131812796004,25000.0,5617.131812796004,0.22468527251184023,1.212310748772148,0.0,-0.0005292535576080226,1.2186470364069177,-0.005199444503185879
2018-01-12,0.0,4225.001,30758.475162841736,25000.0,5758.475162841736,0.23033900651366945,1.2179073560433846,0.0,0.00461647913037555,1.2186470364069177,-0.00060696849984887
2018-01-15,0.0,4225.239,30760.207829198203,25000.0,5760.207829198203,0.2304083131679282,1.2179759624060194,0.0,5.633134761384717e-05,1.2186470364069177,-0.0005506713435885491
2018-01-16,0.0,4258.473,31002.15502958038,25000.0,6002.155029580379,0.24008620118321522,1.2275560626404918,0.0,0.007865590561859426,1.2275560626404918,0.0
2018-01-17,0.0,4248.116,30926.754922630924,25000.0,5926.754922630924,0.2370701969052369,1.2245705328177672,0.0,-0.002432092442525735,1.2275560626404918,-0.002432092442525735
2018-01-18,0.0,4271.417,31096.388783018032,25000.0,6096.388783018032,0.24385555132072123,1.231287326329335,0.0,0.00548501971226778,1.231287326329335,0.0
2018-01-19,0.0,4285.395,31198.150170962366,25000.0,6198.150170962366,0.24792600683849475,1.235316652955003,0.0,0.0032724503367382862,1.235316652955003,0.0
2018-01-22,0.0,4336.597,31570.906401147353,25000.0,6570.906401147353,0.2628362560458941,1.2500762453063736,0.0,0.011948023461081148,1.2500762453063736,0.0
2018-01-23,0.0,4382.613,31905.907977027062,25000.0,6905.907977027062,0.27623631908108237,1.263340910781173,0.0,0.010611085143489296,1.263340910781173,0.0
2018-01-24,0.0,4389.885,31958.848942339067,25000.0,6958.848942339067,0.27835395769356275,1.2654371522478962,0.0,0.0016592840846316737,1.2654371522478962,0.0
2018-01-25,0.0,4365.079,31778.258515286037,25000.0,6778.258515286037,0.2711303406114416,1.2582865243843733,0.0,-0.005650717501711311,1.2654371522478962,-0.005650717501711311
2018-01-26,0.0,4381.3,31896.349191623503,25000.0,6896.349191623503,0.2758539676649401,1.26296242273857,0.0,0.0037160839471634954,1.2654371522478962,-0.0019556320951460426
2018-01-29,0.0,4302.018,31319.1674518179,25000.0,6319.167451817899,0.2527666980727159,1.2401084326444063,0.0,-0.018095542418916866,1.2654371522478962,-0.020015786290529358
2018-01-30,0.0,4256.102,30984.893887012342,25000.0,5984.893887012342,0.23939575548049374,1.2268725933723947,0.0,-0.010673130609867298,1.2654371522478962,-0.03047528579905856
2018-01-31,0.0,4275.899,31129.01823936132,25000.0,6129.018239361321,0.2451607295744529,1.2325793167382808,0.0,0.004651439274716784,1.2654371522478962,-0.02596560046561569
2018-02-01,1000.0,4245.898,31910.607637006335,26000.0,5910.607637006335,0.22733106296178218,1.2239311676399354,0.0,-0.007016302302743971,1.2654371522478962,-0.03279972026602074
2018-02-02,0.0,4271.233,32101.016178258044,26000.0,6101.0161782580435,0.23465446839454018,1.2312342861162056,0.0,0.0059669356164469,1.2654371522478962,-0.02702849846863864
2018-02-05,0.0,4274.146,32122.909214795094,26000.0,6122.909214795094,0.23549650826134982,1.2320739934034117,0.0,0.0006820044703716999,1.2654371522478962,-0.026364927555049933
2018-02-06,0.0,4148.886,31181.50112806965,26000.0,5181.501128069649,0.19928850492575578,1.1959662917915084,0.0,-0.029306439227859582,1.2654371522478962,-0.05489870463577051
2018-02-07,0.0,4050.497,30442.045593622654,26000.0,4442.0455936226535,0.17084790744702505,1.167604479130694,0.0,-0.02371455855861071,1.2654371522478962,-0.07731136464850441
2018-02-08,0.0,4012.047,30153.069536345043,26000.0,4153.069536345043,0.15973344370557863,1.156520804158814,0.0,-0.009492662258483442,1.2654371522478962,-0.08607013623363713
2018-02-09,0.0,3840.653,28864.93527467953,26000.0,2864.9352746795303,0.11018981825690499,1.1071144221528215,0.0,-0.04271983852631844,1.2654371522478962,-0.1251130724381163
2018-02-12,0.0,3890.105,29236.598317189088,26000.0,3236.5983171890875,0.12448455066111874,1.121369555955407,0.0,0.012875935420356921,1.2654371522478962,-0.113848084858715
2018-02-13,0.0,3935.632,29578.762503396574,26000.0,3578.762503396574,0.13764471166909908,1.1344932612985743,0.0,0.011703283073335902,1.2654371522478962,-0.10347719814983769
2018-02-14,0.0,3966.961,29814.21974392844,26000.0,3814.219743928439,0.146700759381863,1.1435242223699404,0.0,0.00796034791870781,1.2654371522478962,-0.0963405647300557
2018-02-22,0.0,4052.733,30458.85054717461,26000.0,4458.85054717461,0.17149425181440803,1.1682490330250277,0.0,0.021621588919074508,1.2654371522478962,-0.07680201189780589
2018-02-23,0.0,4071.089,30596.807491449978,26000.0,4596.8074914499775,0.17680028813269155,1.1735403708087422,0.0,0.004529289247527268,1.2654371522478962,-0.07262058117695569
2018-02-26,0.0,4118.419,30952.522362475967,26000.0,4952.522362475967,0.19048162932599877,1.1871838125881722,0.0,0.011625881920046544,1.2654371522478962,-0.06183897755863765
2018-02-27,0.0,4058.981,30505.808217028203,26000.0,4505.808217028203,0.17330031603954632,1.1700500941752046,0.0,-0.014432237225012745,1.2654371522478962,-0.07537873998977196
2018-02-28,0.0,4023.642,30240.21329145906,26000.0,4240.213291459058,0.1630851265945792,1.1598632023720505,0.0,-0.008706372362915826,1.2654371522478962,-0.08342883697408943
2018-03-01,1000.0,4049.086,31431.441036618264,27000.0,4431.441036618264,0.1641274458006765,1.1671977414093593,0.0,0.006323624219053414,1.2654371522478962,-0.0776327853690928
2018-03-02,0.0,4016.461,31178.186162846832,27000.0,4178.186162846832,0.1547476356609938,1.1577931927498641,0.0,-0.008057373935747458,1.2654371522478962,-0.08506464292344795
2018-03-05,0.0,4018.097,31190.88577889251,27000.0,4190.885778892509,0.15521799181083362,1.1582647894274714,0.0,0.00040732376089303024,1.2654371522478962,-0.08469196801282952
2018-03-06,0.0,4066.565,31567.123548147792,27000.0,4567.1235481477925,0.16915272400547376,1.1722362733946257,0.0,0.012062426566606055,1.2654371522478962,-0.07365113209115948
2018-03-07,0.0,4036.654,31334.936374833545,27000.0,4334.936374833545,0.160553199067909,1.1636140678787894,0.0,-0.007355347818121638,1.2654371522478962,-0.08046475021555233
2018-03-08,0.0,4077.6,31652.78385564412,27000.0,4652.78385564412,0.17232532798681932,1.1754172448722509,0.0,0.010143549583392364,1.2654371522478962,-0.07113739881568659
2018-03-09,0.0,4108.865,31895.481591382475,27000.0,4895.481591382475,0.18131413301416566,1.184429757173833,0.0,0.007667500490484702,1.2654371522478962,-0.06401534436551304
2018-03-12,0.0,4127.666,32041.426262088276,27000.0,5041.426262088276,0.18671949118845466,1.1898493715599532,0.0,0.004575716164926469,1.2654371522478962,-0.059732544246603236
2018-03-13,0.0,4091.253,31758.766653854127,27000.0,4758.766653854127,0.176250616809412,1.1793528863388592,0.0,-0.008821692452829266,1.2654371522478962,-0.06802729456466394
2018-03-14,0.0,4073.345,31619.75398628328,27000.0,4619.753986283278,0.17110199949197336,1.1741906899436332,0.0,-0.004377143139278061,1.2654371522478962,-0.07210667249825464
2018-03-15,0.0,4096.163,31796.88102719413,27000.0,4796.881027194129,0.17766226026644927,1.1807682528957362,0.0,0.005601784282941891,1.2654371522478962,-0.06690881424000861
2018-03-16,0.0,4056.423,31488.395243786417,27000.0,4488.395243786417,0.16623686088097833,1.1693127199078945,0.0,-0.009701762356624899,1.2654371522478962,-0.07596144318131348
2018-03-19,0.0,4074.248,31626.763615433185,27000.0,4626.763615433185,0.17136161538641415,1.1744509905548064,0.0,0.004394265588179458,1.2654371522478962,-0.071900972348934
2018-03-20,0.0,4077.704,31653.591166199592,27000.0,4653.591166199592,0.17235522837776274,1.1754472241231502,0.0,0.0008482546963268778,1.2654371522478962,-0.07111370799007266
2018-03-21,0.0,4061.05,31524.312800903368,27000.0,4524.312800903368,0.16756714077419876,1.1706465083108826,0.0,-0.0040841610867291545,1.2654371522478962,-0.07490742923789584
2018-03-22,0.0,4020.349,31208.367157459044,27000.0,4208.367157459044,0.15586545027626086,1.158913955514251,0.0,-0.010022284877063803,1.2654371522478962,-0.08417897051972889
2018-03-23,0.0,3904.936,30312.46203112702,27000.0,3312.462031127019,0.12268377893063032,1.1256447700908545,0.0,-0.028707209249744237,1.2654371522478962,-0.11046963644833518
2018-03-26,0.0,3879.893,30118.063201889996,27000.0,3118.063201889996,0.1154838222922221,1.1184258241267246,0.0,-0.006413165286191624,1.2654371522478962,-0.11617434169687824
2018-03-27,0.0,3913.269,30377.1477893841,27000.0,3377.1477893841,0.12507954775496666,1.1280468575691556,0.0,0.008602299084021103,1.2654371522478962,-0.1085714090460228
2018-03-28,0.0,3842.716,29829.47296611373,27000.0,2829.4729661137317,0.1047952950412494,1.1077091067163323,0.0,-0.0180291720298299,1.2654371522478962,-0.12464312846464098
2018-03-29,0.0,3894.05,30227.958351253434,27000.0,3227.9583512534336,0.1195540130093864,1.1225067496553829,0.0,0.013358780612462873,1.2654371522478962,-0.11294942806018837
2018-03-30,0.0,3898.498,30262.48640270279,27000.0,3262.4864027027907,0.12083282972973297,1.1237889391553808,0.0,0.0011422554923536943,1.2654371522478962,-0.1119361896723946
2018-04-02,1000.0,3886.919,31172.603239993226,28000.0,3172.6032399932265,0.11330725857118673,1.1204511531345902,0.0,-0.002970118235279373,1.2654371522478962,-0.11457384418954031
2018-04-03,0.0,3862.48,30976.60552288562,28000.0,2976.6055228856203,0.10630734010305787,1.1134063174352982,0.0,-0.006287499173510014,1.2654371522478962,-0.12014096041240263
2018-04-04,0.0,3854.863,30915.51813750943,28000.0,2915.518137509429,0.104125647768194,1.1112106255689571,0.0,-0.0019720490462087348,1.2654371522478962,-0.12187608559221952
2018-04-09,0.0,3852.929,30900.007699893893,28000.0,2900.007699893893,0.10357170356763912,1.1106531268070428,0.0,-0.0005017039516058697,1.2654371522478962,-0.12231664383007745
2018-04-10,0.0,3927.173,31495.435275037613,28000.0,3495.435275037613,0.12483697410848626,1.1320548528047607,0.0,0.01926949601199479,1.2654371522478962,-0.1054041278985669
2018-04-11,0.0,3938.343,31585.017275123213,28000.0,3585.017275123213,0.1280363312544004,1.1352747396561496,0.0,0.0028442851893715204,1.2654371522478962,-0.10285964210907583
2018-04-12,0.0,3898.635,31266.56409164971,28000.0,3266.5640916497105,0.11666300327320389,1.1238284310532,0.0,-0.010082412831995513,1.2654371522478962,-0.11190498156557627
2018-04-13,0.0,3871.144,31046.08971704333,28000.0,3046.089717043331,0.10878891846583327,1.1159038196448265,0.0,-0.007051442363801841,1.2654371522478962,-0.11816733240164612
2018-04-16,0.0,3808.863,30546.60390260006,28000.0,2546.6039026000617,0.09095013937857366,1.0979505722866039,0.0,-0.01608852576912667,1.2654371522478962,-0.13235471999836002
2018-04-17,0.0,3748.641,30063.631010106325,28000.0,2063.6310101063245,0.07370110750379721,1.0805908564437807,0.0,-0.015811017618643453,1.2654371522478962,-0.14607307480719878
2018-04-18,0.0,3766.282,30205.109619194067,28000.0,2205.109619194067,0.07875391497121664,1.085676086877563,0.0,0.0047059721109594665,1.2654371522478962,-0.142054518512444
2018-04-19,0.0,3811.843,30570.50312912245,28000.0,2570.5031291224514,0.09180368318294474,1.0988095931296782,0.0,0.012097076108480431,1.2654371522478962,-0.1316758867259621
2018-04-20,0.0,3760.854,30161.577739474757,28000.0,2161.5777394747565,0.07719920498124133,1.0841114005902452,0.0,-0.013376469072834407,1.2654371522478962,-0.1432909973723686
2018-04-23,0.0,3766.326,30205.46249367963,28000.0,2205.4624936796317,0.0787665176314154,1.0856887704067897,0.0,0.0014549886807624368,1.2654371522478962,-0.14204449547083808
2018-04-24,0.0,3843.489,30824.300082990754,28000.0,2824.300082990754,0.1008678601068127,1.1079319332638815,0.0,0.020487605162166078,1.2654371522478962,-0.1244670418473377
2018-04-25,0.0,3828.702,30705.710196216736,28000.0,2705.710196216736,0.09663250700774051,1.1036694026576608,0.0,-0.003847285630321773,1.2654371522478962,-0.1278354672161115
2018-04-26,0.0,3755.494,30118.591211233146,28000.0,2118.591211233146,0.07566397182975515,1.0825663161208234,0.0,-0.01912084043103912,1.2654371522478962,-0.14451198607708393
2018-04-27,0.0,3756.877,30129.68269790444,28000.0,2129.6826979044417,0.07606009635373012,1.0829649825053775,0.0,0.00036826047385507543,1.2654371522478962,-0.14419694365569946
2018-05-02,1000.0,3763.646,31183.969229558825,29000.0,2183.9692295588247,0.07530928377789059,1.0849162281720788,0.0,0.0018017624745234606,1.2654371522478962,-0.1426549898231957
2018-05-03,0.0,3793.0,31427.183982690352,29000.0,2427.1839826903524,0.08369599940311567,1.0933778717383873,0.0,0.00779935201132087,1.2654371522478962,-0.13596825429367743
2018-05-04,0.0,3774.598,31274.71284120618,29000.0,2274.7128412061793,0.07843837383469587,1.0880732739013903,0.0,-0.0048515686791457124,1.2654371522478962,-0.1401601636489338
2018-05-07,0.0,3834.188,31768.45022415596,29000.0,2768.4502241559603,0.09546380083296424,1.1052508081425954,0.0,0.015787111634139706,1.2654371522478962,-0.12658577616497912
2018-05-08,0.0,3878.677,32137.067146962687,29000.0,3137.067146962687,0.10817472920560989,1.118075297500826,0.0,0.01160323906913252,1.2654371522478962,-0.11645134211944053
2018-05-09,0.0,3871.615,32078.55442002207,29000.0,3078.5544200220684,0.1061570489662782,1.1160395910599568,0.0,-0.001820723922100309,1.2654371522478962,-0.11806004029718331
2018-05-10,0.0,3893.057,32256.21370790945,29000.0,3256.21370790945,0.1122832313072224,1.1222205054617007,0.0,0.005538257290562232,1.2654371522478962,-0.11317562988552088
2018-05-11,0.0,3872.838,32088.687677604677,29000.0,3088.6876776046774,0.1065064716415407,1.1163921355200508,0.0,-0.005193604922815065,1.2654371522478962,-0.11778144529981993
2018-05-14,0.0,3909.293,32390.738295081337,29000.0,3390.738295081337,0.11692201017521842,1.1269007277463157,0.0,0.0094129937787224,1.2654371522478962,-0.10947712753295358
2018-05-15,0.0,3924.098,32513.406225179868,29000.0,3513.4062251798678,0.12115193879930586,1.1311684470690382,0.0,0.003787129795592037,1.2654371522478962,-0.10610460182897741
2018-05-16,0.0,3892.844,32254.448880546333,29000.0,3254.4488805463334,0.11222237519125278,1.1221591056497628,0.0,-0.007964632891431345,1.2654371522478962,-0.11322415051874934
2018-05-17,0.0,3864.051,32015.882334695132,29000.0,3015.882334695132,0.10399594257569422,1.1138591770810933,0.0,-0.007396391943782055,1.2654371522478962,-0.11978309226779293
2018-05-18,0.0,3903.064,32339.127451678178,29000.0,3339.1274516781777,0.11514232591993712,1.1251051435746682,0.0,0.010096398831174858,1.2654371522478962,-0.11089607130938517
2018-05-21,0.0,3921.242,32489.74262448001,29000.0,3489.7426244800117,0.12033595256827634,1.1303451707174208,0.0,0.004657366622735415,1.2654371522478962,-0.10675518834775855
2018-05-22,0.0,3906.208,32365.177297826765,29000.0,3365.1772978267654,0.116040596476785,1.1260114393903145,0.0,-0.0038339893329714103,1.2654371522478962,-0.11017987942736529
2018-05-23,0.0,3854.583,31937.43451556829,29000.0,2937.4345155682895,0.10129084536442368,1.1111299122011515,0.0,-0.013216142099960027,1.2654371522478962,-0.12193986858425687
2018-05-24,0.0,3827.217,31710.691484492545,29000.0,2710.691484492545,0.09347212015491535,1.103241333546263,0.0,-0.007099600657191618,1.2654371522478962,-0.12817374487030986
2018-05-25,0.0,3816.498,31621.878411697802,29000.0,2621.878411697802,0.09040960040337254,1.1001514528694467,0.0,-0.0028007296163243822,1.2654371522478962,-0.13061549448334075
2018-05-28,0.0,3833.26,31760.761211043402,29000.0,2760.761211043402,0.09519866244977249,1.1049833009807253,0.0,0.004391984484205302,1.2654371522478962,-0.126797171224303
2018-05-29,0.0,3804.009,31518.39987208277,29000.0,2518.3998720827694,0.08684137489940591,1.0965513484032878,0.0,-0.007630841633492258,1.2654371522478962,-0.13346044372460786
2018-05-30,0.0,3723.372,30850.276003163126,29000.0,1850.276003163126,0.06380262079872856,1.0733067632613504,0.0,-0.02119789937405514,1.2654371522478962,-0.15182926204217206
2018-05-31,0.0,3802.376,31504.86952896552,29000.0,2504.869528965519,0.08637481134363867,1.0960806165117645,0.0,0.021218400954833738,1.2654371522478962,-0.13383243524602573
2018-06-01,1000.0,3770.589,32241.49597313694,30000.0,2241.4959731369418,0.074716532437898,1.0869176314316304,0.0,-0.0083597729419711,1.2654371522478962,-0.14107339941706898
2018-06-04,0.0,3807.578,32557.7809605886,30000.0,2557.7809605885996,0.08525936535295342,1.0975801555807818,0.0,0.009809873205485875,1.2654371522478962,-0.13264743837253135
2018-06-05,0.0,3845.316,32880.47048602726,30000.0,2880.4704860272614,0.09601568286757534,1.1084585879888131,0.0,0.009911287437840866,1.2654371522478962,-0.12405085782429381
2018-06-06,0.0,3837.351,32812.363483268266,30000.0,2812.3634832682656,0.09374544944227559,1.106162580936771,0.0,-0.002071351223150386,1.2654371522478962,-0.12586525615135702
2018-06-07,0.0,3831.013,32758.16860775207,30000.0,2758.1686077520717,0.09193895359173565,1.104335576204085,0.0,-0.0016516602208138664,1.2654371522478962,-0.12730902973540315
2018-06-08,0.0,3779.616,32318.683909597134,30000.0,2318.6839095971336,0.07728946365323774,1.0895197727572783,0.0,-0.01341603382708434,1.2654371522478962,-0.139017081313064
2018-06-11,0.0,3779.982,32321.813496917886,30000.0,2321.8134969178864,0.0773937832305962,1.0896252766594814,0.0,9.683523405557004e-05,1.2654371522478962,-0.1389337078306151
2018-06-12,0.0,3825.953,32714.90163550342,30000.0,2714.901635503418,0.09049672118344732,1.1028769703430261,0.0,0.012161698124488307,1.2654371522478962,-0.1284616795200786
2018-06-13,0.0,3788.339,32393.2724074084,30000.0,2393.2724074084,0.07977574691361333,1.0920342824264515,0.0,-0.009831276024561686,1.2654371522478962,-0.13703001331469955
2018-06-14,0.0,3773.366,32265.241503163525,30000.0,2265.2415031635246,0.07550805010545081,1.0877181350830454,0.0,-0.003952391800206012,1.2654371522478962,-0.14044080881389842
2018-06-15,0.0,3753.434,32094.807255957967,30000.0,2094.807255957967,0.0698269085319323,1.0819724963433963,0.0,-0.0052822864254353785,1.2654371522478962,-0.14498124666135892
2018-06-19,0.0,3621.117,30963.39303322577,30000.0,963.3930332257696,0.03211310110752574,1.043830529600763,0.0,-0.03525225167140267,1.2654371522478962,-0.1751225829378218
2018-06-20,0.0,3635.444,31085.900130341666,30000.0,1085.9001303416662,0.03619667101138879,1.04796045967416,0.0,0.0039565139706889685,1.2654371522478962,-0.1718589439131094
2018-06-21,0.0,3592.965,30722.671333078724,30000.0,722.6713330787243,0.024089044435957385,1.0357153769919627,0.0,-0.011684680055585983,1.2654371522478962,-0.18153550719437983
2018-06-22,0.0,3608.905,30858.97084644701,30000.0,858.9708464470095,0.028632361548233565,1.0403102737163261,0.0,0.004436447335278926,1.2654371522478962,-0.17790443257625188
2018-06-25,0.0,3560.478,30444.881979829326,30000.0,444.88197982932616,0.014829399327644266,1.0263506084923146,0.0,-0.013418751671213425,1.2654371522478962,-0.18893592884551658
2018-06-26,0.0,3531.111,30193.771075871584,30000.0,193.7710758715839,0.006459035862386164,1.0178852175196436,0.0,-0.008248049840498983,1.2654371522478962,-0.19562562572823672
2018-06-27,0.0,3459.262,29579.405722295814,30000.0,-420.5942777041855,-0.014019809256806237,0.9971738790786916,0.0,-0.02034742040111437,1.2654371522478962,-0.21199256928142762
2018-06-28,0.0,3423.526,29273.834868485963,30000.0,-726.1651315140371,-0.024205504383801202,0.9868725472504704,0.0,-0.010330527147119906,1.2654371522478962,-0.22013310143659803
2018-06-29,0.0,3510.985,30021.677976370323,30000.0,21.67797637032345,0.0007225992123440772,1.0120836559465862,0.0,0.02554646875764921,1.2654371522478962,-0.20021025607732323
2018-07-02,1000.0,3407.964,30140.767551858782,31000.0,-859.2324481412179,-0.027717175746490907,0.9823866135726447,0.0,-0.02934247796558509,1.2654371522478962,-0.22367806901547538
2018-07-03,0.0,3409.28,30152.406539271284,31000.0,-847.5934607287163,-0.027341724539636014,0.9827659664013312,0.0,0.00038615431383659526,1.2654371522478962,-0.22337828895289968
2018-07-04,0.0,3363.747,29749.702881328067,31000.0,-1250.2971186719333,-0.0403321651184495,0.9696405314859965,0.0,-0.013355605875727594,1.2654371522478962,-0.2337505424401779
2018-07-05,0.0,3342.438,29561.241496242263,31000.0,-1438.7585037577373,-0.046411564637346414,0.9634979559339604,0.0,-0.00633489974127055,1.2654371522478962,-0.2386046559306223
2018-07-06,0.0,3365.123,29761.87252166211,31000.0,-1238.1274783378904,-0.03993959607541586,0.9700371800363556,0.0,0.0067869620917426765,1.2654371522478962,-0.23343709459359419
2018-07-09,0.0,3459.184,30593.768262548863,31000.0,-406.2317374511367,-0.013104249595197959,0.9971513946405172,0.0,0.027951727173122665,1.2654371522478962,-0.21201033740063802
2018-07-10,0.0,3467.516,30667.458264920395,31000.0,-332.54173507960513,-0.010727152744503421,0.9995531938567903,0.0,0.002408660539595431,1.2654371522478962,-0.21011233779472582
2018-07-11,0.0,3407.53,30136.92916239296,31000.0,-863.0708376070397,-0.027840994761517357,0.9822615078525461,0.0,-0.01729941548935887,1.2654371522478962,-0.22377693265313325
2018-07-12,0.0,3481.056,30787.208940881806,31000.0,-212.79105911819352,-0.006864227713490156,1.0034562617142482,0.0,0.0215775062875454,1.2654371522478962,-0.20702797453691846
2018-07-13,0.0,3492.69,30890.10254236889,31000.0,-109.89745763110841,-0.003545079278422847,1.0068099021465722,0.0,0.003342089297041051,1.2654371522478962,-0.20437779121776534
2018-07-16,0.0,3472.086,30707.876329111208,31000.0,-292.1236708887918,-0.009423344222219132,1.0008705513241893,0.0,-0.005899177997474858,1.2654371522478962,-0.20907130824611575
2018-07-17,0.0,3449.377,30507.033042522748,31000.0,-492.96695747725244,-0.015902159918621095,0.994324408933125,0.0,-0.0065404485948792335,1.2654371522478962,-0.21424433669674714
2018-07-18,0.0,3431.323,30347.35957843062,31000.0,-652.6404215693801,-0.02105291682481869,0.9891201262818292,0.0,-0.005233988630410691,1.2654371522478962,-0.2183569729047572
2018-07-19,0.0,3428.343,30321.00381666068,31000.0,-678.9961833393209,-0.02190310268836515,0.988261105438755,0.0,-0.0008684696835593586,1.2654371522478962,-0.219035806177155
2018-07-20,0.0,3492.894,30891.906762302133,31000.0,-108.09323769786715,-0.0034868786354150805,1.006868707600259,0.0,0.018828629457437573,1.2654371522478962,-0.20433132075213822
2018-07-23,0.0,3525.75,31182.492302138788,31000.0,182.49230213878764,0.005886848456089888,1.0163398447881937,0.0,0.00940652650781848,1.2654371522478962,-0.19684684222935234
2018-07-24,0.0,3581.706,31677.379216769285,31000.0,677.3792167692845,0.021850942476428603,1.032469834820093,0.0,0.01587066581578389,1.2654371522478962,-0.1841002668634827
2018-07-25,0.0,3577.752,31642.409189239635,31000.0,642.4091892396355,0.020722877072246293,1.0313300467618662,0.0,-0.001103943204718738,1.2654371522478962,-0.18500097382961056
2018-07-26,0.0,3536.246,31275.32118654728,31000.0,275.3211865472804,0.008881328598299376,1.0193654430327934,0.0,-0.01160113948647079,1.2654371522478962,-0.1944558912135511
2018-07-27,0.0,3521.227,31142.489916069844,31000.0,142.48991606984418,0.004596448905478834,1.015036035636105,0.0,-0.004247159275683976,1.2654371522478962,-0.19787716534715605
2018-07-30,0.0,3515.079,31088.11568004246,31000.0,88.11568004246146,0.0028424412916923103,1.0132638006887158,0.0,-0.0017459822953759252,1.2654371522478962,-0.19927765761517668
2018-07-31,0.0,3517.657,31110.916067238068,31000.0,110.91606723806763,0.003577937652840868,1.0140069401965832,0.0,0.000733411681501206,1.2654371522478962,-0.19869039849563264
2018-08-01,1000.0,3447.388,31489.441898173616,32000.0,-510.5581018263838,-0.01595494068207448,0.9937510557596771,0.0,-0.019976080669604768,1.2654371522478962,-0.2146974237366127
2018-08-02,0.0,3370.958,30791.30810984535,32000.0,-1208.6918901546487,-0.037771621567332825,0.9717191889690194,0.0,-0.02217040843676421,1.2654371522478962,-0.2321079025988152
2018-08-03,0.0,3315.284,30282.76564574241,32000.0,-1717.234354257591,-0.05366357357054974,0.9556704888289818,0.0,-0.016515779787229623,1.2654371522478962,-0.244790239379847
2018-08-06,0.0,3273.273,29899.024986558074,32000.0,-2100.9750134419264,-0.06565546917006015,0.9435603127758309,0.0,-0.012671915890162033,1.2654371522478962,-0.2543601939458551
2018-08-07,0.0,3368.87,30772.23571222623,32000.0,-1227.7642877737708,-0.038367633992930306,0.9711172978548117,0.0,0.029205324456591297,1.2654371522478962,-0.232583541482294
2018-08-08,0.0,3314.508,30275.677436665566,32000.0,-1724.3225633344337,-0.05388508010420101,0.9554467974953489,0.0,-0.01613656804803998,1.2654371522478962,-0.24496700938635074
2018-08-09,0.0,3397.53,31034.02446498677,32000.0,-965.9755350132291,-0.030186735469163395,0.9793788875737736,0.0,0.025048061431742097,1.2654371522478962,-0.2260548966544681
2018-08-10,0.0,3405.019,31102.431163152283,32000.0,-897.5688368477167,-0.028049026151491185,0.9815376819005461,0.0,0.0022042483804409763,1.2654371522478962,-0.22434892941386853
2018-08-13,0.0,3390.344,30968.38545670564,32000.0,-1031.6145432943595,-0.03223795447794875,0.9773074366414477,0.0,-0.004309814423942848,1.2654371522478962,-0.22769184158582734
2018-08-14,0.0,3372.914,30809.174781178208,32000.0,-1190.825218821792,-0.03721328808818103,0.9722830294955473,0.0,-0.005141071230529981,1.2654371522478962,-0.23166233284015403
2018-08-15,0.0,3291.976,30069.863613315934,32000.0,-1930.1363866840657,-0.06031676208387704,0.948951677483219,0.0,-0.023996461220179288,1.2654371522478962,-0.2500997178741584
2018-08-16,0.0,3276.728,29930.583958672087,32000.0,-2069.4160413279133,-0.06466925129149725,0.9445562580821467,0.0,-0.004631868519090032,1.2654371522478962,-0.2535731573833938
2018-08-17,0.0,3229.62,29500.285823115784,32000.0,-2499.7141768842157,-0.07811606802763171,0.9309768104729054,0.0,-0.014376536593821765,1.2654371522478962,-0.26430419020088236
2018-08-20,0.0,3267.25,29844.009157602148,32000.0,-2155.9908423978522,-0.06737471382493287,0.9418241105819262,0.0,0.011651525566475307,1.2654371522478962,-0.25573221166385907
2018-08-21,0.0,3326.649,30386.576852131922,32000.0,-1613.4231478680776,-0.05041947337087738,0.9589465867758066,0.0,0.018180120896778673,1.2654371522478962,-0.24220133329232996
2018-08-22,0.0,3307.955,30215.820433984485,32000.0,-1784.1795660155149,-0.0557556114379848,0.9535578164266694,0.0,-0.0056194687206254645,1.2654371522478962,-0.24645975919642538
2018-08-23,0.0,3320.026,30326.080449147517,32000.0,-1673.9195508524826,-0.05230998596414005,0.9570374273651755,0.0,0.003649082287999539,1.2654371522478962,-0.24371002885041415
2018-08-24,0.0,3325.335,30374.574395009546,32000.0,-1625.4256049904543,-0.05079455015595169,0.9585678104711759,0.0,0.0015990838625963288,1.2654371522478962,-0.2425006577621054
2018-08-27,0.0,3406.574,31116.634984176108,32000.0,-883.3650158238925,-0.027605156744496595,0.9819859293538953,0.0,0.024430320554169604,1.2654371522478962,-0.22399470601166094
2018-08-28,0.0,3400.171,31058.148125002142,32000.0,-941.8518749978575,-0.02943287109368309,0.9801401875893972,0.0,-0.0018796010302433164,1.2654371522478962,-0.2254532863617157
2018-08-29,0.0,3386.574,30933.949183226672,32000.0,-1066.0508167733278,-0.033314088024166466,0.9762206887963505,0.0,-0.003998916525080554,1.2654371522478962,-0.22855063401433062
2018-08-30,0.0,3351.094,30609.864572342372,32000.0,-1390.1354276576276,-0.04344173211430091,0.9659931520472658,0.0,-0.010476664617398046,1.2654371522478962,-0.23663285029106684
2018-08-31,0.0,3334.504,30458.326700454814,32000.0,-1541.6732995451857,-0.048177290610787016,0.9612108850047822,0.0,-0.004950622095351576,1.2654371522478962,-0.24041199256928147
2018-09-03,1000.0,3321.825,31342.51303694292,33000.0,-1657.4869630570793,-0.050226877668396286,0.9575560107533266,0.0,-0.0038023646095491914,1.2654371522478962,-0.24330022312657407
2018-09-04,0.0,3363.898,31739.485650191153,33000.0,-1260.5143498088473,-0.03819740453966203,0.9696840590522061,0.0,0.01266562808094962,1.2654371522478962,-0.2337161451837576
2018-09-05,0.0,3298.141,31119.046695769935,33000.0,-1880.9533042300645,-0.056998584976668654,0.9507288128850822,0.0,-0.019547857872028285,1.2654371522478962,-0.24869535306733548
2018-09-06,0.0,3262.881,30786.356981627072,33000.0,-2213.643018372928,-0.06708009146584626,0.9405646937821304,0.0,-0.010690871008850245,1.2654371522478962,-0.25672745413604237
2018-09-07,0.0,3277.644,30925.65074934945,33000.0,-2074.34925065055,-0.06285906820153186,0.9448203060996822,0.0,0.004524529089476426,1.2654371522478962,-0.2533644958808716
2018-09-10,0.0,3230.068,30476.755518491238,33000.0,-2523.244481508762,-0.07646195398511402,0.9311059518613946,0.0,-0.014515304285639186,1.2654371522478962,-0.2642021374136224
2018-09-11,0.0,3224.212,30421.502229608064,33000.0,-2578.497770391936,-0.07813629607248285,0.9294178894261453,0.0,-0.0018129649282926374,1.2654371522478962,-0.2655361131328041
2018-09-12,0.0,3202.025,30212.160576525603,33000.0,-2787.8394234743973,-0.08447998252952715,0.9230222198136329,0.0,-0.006881371324218177,1.2654371522478962,-0.2705902318625659
2018-09-13,0.0,3236.566,30538.06628884008,33000.0,-2461.9337111599198,-0.07460405185333085,0.9329790785185407,0.0,0.010787236202090877,1.2654371522478962,-0.2627219164055551
2018-09-14,0.0,3242.09,30590.187048367174,33000.0,-2409.8129516328263,-0.0730246348979644,0.9345714379605348,0.0,0.0017067472129412842,1.2654371522478962,-0.2614635690912176
2018-09-17,0.0,3204.922,30239.494725756227,33000.0,-2760.505274243773,-0.08365167497708403,0.9238573149083933,0.0,-0.011464209815273518,1.2654371522478962,-0.2699303056913791
2018-09-18,0.0,3269.432,30848.167824433367,33000.0,-2151.832175566633,-0.06520703562323127,0.9424530983267543,0.0,0.020128414981706255,1.2654371522478962,-0.2552351599187678
2018-09-19,0.0,3312.482,31254.35875449151,33000.0,-1745.64124550849,-0.05289821956086338,0.9548627786268696,0.0,0.013167424800393457,1.2654371522478962,-0.24542852489302114
2018-09-20,0.0,3310.126,31232.129118458597,33000.0,-1767.870881541403,-0.053571844895194065,0.9541836332891909,0.0,-0.0007112491479198679,1.2654371522478962,-0.2459652132117356
2018-09-21,0.0,3410.486,32179.05877561621,33000.0,-820.9412243837905,-0.024877006799508772,0.9831136104069511,0.0,0.030319087551349932,1.2654371522478962,-0.2231035664943387
2018-09-25,0.0,3379.804,31889.563999401485,33000.0,-1110.4360005985145,-0.03364957577571259,0.9742691548676216,0.0,-0.008996371778098422,1.2654371522478962,-0.23009281564323436
2018-09-26,0.0,3417.241,32242.794425617205,33000.0,-757.205574382795,-0.02294562346614526,0.9850608204052619,0.0,0.011076677819187086,1.2654371522478962,-0.221564801811437
2018-09-27,0.0,3403.59,32113.99274417182,33000.0,-886.007255828179,-0.02684870472206602,0.9811257554627096,0.0,-0.003994743127569866,1.2654371522478962,-0.22467445046965917
2018-09-28,0.0,3438.865,32446.823988255466,33000.0,-553.1760117445338,-0.01676290944680403,0.9912941984960794,0.0,0.01036405677534602,1.2654371522478962,-0.21663893245495047
2018-10-08,1000.0,3290.899,32050.716040358064,34000.0,-1949.2839596419362,-0.05733188116593935,0.9486412192791951,0.0,-0.04302756868908775,1.2654371522478962,-0.2503450545971022
2018-10-09,0.0,3288.691,32029.21189179042,34000.0,-1970.788108209581,-0.057964356123811234,0.9480047367216421,0.0,-0.0006709412838254991,1.2654371522478962,-0.25084802904859704
2018-10-10,0.0,3281.598,31960.131762356406,34000.0,-2039.8682376435936,-0.05999612463657633,0.9459600941579088,0.0,-0.0021567851768378166,1.2654371522478962,-0.25246378891474386
2018-10-11,0.0,3124.114,30426.363948485563,34000.0,-3573.636051514437,-0.10510694269160104,0.9005634369596889,0.0,-0.04799003412361902,1.2654371522478962,-0.2883380771933661
2018-10-12,0.0,3170.726,30880.327432649974,34000.0,-3119.672567350026,-0.09175507551029483,0.913999906603103,0.0,0.014920070138285668,1.2654371522478962,-0.27772003139034396
2018-10-15,0.0,3126.452,30449.13419275692,34000.0,-3550.865807243081,-0.10443722962479651,0.901237393580866,0.0,-0.013963363595592915,1.2654371522478962,-0.28780548920985394
2018-10-16,0.0,3100.974,30200.998913225023,34000.0,-3799.001086774977,-0.11173532608161696,0.8938930536346096,0.0,-0.008149173567993273,1.2654371522478962,-0.29360928589245494
2018-10-17,0.0,3118.246,30369.214336259596,34000.0,-3630.785663740404,-0.10678781363942369,0.8988719153801052,0.0,0.005569862888240795,1.2654371522478962,-0.2896747864693494
2018-10-18,0.0,3044.392,29649.935627783703,34000.0,-4350.064372216297,-0.1279430697710675,0.8775826115732592,0.0,-0.02368446876866037,1.2654371522478962,-0.3064984618048081
2018-10-19,0.0,3134.946,30531.858938197845,34000.0,-3468.1410618021546,-0.10200414887653397,0.9036858912456552,0.0,0.029744526986012376,1.2654371522478962,-0.28587058658712017
2018-10-22,0.0,3270.273,31849.835348167748,34000.0,-2150.1646518322523,-0.06324013681859564,0.9426955266921991,0.0,0.04316725072776384,1.2654371522478962,-0.2550435831462555
2018-10-23,0.0,3183.426,31004.01524370481,34000.0,-2995.984756295191,-0.08811719871456447,0.917660834357144,0.0,-0.026556498494162528,1.2654371522478962,-0.27482701710864865
2018-10-24,0.0,3188.202,31050.529652019606,34000.0,-2949.470347980394,-0.08674912788177624,0.9190375738022858,0.0,0.0015002704633311215,1.2654371522478962,-0.2737390615016111
2018-10-25,0.0,3194.308,31109.997193303134,34000.0,-2890.002806696866,-0.08500008254990787,0.9207977017445041,0.0,0.001915186051573814,1.2654371522478962,-0.2723481366823961
2018-10-26,0.0,3173.635,30908.658758819936,34000.0,-3091.3412411800637,-0.09092180121117832,0.914838460842198,0.0,-0.006471824257397674,1.2654371522478962,-0.27705737166235556
2018-10-29,0.0,3076.889,29966.430336118272,34000.0,-4033.569663881728,-0.11863440187887431,0.8869502626931861,0.0,-0.030484286945411165,1.2654371522478962,-0.29909576218967004
2018-10-30,0.0,3110.261,30291.446842458583,34000.0,-3708.553157541417,-0.10907509286886519,0.8965701430875055,0.0,0.010846020119672728,1.2654371522478962,-0.29149374072441536
2018-10-31,0.0,3153.823,30715.70577357439,34000.0,-3284.294226425609,-0.09659688901251795,0.9091274135458939,0.0,0.014005898540347506,1.2654371522478962,-0.28157047394180035
2018-11-01,1000.0,3177.034,31941.762291873114,35000.0,-3058.237708126886,-0.08737822023219677,0.9158182634749527,0.0,0.007359639396377071,1.2654371522478962,-0.2762830916983019
2018-11-02,0.0,3290.246,33079.99083855771,35000.0,-1920.0091614422927,-0.054857404612636884,0.9484529841749912,0.0,0.0356344943113609,1.2654371522478962,-0.25049380564638934
2018-11-05,0.0,3262.835,32804.40183126898,35000.0,-2195.5981687310195,-0.06273137624945768,0.9405514337288481,0.0,-0.00833098801730936,1.2654371522478962,-0.25673793277044843
2018-11-06,0.0,3243.15,32606.489693496605,35000.0,-2393.5103065033945,-0.06838600875723988,0.9348769957100845,0.0,-0.006033096984677466,1.2654371522478962,-0.2612221049070762
2018-11-07,0.0,3221.91,32392.94365304523,35000.0,-2607.0563469547706,-0.07448732419870774,0.9287543102379718,0.0,-0.006549188289163399,1.2654371522478962,-0.26606050044591145
2018-11-08,0.0,3212.774,32301.09070457236,35000.0,-2698.9092954276384,-0.07711169415507535,0.9261207483512853,0.0,-0.0028355851032462187,1.2654371522478962,-0.26814164835753107
2018-11-09,0.0,3167.444,31845.344847055378,35000.0,-3154.6551529446224,-0.09013300436984639,0.9130538306276099,0.0,-0.01410930242836872,1.2654371522478962,-0.278467659175582
2018-11-12,0.0,3205.141,32224.34885302974,35000.0,-2775.65114697026,-0.07930431848486452,0.9239204442924984,0.0,0.011901394310365188,1.2654371522478962,-0.26988041827974996
2018-11-13,0.0,3237.382,32548.498471212068,35000.0,-2451.5015287879323,-0.0700429008225123,0.9332143003332887,0.0,0.010059151843865966,1.2654371522478962,-0.2625360345430461
2018-11-14,0.0,3204.943,32222.358169601805,35000.0,-2777.6418303981955,-0.07936119515423412,0.9238633684109787,0.0,-0.01002013355235809,1.2654371522478962,-0.2699255219669764
2018-11-15,0.0,3242.372,32598.66771517875,35000.0,-2401.3322848212483,-0.06860949385203563,0.9346527278523961,0.0,0.011678522831763294,1.2654371522478962,-0.26139933050638
2018-11-16,0.0,3257.674,32752.51336070544,35000.0,-2247.4866392945587,-0.0642139039798445,0.9390637134029737,0.0,0.004719384450643016,1.2654371522478962,-0.25791358999153735
2018-11-19,0.0,3294.603,33123.795927929015,35000.0,-1876.2040720709847,-0.05360583063059954,0.9497089418304524,0.0,0.011336002313306892,1.2654371522478962,-0.24950129673100774
2018-11-20,0.0,3218.408,32357.73469665819,35000.0,-2642.26530334181,-0.07549329438119456,0.9277448166163458,0.0,-0.023127217452300064,1.2654371522478962,-0.26685824343917897
2018-11-21,0.0,3226.492,32439.01088267556,35000.0,-2560.9891173244396,-0.07317111763784112,0.9300751268497055,0.0,0.0025118008655211632,1.2654371522478962,-0.2650167373404998
2018-11-22,0.0,3214.427,32317.709895008622,35000.0,-2682.290104991378,-0.07663686014261084,0.9265972454833665,0.0,-0.003739355312209036,1.2654371522478962,-0.26776510090811034
2018-11-23,0.0,3143.475,31604.361558751287,35000.0,-3395.638441248713,-0.09701824117853464,0.9061444780814202,0.0,-0.02207298532522295,1.2654371522478962,-0.28392771109038173
2018-11-26,0.0,3141.243,31581.92112738182,35000.0,-3418.078872618182,-0.09765939636051946,0.9055010772351982,0.0,-0.000710042230334218,1.2654371522478962,-0.2844361526554796
2018-11-27,0.0,3137.241,31541.685192641406,35000.0,-3458.3148073585944,-0.09880899449595981,0.9043474525996335,0.0,-0.0012740179604061597,1.2654371522478962,-0.2853477938488138
2018-11-28,0.0,3178.933,31960.85475565923,35000.0,-3039.145244340769,-0.08683272126687913,0.9163656730658916,0.0,0.013289383888582362,1.2654371522478962,-0.2758505063344484
2018-11-29,0.0,3137.654,31545.837476761295,35000.0,-3454.162523238705,-0.09869035780682012,0.9044665048171467,0.0,-0.012985174585309012,1.2654371522478962,-0.28525371393555876
2018-11-30,0.0,3172.69,31898.08790393899,35000.0,-3101.912096061009,-0.08862605988745742,0.9145660532258539,0.0,0.011166304506488034,1.2654371522478962,-0.27727263926048173
2018-12-03,1000.0,3260.95,33785.45012287675,36000.0,-2214.5498771232524,-0.061515274364534744,0.9400080598062994,0.0,0.027818664918412894,1.2654371522478962,-0.2571673289847002
2018-12-04,0.0,3267.71,33855.48788574667,36000.0,-2144.5121142533317,-0.059569780951481466,0.9419567111147497,0.0,0.002073015532283673,1.2654371522478962,-0.25562742531979765
2018-12-05,0.0,3252.004,33692.76405384802,36000.0,-2307.235946151981,-0.06408988739311061,0.9374292677049096,0.0,-0.004806424070679438,1.2654371522478962,-0.2592051955802943
2018-12-06,0.0,3181.673,32964.09158337406,36000.0,-3035.9084166259418,-0.08433078935072058,0.9171555110222751,0.0,-0.021626972168546033,1.2654371522478962,-0.2752263441980828
2018-12-07,0.0,3181.565,32962.972636866674,36000.0,-3037.0273631333257,-0.08436187119814798,0.9171243787232645,0.0,-3.394440597748183e-05,1.2654371522478962,-0.275250946209297
2018-12-10,0.0,3144.763,32581.681253858005,36000.0,-3418.318746141995,-0.0949532985039443,0.9065157595733261,0.0,-0.011567263280806817,1.2654371522478962,-0.2836343093270097
2018-12-11,0.0,3159.816,32737.639603633274,36000.0,-3262.3603963667265,-0.09062112212129791,0.9108549678789623,0.0,0.004786688217840229,1.2654371522478962,-0.2802052901158003
2018-12-12,0.0,3170.609,32849.46173006153,36000.0,-3150.538269938472,-0.08751495194273529,0.9139661799458414,0.0,0.0034157052182786085,1.2654371522478962,-0.27774668356915955
2018-12-13,0.0,3219.692,33357.991835822475,36000.0,-2642.008164177525,-0.0733891156715979,0.9281149450601401,0.0,0.015480622177001191,1.2654371522478962,-0.2665657528614076
2018-12-14,0.0,3165.911,32800.7875569901,36000.0,-3199.2124430098993,-0.0888670123058305,0.9126119249388741,0.0,-0.01670377166511572,1.2654371522478962,-0.2788168710569867
2018-12-17,0.0,3161.197,32751.947614065724,36000.0,-3248.0523859342757,-0.09022367738706316,0.9112530577394607,0.0,-0.0014889868982419507,1.2654371522478962,-0.279890703287216
2018-12-18,0.0,3128.427,32412.43023399959,36000.0,-3587.5697660004116,-0.09965471572223361,0.9018067110859235,0.0,-0.010366326426350492,1.2654371522478962,-0.28735559131959043
2018-12-19,0.0,3091.126,32025.968903702153,36000.0,-3974.0310962978474,-0.11038975267494022,0.8910542491840744,0.0,-0.011923244493159069,1.2654371522478962,-0.29585262484096964
2018-12-20,0.0,3067.417,31780.3290634828,36000.0,-4219.670936517199,-0.11721308156992216,0.8842198447651328,0.0,-0.00767002056855659,1.2654371522478962,-0.3012534496917345
2018-12-21,0.0,3029.395,31386.39772918696,36000.0,-4613.60227081304,-0.1281556186336955,0.8732595459411843,0.0,-0.012395445418735052,1.2654371522478962,-0.30991472441761003
2018-12-24,0.0,3038.198,31477.602230154986,36000.0,-4522.397769845014,-0.12562216027347262,0.8757971165725875,0.0,0.0029058607411709403,1.2654371522478962,-0.30790943270723503
2018-12-25,0.0,3017.282,31260.89958989062,36000.0,-4739.100410109379,-0.13164167805859384,0.8697678279975072,0.0,-0.006884343943350468,1.2654371522478962,-0.312674022212427
2018-12-26,0.0,3002.033,31102.910559416752,36000.0,-4897.089440583248,-0.13603026223842352,0.865372120334407,0.0,-0.005053886245965811,1.2654371522478962,-0.3161476895180626
2018-12-27,0.0,2990.506,30983.48374098458,36000.0,-5016.516259015421,-0.13934767386153946,0.8620493239390661,0.0,-0.003839731275438907,1.2654371522478962,-0.31877349862240123
2018-12-28,0.0,3010.654,31192.229428307513,36000.0,-4807.770571692487,-0.13354918254701353,0.8678572272767368,0.0,0.006737321376382388,1.2654371522478962,-0.3141838567525118
2019-01-02,1000.0,2969.535,31766.211266850707,37000.0,-5233.788733149293,-0.14145374954457546,0.8560041809524523,0.0,-0.013657829827007695,1.2654371522478962,-0.32355061692960074
2019-01-03,0.0,2964.842,31716.00851474463,37000.0,-5283.99148525537,-0.14281058068257757,0.8546513672556245,0.0,-0.0015803821136978202,1.2654371522478962,-0.3246196654354271
2019-01-04,0.0,3035.874,32475.864020305915,37000.0,-4524.135979694085,-0.12227394539713743,0.8751271956198008,0.0,0.023958106367893972,1.2654371522478962,-0.30843883154114526
2019-01-07,0.0,3054.303,32673.005831207887,37000.0,-4326.994168792113,-0.11694578834573277,0.8804395765315506,0.0,0.006070410036780327,1.2654371522478962,-0.30424077168308516
2019-01-08,0.0,3047.704,32602.413894035926,37000.0,-4397.586105964074,-0.11885367853956952,0.8785373354095888,0.0,-0.002160558399084689,1.2654371522478962,-0.30574400012756586
2019-01-09,0.0,3078.476,32931.593328898125,37000.0,-4068.406671101875,-0.10995693705680742,0.8874077345314273,0.0,0.01009678105222811,1.2654371522478962,-0.29873424930265824
2019-01-10,0.0,3072.686,32869.65556314185,37000.0,-4130.344436858148,-0.11163093072589592,0.8857386973900181,0.0,-0.0018808007598564158,1.2654371522478962,-0.30005319045943113
2019-01-11,0.0,3094.778,33105.981836213985,37000.0,-3894.018163786015,-0.10524373415637878,0.892106982109882,0.0,0.007189800715074579,1.2654371522478962,-0.2950207123876821
2019-01-14,0.0,3067.785,32817.227758310844,37000.0,-4182.772241689156,-0.11304789842403118,0.8843259251913915,0.0,-0.00872211189300176,1.2654371522478962,-0.30116962061648545
2019-01-15,0.0,3127.99,33461.262851118554,37000.0,-3538.737148881446,-0.09564154456436336,0.901680740579741,0.0,0.019624908525206264,1.2654371522478962,-0.28745513834644876
2019-01-16,0.0,3128.652,33468.34450931038,37000.0,-3531.65549068962,-0.09545014839701671,0.9018715700421959,0.0,0.00021163750523522928,1.2654371522478962,-0.2873043371295604
2019-01-17,0.0,3111.417,33283.97535683898,37000.0,-3716.0246431610212,-0.10043309846381143,0.8969033739917315,0.0,-0.005508762240095777,1.2654371522478962,-0.2912304080858611
2019-01-18,0.0,3168.174,33891.12592178354,37000.0,-3108.8740782164605,-0.08402362373558003,0.9132642619079603,0.0,0.018241527895489495,1.2654371522478962,-0.2783013678034846
2019-01-21,0.0,3185.636,34077.923376988394,37000.0,-2922.076623011606,-0.07897504386517851,0.9182978934387527,0.0,0.005511692223975073,1.2654371522478962,-0.27432358706435367
2019-01-22,0.0,3143.317,33625.22142378634,37000.0,-3374.7785762136627,-0.09121023178955845,0.9060989326810156,0.0,-0.013284317480088736,1.2654371522478962,-0.2839637029216028
2019-01-23,0.0,3141.053,33601.00258066506,37000.0,-3398.997419334941,-0.09186479511716061,0.9054463074499015,0.0,-0.0007202582494861831,1.2654371522478962,-0.284479433971505
2019-01-24,0.0,3158.782,33790.65623335816,37000.0,-3209.3437666418395,-0.08673902072004969,0.9105569049421373,0.0,0.005644285530998827,1.2654371522478962,-0.2804408315935383
2019-01-25,0.0,3184.47,34065.450244886175,37000.0,-2934.549755113825,-0.07931215554361692,0.9179617799142478,0.0,0.008132248442595857,1.2654371522478962,-0.27458919766690937
2019-01-28,0.0,3183.778,34058.047665628255,37000.0,-2941.9523343717447,-0.07951222525329038,0.9177623025909567,0.0,-0.00021730460641800065,1.2654371522478962,-0.2747468327758017
2019-01-29,0.0,3193.97,34167.07524914949,37000.0,-2832.924750850507,-0.07656553380677045,0.9207002691790817,0.0,0.003201228226340058,1.2654371522478962,-0.2724251318656412
2019-01-30,0.0,3168.483,33894.431408764314,37000.0,-3105.5685912356857,-0.08393428624961308,0.9133533348745744,0.0,-0.007979724292964563,1.2654371522478962,-0.27823097871584335
2019-01-31,0.0,3201.633,34249.049186798955,37000.0,-2750.950813201045,-0.07435002197840668,0.922909221098705,0.0,0.01046242002876463,1.2654371522478962,-0.27067952805141826
2019-02-01,1000.0,3247.397,35738.60357575755,38000.0,-2261.396424242448,-0.05951043221690655,0.9361012445424792,0.0,0.014293955615774845,1.2654371522478962,-0.2602546535957092
2019-02-11,0.0,3306.473,36388.753140113695,38000.0,-1611.2468598863052,-0.04240123315490274,0.9531306121013553,0.0,0.018191801002464425,1.2654371522478962,-0.24679735346142329
2019-02-12,0.0,3330.335,36651.361795145625,38000.0,-1348.6382048543746,-0.035490479075115156,0.9600091206105621,0.0,0.007216753319927216,1.2654371522478962,-0.24136167576143797
2019-02-13,0.0,3397.028,37385.33878911279,38000.0,-614.6612108872068,-0.01617529502334758,0.9792341800357791,0.0,0.02002591330902148,1.2654371522478962,-0.22616925044733527
2019-02-14,0.0,3402.14,37441.59792265244,38000.0,-558.4020773475568,-0.01469479150914621,0.9807077755222876,0.0,0.0015048448231806955,1.2654371522478962,-0.22500475524985275
2019-02-15,0.0,3338.705,36743.47622153978,38000.0,-1256.5237784602214,-0.033066415222637424,0.9624218737838947,0.0,-0.018645617170369166,1.2654371522478962,-0.23945501989232065
2019-02-18,0.0,3445.745,37921.484369834885,38000.0,-78.515630165115,-0.0020662007938188065,0.9932774412478748,0.0,0.032060334770517285,1.2654371522478962,-0.21507169322203212
2019-02-19,0.0,3439.608,37853.944795786985,38000.0,-146.0552042130148,-0.0038435580056056518,0.9915083771827923,0.0,-0.0017810371922470924,1.2654371522478962,-0.21646967972965114
2019-02-20,0.0,3451.927,37989.519182734366,38000.0,-10.48081726563396,-0.00027581098067452903,0.995059477104212,0.0,0.0035815127770373323,1.2654371522478962,-0.21366345587640678
2019-02-21,0.0,3442.706,37888.039239391415,38000.0,-111.96076060858468,-0.0029463358054890865,0.9924014129451559,0.0,-0.0026712615880927215,1.2654371522478962,-0.21576396648203766
2019-02-22,0.0,3520.118,38739.98212780529,38000.0,739.9821278052914,0.019473213889612984,1.0147163530471892,0.0,0.022485800413976742,1.2654371522478962,-0.19812979155490396
2019-02-25,0.0,3729.483,41044.10839805758,38000.0,3044.1083980575786,0.08010811573835741,1.0750683325137085,0.0,0.05947669936064637,1.2654371522478962,-0.15043719824095614
2019-02-26,0.0,3684.694,40551.191666424646,38000.0,2551.1916664246455,0.06713662280064847,1.0621573645471145,0.0,-0.01200943937805865,1.2654371522478962,-0.16063997120653506
2019-02-27,0.0,3678.392,40481.83621658761,38000.0,2481.8362165876097,0.06531147938388449,1.060340737247432,0.0,-0.0017103184145006445,1.2654371522478962,-0.16207554412017633
2019-02-28,0.0,3669.37,40382.54632949943,38000.0,2382.5463294994333,0.06269858761840608,1.0577400372319234,0.0,-0.0024527021589869635,1.2654371522478962,-0.1641307232421807
2019-03-01,1000.0,3749.714,42266.75678042079,39000.0,3266.7567804207865,0.08376299436976375,1.080900161599693,0.0,0.021895856781954492,1.2654371522478962,-0.14582864926985561
2019-03-04,0.0,3794.104,42767.12063043252,39000.0,3767.120630432517,0.09659283667775687,1.0936961130171636,0.0,0.0118382361961471,1.2654371522478962,-0.13571676706793012
2019-03-05,0.0,3816.013,43014.078764920174,39000.0,4014.078764920174,0.1029250965364148,1.1000116457859264,0.0,0.005774485886522962,1.2654371522478962,-0.1307259757374054
2019-03-06,0.0,3848.09,43375.65054272658,39000.0,4375.65054272658,0.11219616776222008,1.1092582268541447,0.0,0.008405893795435215,1.2654371522478962,-0.12341895061032349
2019-03-07,0.0,3808.85,42933.337466032266,39000.0,3933.337466032266,0.10085480682134018,1.0979468248802415,0.0,-0.01019726669594534,1.2654371522478962,-0.13235768135156167
2019-03-08,0.0,3657.579,41228.21153777987,39000.0,2228.211537779869,0.057133629173842904,1.054341139661223,0.0,-0.03971566220775291,1.2654371522478962,-0.16681667059615457
2019-03-11,0.0,3729.955,42044.033434793804,39000.0,3044.033434793804,0.07805213935368727,1.0752043921908665,0.0,0.01978795263205524,1.2654371522478962,-0.15032967834009314
2019-03-12,0.0,3755.352,42330.308287209846,39000.0,3330.3082872098457,0.08539252018486776,1.0825253829128647,0.0,0.00680892933024646,1.2654371522478962,-0.1445443331659031
2019-03-13,0.0,3724.194,41979.095472642024,39000.0,2979.095472642024,0.07638706340107748,1.0735437146482656,0.0,-0.008296958580713554,1.2654371522478962,-0.15164201340126227
2019-03-14,0.0,3698.486,41689.31502983731,39000.0,2689.3150298373075,0.06895679563685397,1.0661330744355975,0.0,-0.006902970146023479,1.2654371522478962,-0.15749820325589392
2019-03-15,0.0,3745.005,42213.67695681851,39000.0,3213.676956818512,0.08240197325175669,1.079542735710419,0.0,0.012577849422709786,1.2654371522478962,-0.14690134251808418
2019-03-18,0.0,3851.748,43416.88349977417,39000.0,4416.883499774172,0.11325342307113262,1.1103126893521196,0.0,0.028502765683890763,1.2654371522478962,-0.1225856713786353
2019-03-19,0.0,3833.963,43216.411071919734,39000.0,4216.411071919734,0.10811310440819821,1.105185949186323,0.0,-0.0046173841071636135,1.2654371522478962,-0.12663703035500917
2019-03-20,0.0,3835.44,43233.05980826727,39000.0,4233.059808267273,0.10853999508377621,1.1056117122014975,0.0,0.0003852410677931406,1.2654371522478962,-0.1263005750720122
2019-03-21,0.0,3836.891,43249.415472749526,39000.0,4249.415472749526,0.10895937109614162,1.1060299804039475,0.0,0.0003783138310078371,1.2654371522478962,-0.12597004249541843
2019-03-22,0.0,3833.801,43214.585008759066,39000.0,4214.585008759066,0.10806628227587356,1.1051392507378066,0.0,-0.0008053395314072676,1.2654371522478962,-0.12667393337183108
2019-03-25,0.0,3742.825,42189.10400811327,39000.0,3189.104008113267,0.08177189764392989,1.0789143244896464,0.0,-0.023729974508327367,1.2654371522478962,-0.14739793867037532
2019-03-26,0.0,3700.439,41711.32923571865,39000.0,2711.329235718651,0.06952126245432444,1.0666960501760416,0.0,-0.011324601070047291,1.2654371522478962,-0.15705331688643331
2019-03-27,0.0,3743.388,42195.45014119632,39000.0,3195.450141196321,0.08193461900503385,1.0790766160113414,0.0,0.011606460746954594,1.2654371522478962,-0.14726968929710005
2019-03-28,0.0,3728.395,42026.4491228763,39000.0,3026.4491228763,0.07760125956093078,1.0747547034273779,0.0,-0.004005195293675157,1.2654371522478962,-0.15068504072430144
2019-03-29,0.0,3872.341,43649.007689080136,39000.0,4649.007689080136,0.11920532536102901,1.1162488692921957,0.0,0.03860803375178867,1.2654371522478962,-0.11789466011068628
2019-04-01,1000.0,3973.928,45794.095826749464,40000.0,5794.095826749464,0.14485239566873664,1.1455325439181614,0.0,0.026234001602648105,1.2654371522478962,-0.0947535072103255
2019-04-02,0.0,3971.285,45763.638859418876,40000.0,5763.638859418876,0.1440909714854719,1.1447706673784817,0.0,-0.0006650850241878281,1.2654371522478962,-0.0953555730958785
2019-04-03,0.0,4022.157,46349.86921963134,40000.0,6349.869219631342,0.15874673049078347,1.159435133260653,0.0,0.012809959496737244,1.2654371522478962,-0.08376711462828756
2019-04-04,0.0,4062.231,46811.66736900928,40000.0,6811.667369009279,0.170291684225232,1.1709869457658058,0.0,0.009963310731033292,1.2654371522478962,-0.074638401689338
2019-04-08,0.0,4057.229,46754.026146690856,40000.0,6754.026146690856,0.16885065366727137,1.1695450591023635,0.0,-0.0012313430723168706,1.2654371522478962,-0.0757778392828059
2019-04-09,0.0,4075.43,46963.76782750205,40000.0,6963.767827502052,0.17409419568755125,1.1747917162717574,0.0,0.004486066721893334,1.2654371522478962,-0.07163171700397619
2019-04-10,0.0,4085.847,47083.80953339789,40000.0,7083.809533397893,0.17709523833494734,1.1777945418161546,0.0,0.002556049300319163,1.2654371522478962,-0.06925876190378566
2019-04-11,0.0,3997.578,46066.629794728404,40000.0,6066.629794728404,0.15166574486821016,1.1523499408774582,0.0,-0.021603598960019732,1.2654371522478962,-0.08936612234716845
2019-04-12,0.0,3988.617,45963.366501406665,40000.0,5963.366501406665,0.14908416253516665,1.1497668248456503,0.0,-0.002241607293215986,1.2654371522478962,-0.09140740588876461
2019-04-15,0.0,3975.524,45812.48754822491,40000.0,5812.487548224912,0.1453121887056228,1.1459926101146534,0.0,-0.0032825914345750995,1.2654371522478962,-0.09438994415571256
2019-04-16,0.0,4085.789,47083.141162567335,40000.0,7083.141162567335,0.17707852906418342,1.1777778226185378,0.0,0.027735966378268806,1.2654371522478962,-0.0692719740949933
2019-04-17,0.0,4087.24,47099.86195696637,40000.0,7099.8619569663715,0.17749654892415934,1.1781960908209876,0.0,0.000355133365917748,1.2654371522478962,-0.06894144151839965
2019-04-18,0.0,4072.075,46925.10603204457,40000.0,6925.106032044569,0.17312765080111414,1.173824597168229,0.0,-0.0037103277517348543,1.2654371522478962,-0.07239597392642416
2019-04-19,0.0,4120.608,47484.3826099694,40000.0,7484.382609969398,0.18710956524923494,1.1878148181671955,0.0,0.011918493642676165,1.2654371522478962,-0.061340331238745494
2019-04-22,0.0,4025.611,46389.67185495478,40000.0,6389.67185495478,0.15974179637386943,1.160430790304941,0.0,-0.023054122110135244,1.2654371522478962,-0.08298030586222649
2019-04-23,0.0,4019.005,46313.54672208083,40000.0,6313.546722080828,0.15783866805202074,1.1585265313487838,0.0,-0.0016409931312290071,1.2654371522478962,-0.08448512888150839
2019-04-24,0.0,4030.089,46441.274692528124,40000.0,6441.274692528124,0.16103186731320318,1.1617216276657751,0.0,0.002757896544045124,1.2654371522478962,-0.08196023358242877
2019-04-25,0.0,3941.816,45424.0488593186,40000.0,5424.048859318602,0.13560122148296494,1.136275873678967,0.0,-0.021903486498685343,1.2654371522478962,-0.10206850521141231
2019-04-26,0.0,3889.275,44818.585552274984,40000.0,4818.585552274984,0.12046463880687464,1.121130298472269,0.0,-0.013329135606532372,1.2654371522478962,-0.11403715587082575
2019-04-29,0.0,3900.334,44946.02543184704,40000.0,4946.02543184704,0.12365063579617597,1.1243181882385633,0.0,0.0028434605421316927,1.2654371522478962,-0.11151795548174959
2019-04-30,0.0,3913.211,45094.41527986669,40000.0,5094.415279866691,0.12736038199666733,1.1280301383715385,0.0,0.003301512126909989,1.2654371522478962,-0.10858462123723067
2019-05-06,1000.0,3684.617,43460.1814584638,41000.0,2460.1814584637978,0.060004425816190254,1.0621351683709679,0.0,-0.05841596581426345,1.2654371522478962,-0.16065751152934538
2019-05-07,0.0,3720.668,43885.40421615044,41000.0,2885.4042161504403,0.07037571258903519,1.0725273027379705,0.0,0.009784191952650678,1.2654371522478962,-0.15244522350813294
2019-05-08,0.0,3667.457,43257.77868123424,41000.0,2257.7786812342383,0.055067772713030205,1.0571885919725943,0.0,-0.014301464145685783,1.2654371522478962,-0.16456649775563603
2019-05-09,0.0,3599.7,42458.58258701844,41000.0,1458.5825870184417,0.035575185049230296,1.037656821749716,0.0,-0.01847519957289201,1.2654371522478962,-0.18000129843948076
2019-05-10,0.0,3730.451,44000.795030231835,41000.0,3000.795030231835,0.07319012268858138,1.0753473701566936,0.0,0.036322749117982056,1.2654371522478962,-0.15021669132562698
2019-05-13,0.0,3668.726,43272.746578920975,41000.0,2272.7465789209746,0.055432843388316444,1.0575543964859706,0.0,-0.016546256739466636,1.2654371522478962,-0.1642774241238666
2019-05-14,0.0,3645.15,42994.666865869454,41000.0,1994.6668658694543,0.048650411362669566,1.0507583309167368,0.0,-0.006426208989169457,1.2654371522478962,-0.16964795205341365
2019-05-15,0.0,3727.092,43961.175512241505,41000.0,2961.175512241505,0.07222379298150017,1.0743790980050538,0.0,0.02247973334430675,1.2654371522478962,-0.15098185943367537
2019-05-16,0.0,3743.964,44160.18131978329,41000.0,3160.181319783289,0.07707759316544616,1.0792426549393987,0.0,0.004526853643537665,1.2654371522478962,-0.14713847857062312
2019-05-17,0.0,3648.761,43037.25873233658,41000.0,2037.2587323365806,0.049689237374062944,1.0517992450994014,0.0,-0.02542839621321158,1.2654371522478962,-0.16882537925253172
2019-05-20,0.0,3617.792,42671.978335598695,41000.0,1671.9783355986947,0.04077995940484613,1.042872058358071,0.0,-0.008487538646680282,1.2654371522478962,-0.1758800059682657
2019-05-21,0.0,3666.776,43249.746263326706,41000.0,2249.746263326706,0.05487186008113909,1.05699228553161,0.0,0.013539750212284263,1.2654371522478962,-0.16472162710412686
2019-05-22,0.0,3649.38,43044.55985815856,41000.0,2044.5598581585582,0.0498673136136234,1.0519776792946576,0.0,-0.004744222172284318,1.2654371522478962,-0.16868437328084895
2019-05-23,0.0,3583.965,42272.98773272316,41000.0,1272.9877327231588,0.03104848128593063,1.0331210187410675,0.0,-0.017924962596386318,1.2654371522478962,-0.1835856747955812
2019-05-24,0.0,3593.914,42390.33652238848,41000.0,1390.336522388483,0.033910646887523876,1.0359889376564182,0.0,0.0027759757698526677,1.2654371522478962,-0.18131932841065312
2019-05-27,0.0,3637.197,42900.86096334576,41000.0,1900.86096334576,0.046362462520628256,1.048465783009029,0.0,0.012043415618737674,1.2654371522478962,-0.1714596168236754
2019-05-28,0.0,3672.261,43314.44202283161,41000.0,2314.4420228316085,0.05644980543491718,1.0585734027545166,0.0,0.009640390663469667,1.2654371522478962,-0.16347216384939478
2019-05-29,0.0,3663.909,43215.92990188632,41000.0,2215.9299018863167,0.05404707077771498,1.056165838297686,0.0,-0.0022743481468228133,1.2654371522478962,-0.1653747193833096
2019-05-30,0.0,3641.183,42947.87596742717,41000.0,1947.8759674271714,0.047509169937248075,1.0496147954521478,0.0,-0.006202664967934424,1.2654371522478962,-0.17055162037274318
2019-05-31,0.0,3629.789,42813.483354154814,41000.0,1813.4833541548142,0.04423130132084907,1.0463303379065145,0.0,-0.003129202789313168,1.2654371522478962,-0.17314713255586411
2019-06-03,1000.0,3632.013,43839.71550896591,42000.0,1839.7155089659136,0.04380275021347413,1.0469714326565134,0.0,0.0006127077910036416,1.2654371522478962,-0.1726405133619674
2019-06-04,0.0,3598.467,43434.8031101216,42000.0,1434.8031101215965,0.034161978812419,1.0373013946693435,0.0,-0.009236200421088747,1.2654371522478962,-0.18028217140084524
2019-06-05,0.0,3597.105,43418.36327564875,42000.0,1418.3632756487495,0.033770554182113166,1.0369087817873746,0.0,-0.0003784945089118086,1.2654371522478962,-0.1805924300978271
2019-06-06,0.0,3564.678,43026.957613056344,42000.0,1026.9576130563437,0.02445137173943679,1.0275613090093991,0.0,-0.009014749360944485,1.2654371522478962,-0.18797918396495583
2019-06-10,0.0,3610.744,43582.990957275106,42000.0,1582.9909572751058,0.03769026088750249,1.0408403875855923,0.0,0.012922906360686826,1.2654371522478962,-0.17748551499640652
2019-06-11,0.0,3719.276,44893.01159971749,42000.0,2893.011599717487,0.06888122856470202,1.0721260419951653,0.0,0.03005807113437009,1.2654371522478962,-0.15276231609711877
2019-06-12,0.0,3691.096,44552.868768994515,42000.0,2552.8687689945145,0.060782589737964576,1.0640028180495846,0.0,-0.007576743430710575,1.2654371522478962,-0.15918161865288039
2019-06-13,0.0,3685.393,44484.03148852563,42000.0,2484.0314885256303,0.059143606869657805,1.0623588597046008,0.0,-0.0015450695403207426,1.2654371522478962,-0.16048074152284164
2019-06-14,0.0,3654.88,44115.72850080916,42000.0,2115.7285008091567,0.050374488114503624,1.0535631204479823,0.0,-0.008279442653741476,1.2654371522478962,-0.16743149308011485
2019-06-17,0.0,3654.825,44115.06463084145,42000.0,2115.0646308414507,0.05035868168670121,1.053547266036449,0.0,-1.5048373681159077e-05,1.2654371522478962,-0.16744402188212215
2019-06-18,0.0,3667.619,44269.492855691344,42000.0,2269.4928556913437,0.05403554418312728,1.0572352904211106,0.0,0.003500578003050814,1.2654371522478962,-0.16452959473881423
2019-06-19,0.0,3715.938,44852.720727859676,42000.0,2852.720727859676,0.06792192209189696,1.0711638233461112,0.0,0.013174487317248573,1.2654371522478962,-0.15352270048076422
2019-06-20,0.0,3828.518,46211.60219992472,42000.0,4211.602199924717,0.1002762428553503,1.1036163624445312,0.0,0.03029652270839822,1.2654371522478962,-0.1278773817537362
2019-06-21,0.0,3833.938,46277.023567650715,42000.0,4277.0235676507145,0.10183389446787405,1.1051787426356259,0.0,0.0014156913980813979,1.2654371522478962,-0.12664272526501263
2019-06-24,0.0,3841.266,46365.47518807435,42000.0,4365.47518807435,0.10393988543034172,1.1072911267759105,0.0,0.0019113506791190726,1.2654371522478962,-0.12497343324483434
2019-06-25,0.0,3801.31,45883.191762085444,42000.0,3883.1917620854438,0.0924569467163201,1.095773329190047,0.0,-0.010401778996820488,1.2654371522478962,-0.13407526620856813
2019-06-26,0.0,3794.331,45798.95269836594,42000.0,3798.952698365938,0.09045125472299853,1.0937615484974919,0.0,-0.0018359460291320628,1.2654371522478962,-0.1356650572850998
2019-06-27,0.0,3834.817,46287.63341677085,42000.0,4287.633416770848,0.10208650992311541,1.10543212495813,0.0,0.010670128673539558,1.2654371522478962,-0.12644249222929527
2019-06-28,0.0,3825.587,46176.22396582788,42000.0,4176.223965827878,0.09943390394828278,1.102771466440823,0.0,-0.0024068945141320075,1.2654371522478962,-0.1285450530025274
2019-07-01,1000.0,3935.812,48506.679732912344,43000.0,5506.679732912344,0.12806231937005452,1.1345451484635922,0.0,0.028812571770031603,1.2654371522478962,-0.10343619479781363
2019-07-02,0.0,3937.169,48523.40399829838,43000.0,5523.403998298381,0.12845125577438088,1.1349363200354217,0.0,0.0003447827284432936,1.2654371522478962,-0.10312707508283248
2019-07-03,0.0,3893.534,47985.62704905751,43000.0,4985.627049057512,0.11594481509436072,1.1223580064489982,0.0,-0.01108283642383645,1.2654371522478962,-0.11306697100265728
2019-07-04,0.0,3873.102,47733.81408636954,43000.0,4733.814086369537,0.11008869968301238,1.1164682366954102,0.0,-0.0052476747345728825,1.2654371522478962,-0.1177213070501848
2019-07-05,0.0,3893.203,47981.54765934286,43000.0,4981.547659342861,0.11584994556611306,1.1222625917177709,0.0,0.005189896883686762,1.2654371522478962,-0.11314237161110141
2019-07-08,0.0,3802.79,46867.25804523227,43000.0,3867.2580452322727,0.08993623361005287,1.0961999569913055,0.0,-0.023223294546932283,1.2654371522478962,-0.1337381275363706
2019-07-09,0.0,3793.13,46748.20395265368,43000.0,3748.203952653683,0.08716753378264386,1.0934153458020113,0.0,-0.002540240192069554,1.2654371522478962,-0.13593864076166007
2019-07-10,0.0,3786.739,46669.43845517234,43000.0,3669.4384551723415,0.08533577802726366,1.0915730631818479,0.0,-0.0016848882057824976,1.2654371522478962,-0.13739448755491313
2019-07-11,0.0,3785.221,46650.72995490999,43000.0,3650.7299549099916,0.08490069662581368,1.0911354814235301,0.0,-0.0004008726241762073,1.2654371522478962,-0.1377402824903159
2019-07-12,0.0,3808.731,46940.477544612135,43000.0,3940.477544612135,0.09163901266539853,1.0979125216989243,0.0,0.006210997984001709,1.2654371522478962,-0.13238478912317742
2019-07-15,0.0,3824.188,47130.976417178106,43000.0,4130.976417178106,0.09606921900414211,1.1023681878638227,0.0,0.00405830708443311,1.2654371522478962,-0.1288637401663142
2019-07-16,0.0,3806.845,46917.23365034679,43000.0,3917.2336503467886,0.091098456984809,1.0973688595143476,0.0,-0.0045350803883073,1.2654371522478962,-0.13281441313382936
2019-07-17,0.0,3804.638,46890.033610769045,43000.0,3890.0336107690455,0.0904658979248616,1.0967326652188227,0.0,-0.0005797451695561673,1.2654371522478962,-0.13331715978892378
2019-07-18,0.0,3768.402,46443.44519475685,43000.0,3443.4451947568523,0.08008012080829885,1.0862872023766628,0.0,-0.009524164979690664,1.2654371522478962,-0.14157159014416099
2019-07-19,0.0,3807.955,46930.91377899712,43000.0,3930.913778997121,0.091416599511561,1.0976888303652914,0.0,0.010495960887400013,1.2654371522478962,-0.13256155912968115
2019-07-22,0.0,3781.683,46607.126085392076,43000.0,3607.1260853920758,0.08388665314865285,1.0901156103689005,0.0,-0.006899241193764061,1.2654371522478962,-0.13854622615398815
2019-07-23,0.0,3789.914,46708.56855288839,43000.0,3708.5685528883914,0.08624578029973007,1.0924882951203583,0.0,0.002176544147143078,1.2654371522478962,-0.13667123398448922
2019-07-24,0.0,3819.833,47077.303479995935,43000.0,4077.303479995935,0.09482101116269614,1.1011128067324174,0.0,0.007894374384220804,1.2654371522478962,-0.12985579348889553
2019-07-25,0.0,3851.067,47462.24504600005,43000.0,4462.245046000047,0.10377314060465226,1.1101163829111351,0.0,0.008176797257890556,1.2654371522478962,-0.12274080072712623
2019-07-26,0.0,3858.569,47554.702996571956,43000.0,4554.702996571956,0.10592332550167338,1.1122789246442704,0.0,0.0019480315455431274,1.2654371522478962,-0.12103187213332467
2019-07-29,0.0,3854.27,47501.72022804241,43000.0,4501.72022804241,0.10469116809400947,1.111039686186426,0.0,-0.0011141436112714898,1.2654371522478962,-0.12201116885749863
2019-07-30,0.0,3870.318,47699.50284478167,43000.0,4699.502844781673,0.10929076383213188,1.1156657152098002,0.0,0.004163693773399535,1.2654371522478962,-0.11835549222815622
2019-07-31,0.0,3835.359,47268.65273893747,43000.0,4268.652738937468,0.09927099392877836,1.1055883629772394,0.0,-0.009032591120419764,1.2654371522478962,-0.12631902658042304
2019-08-01,1000.0,3803.469,47875.62634014541,44000.0,3875.6263401454125,0.08808241682148665,1.096395686908234,0.0,-0.008314736638734499,1.2654371522478962,-0.13358345378067993
2019-08-02,0.0,3747.438,47170.344078224865,44000.0,3170.3440782248654,0.07205327450511056,1.0802440772242443,0.0,-0.014731551644038499,1.2654371522478962,-0.1463471138765594
2019-08-05,0.0,3675.688,46267.20113426885,44000.0,2267.2011342688493,0.05152729850611015,1.059561276724052,0.0,-0.019146414163489833,1.2654371522478962,-0.1626915055861372
2019-08-06,0.0,3636.329,45771.7753066568,44000.0,1771.7753066567966,0.04026762060583633,1.0482155715688317,0.0,-0.010707927332243572,1.2654371522478962,-0.17165734409899114
2019-08-07,0.0,3621.431,45584.24884562465,44000.0,1584.2488456246501,0.03600565558237845,1.0439210438775164,0.0,-0.0040969890238206075,1.2654371522478962,-0.17505105486817996
2019-08-08,0.0,3669.294,46186.717566552405,44000.0,2186.7175665524046,0.049698126512554675,1.0577181293178048,0.0,0.013216598631866638,1.2654371522478962,-0.16414803576859083
2019-08-09,0.0,3633.53,45736.543291323935,44000.0,1736.5432913239347,0.039466892984634905,1.0474087261528031,0.0,-0.009746834132124516,1.2654371522478962,-0.17229494622296493
2019-08-12,0.0,3699.105,46561.959298988266,44000.0,2561.959298988266,0.058226347704278814,1.0663115086308534,0.0,0.018047188271460568,1.2654371522478962,-0.15735719728421138
2019-08-13,0.0,3665.752,46142.133144148334,44000.0,2142.1331441483344,0.04868484418518948,1.0566971052150638,0.0,-0.009016505343860115,1.2654371522478962,-0.1649548906178635
2019-08-14,0.0,3682.402,46351.712656578544,44000.0,2351.712656578544,0.053448014922239606,1.06149666797922,0.0,0.004542042123962586,1.2654371522478962,-0.16116208055564096
2019-08-15,0.0,3694.001,46497.713423225876,44000.0,2497.713423225876,0.05676621416422445,1.064840219240568,0.0,0.003149846214508756,1.2654371522478962,-0.15851987011049273
2019-08-16,0.0,3710.539,46705.88315154845,44000.0,2705.883151548449,0.06149734435337395,1.069607496657602,0.0,0.004476988501086021,1.2654371522478962,-0.15475257324508496
2019-08-19,0.0,3791.095,47719.87037096755,44000.0,3719.8703709675465,0.08454250843108069,1.092828732575281,0.0,0.02171005344506538,1.2654371522478962,-0.13640220643593182
2019-08-20,0.0,3787.732,47677.53908566407,44000.0,3677.5390856640734,0.0835804337650925,1.09185930737553,0.0,-0.0008870787991330786,1.2654371522478962,-0.1371682857295805
2019-08-21,0.0,3781.758,47602.34220835128,44000.0,3602.342208351278,0.08187141382616536,1.0901372300209913,0.0,-0.0015771971195428502,1.2654371522478962,-0.1385291414239781
2019-08-22,0.0,3793.506,47750.218491356085,44000.0,3750.218491356085,0.08523223843991112,1.093523732324493,0.0,0.003106491742729034,1.2654371522478962,-0.13585298931520995
2019-08-23,0.0,3820.864,48094.58343436304,44000.0,4094.5834343630413,0.09305871441734181,1.1014100048831588,0.0,0.007211798267882097,1.2654371522478962,-0.1296209354003579
2019-08-26,0.0,3765.911,47402.87034447851,44000.0,3402.8703444785133,0.07733796237451163,1.0855691416652207,0.0,-0.01438234912313019,1.2654371522478962,-0.1421390309768934
2019-08-27,0.0,3816.946,48045.26616531189,44000.0,4045.266165311892,0.09193786739345211,1.1002805942579357,0.0,0.013551833805950153,1.2654371522478962,-0.13051344169608092
2019-08-28,0.0,3802.584,47864.486528223446,44000.0,3864.486528223446,0.0878292392778055,1.0961405750135627,0.0,-0.003762694049116777,1.2654371522478962,-0.1337850535947982
2019-08-29,0.0,3790.187,47708.44104980919,44000.0,3708.4410498091893,0.08428275113202699,1.0925669906539686,0.0,-0.0032601515180202822,1.2654371522478962,-0.13660904556725295
2019-08-30,0.0,3799.586,47826.7496286279,44000.0,3826.7496286278983,0.08697158246881598,1.0952763654539868,0.0,0.002479824874076053,1.2654371522478962,-0.13446798720239828
2019-09-02,1000.0,3848.32,49440.18193846417,45000.0,4440.181938464171,0.09867070974364833,1.1093245271205565,0.0,0.012826134215675244,1.2654371522478962,-0.12336655743829272
2019-09-03,0.0,3853.611,49508.15653585638,45000.0,4508.156535856382,0.10018125635236408,1.1108497215100548,0.0,0.001374885664393588,1.2654371522478962,-0.12216128668518667
2019-09-04,0.0,3886.001,49924.27772457948,45000.0,4924.277724579479,0.10942839387954395,1.1201865285929988,0.0,0.008405103680677817,1.2654371522478962,-0.11478296128486287
2019-09-05,0.0,3925.323,50429.45578518366,45000.0,5429.455785183658,0.12065457300408133,1.1315215680531878,0.0,0.010118885713102044,1.2654371522478962,-0.10582555123881388
2019-09-06,0.0,3948.508,50727.318389708045,45000.0,5727.318389708045,0.12727374199351216,1.1382049231695217,0.0,0.0059065203041890335,1.2654371522478962,-0.10054409170171885
2019-09-09,0.0,3972.948,51041.30424498413,45000.0,6041.3042449841305,0.13425120544409186,1.1452500471308416,0.0,0.006189679747388155,1.2654371522478962,-0.09497674768245645
2019-09-10,0.0,3959.265,50865.51584654949,45000.0,5865.51584654949,0.13034479658998865,1.1413057578033972,0.0,-0.0034440420564276764,1.2654371522478962,-0.09809368582548306
2019-09-11,0.0,3930.1,50490.82691573415,45000.0,5490.826915734149,0.12201837590520337,1.1328985957603575,0.0,-0.007366266213552186,1.2654371522478962,-0.10473736783537613
2019-09-12,0.0,3972.38,51034.007028707674,45000.0,6034.007028707674,0.13408904508239283,1.1450863142990073,0.0,0.010757995979746138,1.2654371522478962,-0.09510613603773221
2019-09-16,0.0,3957.715,50845.60266833026,45000.0,5845.6026683302625,0.1299022815184503,1.1408589516601877,0.0,-0.003691741474883936,1.2654371522478962,-0.09844677024568971
2019-09-17,0.0,3891.221,49991.34016993714,45000.0,4991.340169937139,0.1109186704430476,1.1216912563785182,0.0,-0.016801108720562286,1.2654371522478962,-0.1135938640761659
2019-09-18,0.0,3910.084,50233.677125259266,45000.0,5233.677125259266,0.11630393611687251,1.1271287430103665,0.0,0.004847578690595933,1.2654371522478962,-0.10929694058044803
2019-09-19,0.0,3924.382,50417.366558922826,45000.0,5417.366558922826,0.12038592353161826,1.1312503134849554,0.0,0.00365669893536813,1.2654371522478962,-0.10603990765133942
2019-09-20,0.0,3935.651,50562.14178818249,45000.0,5562.141788182489,0.12360315084849982,1.134498738277104,0.0,0.00287153493212422,1.2654371522478962,-0.10347287001823524
2019-09-23,0.0,3890.662,49984.15857856646,45000.0,4984.158578566457,0.11075907952369901,1.1215301179049346,0.0,-0.011431145698640455,1.2654371522478962,-0.11372120226384075
2019-09-24,0.0,3901.076,50117.94944177617,45000.0,5117.949441776167,0.11373220981724819,1.1245320786632482,0.0,0.0026766653078575953,1.2654371522478962,-0.11134893055285056
2019-09-25,0.0,3870.984,49731.35114566454,45000.0,4731.351145664543,0.1051411365703232,1.1158576977203662,0.0,-0.007713769226746603,1.2654371522478962,-0.11820377982566743
2019-09-26,0.0,3841.139,49347.92611085625,45000.0,4347.92611085625,0.09662058024125009,1.10725451749837,0.0,-0.007709925951644325,1.2654371522478962,-0.12500236338765147
2019-09-27,0.0,3852.653,49495.84890699572,45000.0,4495.848906995721,0.09990775348879377,1.1105735664873484,0.0,0.0029975483834352445,1.2654371522478962,-0.1223795156365145
2019-09-30,0.0,3814.528,49006.04895886149,45000.0,4006.0489588614873,0.089023310196922,1.0995835766745286,0.0,-0.00989577831172428,1.2654371522478962,-0.13106425339160366
2019-10-08,1000.0,3837.679,50303.47475818623,46000.0,4303.474758186232,0.09355379909100514,1.1062571308819147,0.0,0.0060691650447972645,1.2654371522478962,-0.12579053893211323
2019-10-09,0.0,3843.239,50376.35404789637,46000.0,4376.35404789637,0.09513813147600803,1.1078598677569123,0.0,0.0014487923560049243,1.2654371522478962,-0.12452399094737099
2019-10-10,0.0,3874.639,50787.93852575579,46000.0,4787.938525755788,0.1040856201251259,1.1169112954322578,0.0,0.00817019186160417,1.2654371522478962,-0.11737118398317947
2019-10-11,0.0,3911.725,51274.05387435114,46000.0,5274.053874351142,0.11465334509459013,1.1276017809981131,0.0,0.00957147233587441,1.2654371522478962,-0.10892312668782889
2019-10-14,0.0,3953.241,51818.23671456807,46000.0,5818.236714568069,0.1264834068384364,1.1395692673474647,0.0,0.010613220510132804,1.2654371522478962,-0.09946593133988713
2019-10-15,0.0,3936.25,51595.52232401682,46000.0,5595.52232401682,0.12164178965253947,1.1346714072318025,0.0,-0.0042979924573279815,1.2654371522478962,-0.10333641997455523
2019-10-16,0.0,3922.685,51417.71520802437,46000.0,5417.715208024369,0.1177764175657472,1.1307611328236478,0.0,-0.0034461733883771606,1.2654371522478962,-0.10642647814236583
2019-10-17,0.0,3925.222,51450.9696609011,46000.0,5450.969660901101,0.11849934045437172,1.1314924535883724,0.0,0.0006467508861915938,1.2654371522478962,-0.10584855867522724
2019-10-18,0.0,3869.378,50718.978464035456,46000.0,4718.9784640354555,0.10258648834859696,1.1153947489035956,0.0,-0.014226966016189668,1.2654371522478962,-0.11856962084428169
2019-10-21,0.0,3880.84,50869.21990624006,46000.0,4869.219906240061,0.1058526066573926,1.1186988082671245,0.0,0.002962233206474041,1.2654371522478962,-0.11595861850595168
2019-10-22,0.0,3895.881,51066.37411424908,46000.0,5066.3741142490835,0.11013856770106711,1.123034557428426,0.0,0.003875707321095323,1.2654371522478962,-0.11253233285154407
2019-10-23,0.0,3871.085,50741.35345459934,46000.0,4741.353454599339,0.10307290118694223,1.115886812185182,0.0,-0.006364670789482441,1.2654371522478962,-0.11818077238925395
2019-10-24,0.0,3870.668,50735.88750787108,46000.0,4735.887507871077,0.10295407625806696,1.115766606919557,0.0,-0.00010772173692907838,1.2654371522478962,-0.11827576348810964
2019-10-25,0.0,3896.792,51078.315307221375,46000.0,5078.315307221375,0.1103981588526386,1.1232971641358223,0.0,0.006749222614804484,1.2654371522478962,-0.11232481033102237
2019-10-28,0.0,3926.585,51468.835573108816,46000.0,5468.835573108816,0.11888772985019158,1.131885354732369,0.0,0.007645519699280845,1.2654371522478962,-0.10553807218184519
2019-10-29,0.0,3910.226,51254.40530325843,46000.0,5254.405303258427,0.11422620224474844,1.1271696762183252,0.0,-0.00416621568105624,1.2654371522478962,-0.10926459349162898
2019-10-30,0.0,3891.226,51005.357370795726,46000.0,5005.357370795726,0.10881211675642888,1.1216926976886574,0.0,-0.004859054182546063,1.2654371522478962,-0.1135927250941654
2019-10-31,0.0,3886.752,50946.71313659372,46000.0,4946.713136593717,0.10753724209986348,1.1204030133759346,0.0,-0.001149766166241739,1.2654371522478962,-0.1146118861883626
2019-11-01,1000.0,3952.387,52807.04266539317,47000.0,5807.042665393172,0.12355409926368455,1.1393230915756576,0.0,0.016886850511686813,1.2654371522478962,-0.09966046946560103
2019-11-04,0.0,3978.122,53150.88279111817,47000.0,6150.8827911181725,0.1308698466195355,1.1467415148630784,0.0,0.006511255097236157,1.2654371522478962,-0.09379812910816576
2019-11-05,0.0,4002.813,53480.774244169515,47000.0,6480.774244169515,0.13788881370573436,1.1538589925933955,0.0,0.0062066975321521944,1.2654371522478962,-0.08817360819246978
2019-11-06,0.0,3984.882,53241.20178275995,47000.0,6241.201782759948,0.1327915272927649,1.1486901661715287,0.0,-0.004479599721495808,1.2654371522478962,-0.09225822544326323
2019-11-07,0.0,3991.875,53334.6338402379,47000.0,6334.633840237897,0.13477944340931702,1.1507059825324741,0.0,0.0017548825787061517,1.2654371522478962,-0.09066524521712993
2019-11-08,0.0,3973.011,53082.59575468606,47000.0,6082.595754686059,0.12941693095076712,1.1452682076385978,0.0,-0.004725598872710179,1.2654371522478962,-0.09496239650924798
2019-11-11,0.0,3902.978,52146.89901775582,47000.0,5146.899017755823,0.10950848973948557,1.1250803530402709,0.0,-0.01762718502415417,1.2654371522478962,-0.11091566179979662
2019-11-12,0.0,3903.689,52156.398544835305,47000.0,5156.398544835305,0.1097106073369214,1.1252853073420914,0.0,0.00018216859024033916,1.2654371522478962,-0.11075369855930184
2019-11-13,0.0,3899.982,52106.87006820571,47000.0,5106.87006820571,0.1086568099618237,1.1242167200047506,0.0,-0.00094961458251408,1.2654371522478962,-0.11159813981459654
2019-11-14,0.0,3905.857,52185.36475398906,47000.0,5185.364753989059,0.11032690965934178,1.1259102594185295,0.0,0.0015064172091052708,1.2654371522478962,-0.11025983596381217
2019-11-15,0.0,3877.089,51801.00132920347,47000.0,4801.001329203471,0.10214896445113775,1.1176175374005568,0.0,-0.007365349013033651,1.2654371522478962,-0.11681308280285252
2019-11-18,0.0,3907.929,52213.04832657512,47000.0,5213.048326575117,0.1109159218420237,1.1265075383402912,0.0,0.007954421474462015,1.2654371522478962,-0.1097878418227356
2019-11-19,0.0,3947.039,52735.58911993456,47000.0,5735.589119934557,0.12203381106243749,1.13778146625057,0.0,0.01000785838227869,1.2654371522478962,-0.10087872461351499
2019-11-20,0.0,3907.864,52212.17987473241,47000.0,5212.1798747324065,0.11089744414324265,1.126488801308479,0.0,-0.009925161621154421,1.2654371522478962,-0.10980264858874433
2019-11-21,0.0,3889.598,51968.131546133496,47000.0,4968.131546133496,0.10570492651347863,1.1212234071072733,0.0,-0.004674164709928541,1.2654371522478962,-0.11396357763358267
2019-11-22,0.0,3849.995,51439.00387956705,47000.0,4439.003879567048,0.09444689105461812,1.1098073660172507,0.0,-0.010181771998031719,1.2654371522478962,-0.12298499846806932
2019-11-25,0.0,3878.206,51815.9253401005,47000.0,4815.925340100497,0.10246649659788298,1.1179395260856957,0.0,0.007327541983820796,1.2654371522478962,-0.11655863422390345
2019-11-26,0.0,3891.653,51995.58798516069,47000.0,4995.587985160688,0.10628910606724862,1.121815785574561,0.0,0.0034673248404029078,1.2654371522478962,-0.1134954560313084
2019-11-27,0.0,3875.619,51781.36095676066,47000.0,4781.360956760662,0.10173108418639698,1.1171937922195774,0.0,-0.004120100121978831,1.2654371522478962,-0.11714794351104862
2019-11-28,0.0,3862.303,51603.44857618346,47000.0,4603.4485761834585,0.09794571438688204,1.1133552950563639,0.0,-0.003435838249322365,1.2654371522478962,-0.12018128037522624
2019-11-29,0.0,3828.671,51154.09823196805,47000.0,4154.098231968048,0.08838506876527763,1.1036604665347964,0.0,-0.008707758039698033,1.2654371522478962,-0.12784252890451575
2019-12-02,1000.0,3836.059,52252.80780449016,48000.0,4252.807804490163,0.08860016259354508,1.1057901463967537,0.0,0.0019296513072031285,1.2654371522478962,-0.12615956910032944
2019-12-03,0.0,3851.087,52457.51143279355,48000.0,4457.511432793552,0.09286482151653241,1.1101221481516927,0.0,0.0039175622689848755,1.2654371522478962,-0.12273624479912348
2019-12-04,0.0,3849.819,52440.23939388693,48000.0,4440.239393886928,0.09250498737264423,1.1097566319003445,0.0,-0.00032925768750480255,1.2654371522478962,-0.12302509063449274
2019-12-05,0.0,3879.364,52842.68607330027,48000.0,4842.686073300269,0.1008892931937555,1.1182733335139776,0.0,0.007674386769871422,1.2654371522478962,-0.1162948459925488
2019-12-06,0.0,3902.385,53156.2662055316,48000.0,5156.266205531603,0.10742221261524176,1.1249094136577398,0.0,0.005934220145364044,1.2654371522478962,-0.11105074506507562
2019-12-09,0.0,3895.447,53061.76036488954,48000.0,5061.760364889538,0.10545334093519876,1.1229094517083273,0.0,-0.001777887112624832,1.2654371522478962,-0.11263119648920183
2019-12-10,0.0,3900.384,53129.009620474695,48000.0,5129.009620474695,0.10685436709322271,1.1243326013399573,0.0,0.0012673770173230459,1.2654371522478962,-0.11150656566174288
2019-12-11,0.0,3902.749,53161.22442490226,48000.0,5161.224424902262,0.10752550885213052,1.1250143410358868,0.0,0.0006063505542017733,1.2654371522478962,-0.1109678271754273
2019-12-12,0.0,3891.024,53001.512550943175,48000.0,5001.512550943175,0.10419817814464949,1.1216344687590263,0.0,-0.0030042926152821225,1.2654371522478962,-0.11363873996699225
2019-12-13,0.0,3968.221,54053.05008049713,48000.0,6053.050080497131,0.1261052100103568,1.1438874325250659,0.0,0.019839764545271255,1.2654371522478962,-0.09605354126588739
2019-12-16,0.0,3987.546,54316.28521604165,48000.0,6316.285216041651,0.13158927533420117,1.1494580962137937,0.0,0.004869940459465427,1.2654371522478962,-0.09165137583330762
2019-12-17,0.0,4041.8,55055.305088943715,48000.0,7055.3050889437145,0.14698552268632747,1.1650974642742458,0.0,0.013605861850872758,1.2654371522478962,-0.07929250994046533
2019-12-18,0.0,4032.783,54932.48018766532,48000.0,6932.480187665322,0.14442667057636083,1.1624982055688764,0.0,-0.002230936711366427,1.2654371522478962,-0.0813465500804692
2019-12-19,0.0,4027.15,54855.75038075602,48000.0,6855.750380756021,0.14282813293241703,1.160874425565844,0.0,-0.001396802158707633,1.2654371522478962,-0.08262972720242101
2019-12-20,0.0,4017.253,54720.93857550458,48000.0,6720.9385755045805,0.14001955365634533,1.158021496275943,0.0,-0.0024575692487243117,1.2654371522478962,-0.08488422817454211
2019-12-23,0.0,3967.096,54037.72591348613,48000.0,6037.725913486131,0.12578595653096114,1.1435631377437039,0.0,-0.01248539735983778,1.2654371522478962,-0.09630981221603763
2019-12-24,0.0,3992.958,54390.0046754759,48000.0,6390.004675475902,0.13312509740574807,1.1510181703086653,0.0,0.006519126333217162,1.2654371522478962,-0.09041854171578534
2019-12-25,0.0,3990.867,54361.52215705813,48000.0,6361.522157058127,0.1325317116053777,1.150415414408374,0.0,-0.0005236719244229304,1.2654371522478962,-0.09089486398846436
2019-12-26,0.0,4025.988,54839.92221891887,48000.0,6839.922218918873,0.1424983795608099,1.1605394650894507,0.0,0.008800343384031573,1.2654371522478962,-0.08289442661937607
2019-12-27,0.0,4022.028,54785.981151040156,48000.0,6785.981151040156,0.14137460731333662,1.1593979474590568,0.0,-0.0009836094891489955,1.2654371522478962,-0.08379650036390474
2019-12-30,0.0,4081.633,55597.88957298743,48000.0,7597.8895729874275,0.15828936610390465,1.1765798056306798,0.0,0.014819638252145273,1.2654371522478962,-0.07021869593394825
2019-12-31,0.0,4096.582,55801.517104229606,48000.0,7801.517104229606,0.1625316063381168,1.1808890346854168,0.0,0.0036625046886873402,1.2654371522478962,-0.06681336754835265
2020-01-02,1000.0,4152.241,57559.67515904318,49000.0,8559.675159043181,0.17468724814373848,1.1969334108950365,0.0,0.013586692515858312,1.2654371522478962,-0.054134447713322764
2020-01-03,0.0,4144.965,57458.81295079053,49000.0,8458.812950790532,0.1726288357304191,1.1948360163802016,0.0,-0.0017523067663943737,1.2654371522478962,-0.05579189432069398
2020-01-06,0.0,4129.295,57241.590465452566,49000.0,8241.590465452566,0.16819572378474623,1.190318950403365,0.0,-0.0037804903057083727,1.2654371522478962,-0.059361463910785894
2020-01-07,0.0,4160.227,57670.37961136667,49000.0,8670.379611366669,0.17694652268095235,1.199235471449664,0.0,0.007490867085059305,1.2654371522478962,-0.052315265661856736
2020-01-08,0.0,4112.317,57006.23607131931,49000.0,8006.236071319312,0.1633925728840675,1.1854248376940653,0.0,-0.011516198515129084,1.2654371522478962,-0.06322899119225223
2020-01-09,0.0,4164.37,57727.811184867314,49000.0,8727.811184867314,0.17811859560953702,1.2004297410311595,0.0,0.012657827691785473,1.2654371522478962,-0.05137150517610367
2020-01-10,0.0,4163.185,57711.38434088995,49000.0,8711.384340889948,0.1777833538957132,1.2000881505281251,0.0,-0.00028455684773431855,1.2654371522478962,-0.05164144391026171
2020-01-13,0.0,4203.988,58277.00840401982,49000.0,9277.00840401982,0.18932670212285352,1.2118501060516003,0.0,0.009800909640095279,1.2654371522478962,-0.0423466673956151
2020-01-14,0.0,4189.886,58081.52202953124,49000.0,9081.52202953124,0.18533718427614776,1.2077850349344754,0.0,-0.0033544339327323813,1.2654371522478962,-0.04555905223029744
2020-01-15,0.0,4166.734,57760.58169892852,49000.0,8760.581698928523,0.1787873816107861,1.2011111924650615,0.0,-0.005525687333736484,1.2654371522478962,-0.050832994486187943
2020-01-16,0.0,4149.043,57515.34347377765,49000.0,8515.343473777648,0.17378251987301319,1.1960115489298848,0.0,-0.004245771388334596,1.2654371522478962,-0.05486294060094976
2020-01-17,0.0,4154.853,57595.88352737138,49000.0,8595.883527371378,0.1754261944361506,1.1976863513118519,0.0,0.001400322917839425,1.2654371522478962,-0.05353944351617401
2020-01-20,0.0,4185.83,58025.29647748715,49000.0,9025.29647748715,0.18418972403035005,1.206615844149405,0.0,0.007455618766776917,1.2654371522478962,-0.04648299442923909
2020-01-21,0.0,4114.309,57033.84980398002,49000.0,8033.849803980018,0.16395611844857183,1.1859990556535969,0.0,-0.01708645597169478,1.2654371522478962,-0.0627752207631862
2020-01-22,0.0,4131.931,57278.13152935498,49000.0,8278.131529354978,0.16894145978275454,1.1910788091088493,0.0,0.004283100758839087,1.2654371522478962,-0.05876099260003409
2020-01-23,0.0,4003.901,55503.33926401867,49000.0,6503.339264018672,0.13272120946976873,1.154172621679726,0.0,-0.030985512584793762,1.2654371522478962,-0.08792576570912458
2020-02-03,1000.0,3688.358,52129.18261494412,50000.0,2129.1826149441185,0.04258365229888228,1.0632135566172567,0.0,-0.07880889162843929,1.2654371522478962,-0.15980532519644597
2020-02-04,0.0,3785.638,53504.083555899895,50000.0,3504.083555899895,0.0700816711179979,1.091255686689155,0.0,0.026374880095695552,1.2654371522478962,-0.1376452913914602
2020-02-05,0.0,3828.527,54110.25261898226,50000.0,4110.25261898226,0.08220505237964515,1.103618956802782,0.0,0.011329398109380717,1.2654371522478962,-0.12787533158613495
2020-02-06,0.0,3899.775,55117.23187721846,50000.0,5117.231877218459,0.10234463754436929,1.12415704976498,0.0,0.018609768195444243,1.2654371522478962,-0.11164529366942422
2020-02-07,0.0,3899.869,55118.56042047966,50000.0,5118.560420479662,0.10237120840959313,1.1241841463956006,0.0,2.41039547155264e-05,1.2654371522478962,-0.11162388080781149
2020-02-10,0.0,3916.005,55346.617591360235,50000.0,5346.617591360235,0.10693235182720473,1.1288355424774277,0.0,0.004137574877514982,1.2654371522478962,-0.1079481580952577
2020-02-11,0.0,3952.464,55861.90864200072,50000.0,5861.9086420007225,0.11723817284001448,1.1393452877518042,0.0,0.00931025368966587,1.2654371522478962,-0.09964292914279071
2020-02-12,0.0,3984.433,56313.74055176033,50000.0,6313.740551760333,0.12627481103520677,1.1485607365210118,0.0,0.008088372215407924,1.2654371522478962,-0.09236050602692325
2020-02-13,0.0,3959.919,55967.27342936529,50000.0,5967.27342936529,0.11934546858730588,1.141494281169629,0.0,-0.006152443773053795,1.2654371522478962,-0.09794470697979574
2020-02-14,0.0,3987.734,56360.395033730885,50000.0,6360.395033730885,0.12720790067461762,1.1495122894750345,0.0,0.0070241335744494204,1.2654371522478962,-0.09160855011008273
2020-02-17,0.0,4077.424,57628.02317306398,50000.0,7628.023173063979,0.1525604634612796,1.1753665107553446,0.0,0.02249147009304031,1.2654371522478962,-0.07117749098211001
2020-02-18,0.0,4057.511,57346.58400327314,50000.0,7346.584003273143,0.14693168006546276,1.169626348994225,0.0,-0.004883720702090422,1.2654371522478962,-0.07571360069796829
2020-02-19,0.0,4051.311,57258.95668178953,50000.0,7258.956681789532,0.1451791336357906,1.1678391244213862,0.0,-0.0015280303614702007,1.2654371522478962,-0.07712593837879578
2020-02-20,0.0,4144.656,58578.242540481115,50000.0,8578.242540481115,0.17156485080962236,1.1947469434135876,0.0,0.023040689791526736,1.2654371522478962,-0.05586228340833521
2020-02-21,0.0,4149.49,58646.56358436043,50000.0,8646.563584360432,0.17293127168720868,1.196140402056346,0.0,0.0011663211615147162,1.2654371522478962,-0.054761115610090116
2020-02-24,0.0,4132.839,58411.22769242113,50000.0,8411.227692421133,0.1682245538484226,1.191340551030162,0.0,-0.00401278229372759,1.2654371522478962,-0.058554153468712844
2020-02-25,0.0,4123.854,58284.238743464644,50000.0,8284.238743464644,0.1656847748692929,1.188750516709685,0.0,-0.002174050331987254,1.2654371522478962,-0.06060090412391217
2020-02-26,0.0,4073.015,57565.70884073797,50000.0,7565.708840737971,0.15131417681475945,1.174095563474434,0.0,-0.012328031011767049,1.2654371522478962,-0.07218184531029848
2020-02-27,0.0,4084.876,57733.3455601117,50000.0,7733.345560111702,0.15466691120223408,1.177514639387086,0.0,0.0029120933755462097,1.2654371522478962,-0.06947995220831515
2020-02-28,0.0,3940.049,55686.44199744926,50000.0,5686.441997449263,0.1137288399489853,1.135766514675708,0.0,-0.03545444219114624,1.2654371522478962,-0.10247102145044806
2020-03-02,1000.0,4069.666,58518.375953697876,51000.0,7518.375953697876,0.1474191363470172,1.173130173943073,0.0,0.032897306607100774,1.2654371522478962,-0.07294473545434554
2020-03-03,0.0,4091.362,58830.3461951603,51000.0,7830.346195160302,0.15353619990510392,1.1793843068998977,0.0,0.00533115002557949,1.2654371522478962,-0.06800246475704941
2020-03-04,0.0,4115.052,59170.98848038545,51000.0,8170.988480385451,0.1602154603997148,1.1862132343403093,0.0,0.005790247844116303,1.2654371522478962,-0.06260596803788732
2020-03-05,0.0,4206.725,60489.16915634347,51000.0,9489.169156343472,0.1860621403204603,1.2126390792219002,0.0,0.0222774827632799,1.2654371522478962,-0.041723188648449816
2020-03-06,0.0,4138.507,59508.25166316113,51000.0,8508.251663161129,0.16682846398355156,1.19297442020417,0.0,-0.016216415382512728,1.2654371522478962,-0.05726300347275626
2020-03-09,0.0,3997.133,57475.41238787955,51000.0,6475.412387879551,0.12696887035057935,1.1522216642750527,0.0,-0.034160628458523745,1.2654371522478962,-0.08946749174522806
2020-03-10,0.0,4082.732,58706.254049888325,51000.0,7706.2540498883245,0.15110302058604552,1.176896605599317,0.0,0.021415099272403593,1.2654371522478962,-0.06996834769020144
2020-03-11,0.0,4028.429,57925.422559192615,51000.0,6925.422559192615,0.1357925991998552,1.161243112699499,0.0,-0.013300652602228125,1.2654371522478962,-0.08233837560665025
2020-03-12,0.0,3950.911,56810.77888396748,51000.0,5810.778883967483,0.11393684086210754,1.138897616822511,0.0,-0.019242737057051262,1.2654371522478962,-0.09999669695219804
2020-03-13,0.0,3895.313,56011.3263819013,51000.0,5011.326381901301,0.09826130160590796,1.1228708245965917,0.0,-0.01407219752608968,1.2654371522478962,-0.11266172120681983
2020-03-16,0.0,3727.84,53603.205426497676,51000.0,2603.205426497676,0.05104324365681712,1.0745947180019062,0.0,-0.042993464196586895,1.2654371522478962,-0.15081146772637544
2020-03-17,0.0,3709.682,53342.108650848946,51000.0,2342.108650848946,0.04592369903625393,1.069360456099711,0.0,-0.004870917206747261,1.2654371522478962,-0.15494779475999942
2020-03-18,0.0,3636.257,52286.31887488201,51000.0,1286.3188748820103,0.025221938723176685,1.0481948167028243,0.0,-0.01979280164714925,1.2654371522478962,-0.17167374543980085
2020-03-19,0.0,3589.093,51608.14020285334,51000.0,608.1402028533412,0.011924317703006615,1.0345992264200221,0.0,-0.012970480359336456,1.2654371522478962,-0.18241753485569667
2020-03-20,0.0,3653.224,52530.290071733645,51000.0,1530.2900717336452,0.03000568768105194,1.0530857585298177,0.0,0.01786830266030992,1.2654371522478962,-0.1678087239187359
2020-03-23,0.0,3530.306,50762.8325615899,51000.0,-237.16743841009884,-0.00465034192960978,1.0176531665872024,0.0,-0.033646444893606464,1.2654371522478962,-0.19580900183034422
2020-03-24,0.0,3625.115,52126.106281299115,51000.0,1126.106281299115,0.022080515319590432,1.044983001188216,0.0,0.02685574564924398,1.2654371522478962,-0.17421185293008834
2020-03-25,0.0,3722.518,53526.67954038673,51000.0,2526.679540386729,0.04954273608601434,1.0730605874895434,0.0,0.026868940709467326,1.2654371522478962,-0.15202380016788597
2020-03-26,0.0,3698.047,53174.807131701855,51000.0,2174.807131701855,0.04264327709219318,1.0660065274053594,0.0,-0.006573776137549836,1.2654371522478962,-0.1575982058755525
2020-03-27,0.0,3710.061,53347.558352246175,51000.0,2347.5583522461748,0.0460305559263956,1.0694697074082766,0.0,0.0032487418358932985,1.2654371522478962,-0.15486145992434874
2020-03-30,0.0,3674.111,52830.62757327428,51000.0,1830.6275732742797,0.035894658299495674,1.0591066875060895,0.0,-0.009689867632904359,1.2654371522478962,-0.1630507405091478
2020-03-31,0.0,3686.155,53003.81016859939,51000.0,2003.8101685993897,0.03929039546273305,1.0625785153698433,0.0,0.0032780718927656327,1.2654371522478962,-0.16030716066593986
2020-04-01,1000.0,3675.076,53844.50346205614,52000.0,1844.5034620561419,0.03547122042415651,1.0593848603629912,0.0,-0.0030055708455016816,1.2654371522478962,-0.16283091698301888
2020-04-02,0.0,3734.531,54715.5942785009,52000.0,2715.594278500903,0.05222296689424821,1.0765234792304326,0.0,0.016177896729210328,1.2654371522478962,-0.1492872820130825
2020-04-03,0.0,3713.218,54403.33191922267,52000.0,2403.33191922267,0.046217921523512784,1.070379750630285,0.0,-0.005707008457018992,1.2654371522478962,-0.15414230668912743
2020-04-07,0.0,3798.021,55645.802939439054,52000.0,3645.802939439054,0.0701115949892126,1.094825235380359,0.0,0.022838142010514817,1.2654371522478962,-0.13482448856860718
2020-04-08,0.0,3780.345,55386.82722214904,52000.0,3386.8272221490406,0.06513129273363538,1.0897299157756006,0.0,-0.00465400270298677,1.2654371522478962,-0.13885101773736686
2020-04-09,0.0,3792.811,55569.469861419086,52000.0,3569.4698614190856,0.06864365118113636,1.0933233902151185,0.0,0.003297582628040585,1.2654371522478962,-0.13601130781330262
2020-04-10,0.0,3769.178,55223.21657296498,52000.0,3223.2165729649787,0.06198493409548034,1.0865108937102956,0.0,-0.006230998591809533,1.2654371522478962,-0.14139482013765736
2020-04-13,0.0,3753.257,54989.95382149551,52000.0,2989.95382149551,0.05749911195183666,1.081921473964462,0.0,-0.004223997911480981,1.2654371522478962,-0.14502156662418264
2020-04-14,0.0,3825.699,56051.32058501231,52000.0,4051.320585012312,0.07791001125023667,1.1028037517879452,0.0,0.019301103015327614,1.2654371522478962,-0.1285195398057125
2020-04-15,0.0,3797.362,55636.147757401595,52000.0,3636.1477574015953,0.06992591841156903,1.094635270703988,0.0,-0.007407012417861236,1.2654371522478962,-0.1349746063962951
2020-04-16,0.0,3802.381,55709.68244426958,52000.0,3709.6824442695797,0.07134004700518415,1.0960820578219037,0.0,0.0013217070166078315,1.2654371522478962,-0.13383129626402512
2020-04-17,0.0,3839.487,56253.33219340758,52000.0,4253.332193407579,0.08179484987322261,1.1067783086283167,0.0,0.009758622294820052,1.2654371522478962,-0.1253786830406719
2020-04-20,0.0,3853.455,56457.98102906648,52000.0,4457.981029066483,0.08573040440512458,1.1108047526337061,0.0,0.0036379860121937835,1.2654371522478962,-0.12219682292360734
2020-04-21,0.0,3808.047,55792.696498024125,52000.0,3792.6964980241246,0.07293647111584844,1.0977153504718562,0.0,-0.011783710981443929,1.2654371522478962,-0.1325406018608688
2020-04-22,0.0,3839.383,56251.80846209969,52000.0,4251.808462099689,0.08176554734807095,1.1067483293774174,0.0,0.008228890032081937,1.2654371522478962,-0.12540237386628583
2020-04-23,0.0,3829.753,56110.716803494644,52000.0,4110.716803494644,0.07905224622105078,1.1039723660489598,0.0,-0.0025082155127527095,1.2654371522478962,-0.12759605319957124
2020-04-24,0.0,3796.972,55630.43376499703,52000.0,3630.433764997033,0.06981603394225067,1.0945228485131158,0.0,-0.008559559846287756,1.2654371522478962,-0.13506344699234718
2020-04-27,0.0,3822.769,56008.39238566519,52000.0,4008.392385665189,0.0770844689550998,1.1019591440462648,0.0,0.006794098033906737,1.2654371522478962,-0.12918698325810374
2020-04-28,0.0,3849.147,56394.8633898899,52000.0,4394.863389889899,0.08451660365172886,1.109562919817611,0.0,0.006900233835735348,1.2654371522478962,-0.12317816981538243
2020-04-29,0.0,3867.032,56656.90122105825,52000.0,4656.901221058251,0.08955579271265868,1.1147184861861954,0.0,0.004646484013211216,1.2654371522478962,-0.11910403119899504
2020-04-30,0.0,3912.577,57324.19297507351,52000.0,5324.192975073507,0.10238832644372131,1.1278473802458646,0.0,0.011777766514474264,1.2654371522478962,-0.10872904415491513
2020-05-06,1000.0,3936.254,58671.09091908095,53000.0,5671.090919080947,0.10700171545435744,1.134672560279914,0.0,0.006051510296154916,1.2654371522478962,-0.1033355087889547
2020-05-07,0.0,3924.895,58501.78148890956,53000.0,5501.781488909561,0.10380719790395387,1.1313981919052565,0.0,-0.002885738572764751,1.2654371522478962,-0.10592304809807085
2020-05-08,0.0,3963.622,59079.0194766063,53000.0,6079.0194766063,0.114698480690685,1.1425617154588583,0.0,0.009867015550734326,1.2654371522478962,-0.09710117691010145
2020-05-11,0.0,3960.18,59027.715395379964,53000.0,6027.715395379964,0.11373047915811263,1.141569517558905,0.0,-0.0008683976423583539,1.2654371522478962,-0.09788525211936083
2020-05-12,0.0,3960.238,59028.579903430844,53000.0,6028.579903430844,0.11374679063077053,1.1415862367565217,0.0,1.4645798928292209e-05,1.2654371522478962,-0.09787203992815319
2020-05-13,0.0,3968.253,59148.04597287567,53000.0,6148.045972875669,0.1160008674127484,1.143896656909958,0.0,0.0020238682624631466,1.2654371522478962,-0.09604625178108306
2020-05-14,0.0,3925.218,58506.59590443428,53000.0,5506.595904434282,0.1038980359327224,1.1314913005402607,0.0,-0.010844822646136842,1.2654371522478962,-0.10584946986082788
2020-05-15,0.0,3912.816,58321.74023465829,53000.0,5321.740234658289,0.10041019310676025,1.1279162748705271,0.0,-0.0031595697359994013,1.2654371522478962,-0.10867460081528335
2020-05-18,0.0,3922.912,58472.22425675621,53000.0,5472.224256756213,0.10324951427841911,1.1308265683039758,0.0,0.002580238886776165,1.2654371522478962,-0.10637476835953563
2020-05-19,0.0,3956.25,58969.13752227727,53000.0,5969.137522277269,0.11262523626938248,1.1404366477893475,0.0,0.008498278829604189,1.2654371522478962,-0.09878049197188532
2020-05-20,0.0,3935.222,58655.708637899785,53000.0,5655.708637899785,0.10671148373395822,1.1343750738671448,0.0,-0.005315134281200673,1.2654371522478962,-0.10357059467389229
2020-05-21,0.0,3913.795,58336.33253434469,53000.0,5336.332534344692,0.10068551951593752,1.128198483395819,0.0,-0.005444927884627693,1.2654371522478962,-0.10845158813955269
2020-05-22,0.0,3824.064,56998.86405307797,53000.0,3998.8640530779667,0.07545026515241449,1.102332443372366,0.0,-0.022926852326194846,1.2654371522478962,-0.12889198691993065
2020-05-25,0.0,3829.325,57077.28089541723,53000.0,4077.2808954172287,0.07692982821541938,1.1038489899010282,0.0,0.0013757614935314688,1.2654371522478962,-0.12769355005882843
2020-05-26,0.0,3872.77,57724.84214145965,53000.0,4724.842141459652,0.08914796493320098,1.116372533702155,0.0,0.011345341541916687,1.2654371522478962,-0.117796935455029
2020-05-27,0.0,3845.614,57320.073509913374,53000.0,4320.073509913374,0.08151082094176187,1.1085444900731207,0.0,-0.007012035313225362,1.2654371522478962,-0.12398297449705398
2020-05-28,0.0,3856.632,57484.30022895804,53000.0,4484.30022895804,0.08460943828222711,1.1117205610962722,0.0,0.002865082142929465,1.2654371522478962,-0.12147311376038317
2020-05-29,0.0,3867.023,57639.181317866474,53000.0,4639.181317866474,0.08753172297861278,1.1147158918279445,0.0,0.0026943198106532673,1.2654371522478962,-0.11910608136659617
2020-06-01,1000.0,3971.34,60194.05866861817,54000.0,6194.0586686181705,0.11470479015959567,1.144786521790015,0.0,0.026976048500358063,1.2654371522478962,-0.09534304429387097
2020-06-02,0.0,3983.568,60379.399875717,54000.0,6379.3998757169975,0.11813703473549997,1.148311389866898,0.0,0.003079061475471656,1.2654371522478962,-0.09255754991303877
2020-06-03,0.0,3983.648,60380.612444948914,54000.0,6380.612444948914,0.1181594897212761,1.1483344508291282,0.0,2.0082498905615864e-05,1.2654371522478962,-0.092539326201028
2020-06-04,0.0,3982.185,60358.43758512019,54000.0,6358.437585120191,0.11774884416889253,1.1479127234823436,0.0,-0.0003672513234102004,1.2654371522478962,-0.09287259233442346
2020-06-05,0.0,4001.251,60647.423147317306,54000.0,6647.423147317306,0.12310042865402426,1.1534087273058513,0.0,0.004787823770116217,1.2654371522478962,-0.08852942616947823
2020-06-08,0.0,4021.955,60961.23606453796,54000.0,6961.2360645379595,0.12891177897292527,1.1593769043310218,0.0,0.00517438171211948,1.2654371522478962,-0.08381312950111441
2020-06-09,0.0,4047.029,61341.28557605219,54000.0,7341.2855760521925,0.13594973288985535,1.1666047864180158,0.0,0.006234281586939616,1.2654371522478962,-0.07810136256416733
2020-06-10,0.0,4039.705,61230.27486287,54000.0,7230.274862869999,0.13389397894203703,1.1644935553258429,0.0,-0.0018097226385084264,1.2654371522478962,-0.0797697433987451
2020-06-11,0.0,3995.885,60566.09006608633,54000.0,6566.0900660863335,0.1215942604830802,1.151861913264262,0.0,-0.010847326723114725,1.2654371522478962,-0.08975178165259456
2020-06-12,0.0,4003.083,60675.19098272825,54000.0,6675.190982728251,0.1236146478283009,1.1539368233409224,0.0,0.0018013531420448814,1.2654371522478962,-0.08811210316443374
2020-06-15,0.0,3954.988,59946.209517613905,54000.0,5946.209517613905,0.11011499106692413,1.1400728611101663,0.0,-0.012014489831962072,1.2654371522478962,-0.0990679710288539
2020-06-16,0.0,4014.57,60849.30076731643,54000.0,6849.300767316432,0.12683890309845247,1.1572480892551484,0.0,0.015065026745972654,1.2654371522478962,-0.08549540591610016
2020-06-17,0.0,4017.594,60895.13588428297,54000.0,6895.135884282972,0.12768770156079579,1.158119793627449,0.0,0.0007532562640579776,1.2654371522478962,-0.08480654960209677
2020-06-18,0.0,4044.384,61301.195005821864,54000.0,7301.1950058218645,0.13520731492262716,1.1658423333542804,0.0,0.0066681700540174305,1.2654371522478962,-0.07870388404252049
2020-06-19,0.0,4098.71,62124.6204569873,54000.0,8124.620456987301,0.1504559343886538,1.1815024562807397,0.0,0.013432453496008412,1.2654371522478962,-0.06632861680886848
2020-06-22,0.0,4102.046,62175.18459395833,54000.0,8175.184593958329,0.15139230729552455,1.1824640984057382,0.0,0.0008139146219177107,1.2654371522478962,-0.06556868801802318
2020-06-23,0.0,4121.794,62474.507308857545,54000.0,8474.507308857545,0.15693532053439907,1.188156696932258,0.0,0.004814182971131897,1.2654371522478962,-0.06107016470818716
2020-06-24,0.0,4138.99,62735.14906525855,54000.0,8735.149065258549,0.1617620197270102,1.1931136507636348,0.0,0.004171969778208107,1.2654371522478962,-0.057152977811491756
2020-06-29,0.0,4109.716,62291.439669068575,54000.0,8291.439669068575,0.1535451790568254,1.1846750681595566,0.0,-0.007072739967963093,1.2654371522478962,-0.06382148962899936
2020-06-30,0.0,4163.964,63113.682865232884,54000.0,9113.682865232884,0.16877190491172,1.2003127066478412,0.0,0.013199938876554906,1.2654371522478962,-0.05146399051455797
2020-07-01,1000.0,4247.784,65384.152277976085,55000.0,10384.152277976085,0.1888027686904743,1.2244748298245118,0.0,0.020129857030464215,1.2654371522478962,-0.03237009625536891
2020-07-02,0.0,4335.845,66739.63406183112,55000.0,11739.634061831122,0.21344789203329317,1.24985947226141,0.0,0.020731044704721535,1.2654371522478962,-0.012310117463213643
2020-07-03,0.0,4419.596,68028.77403162072,55000.0,13028.77403162072,0.23688680057492228,1.274001705358157,0.0,0.01931595801971686,1.274001705358157,0.0
2020-07-06,0.0,4670.095,71884.58797166117,55000.0,16884.587971661167,0.3069925085756575,1.3462110550793789,0.0,0.056679162529787996,1.3462110550793789,0.0
2020-07-07,0.0,4698.126,72316.05604360266,55000.0,17316.056043602657,0.3148373826109574,1.354291327982806,0.0,0.00600223335927863,1.354291327982806,0.0
2020-07-08,0.0,4774.004,73484.01060686394,55000.0,18484.010606863943,0.33607292012479895,1.3761640741340753,0.0,0.01615069497923205,1.3761640741340753,0.0
2020-07-09,0.0,4840.771,74511.72380865189,55000.0,19511.723808651892,0.3547586147027617,1.3954104649493553,0.0,0.013985534993267823,1.3954104649493553,0.0
2020-07-10,0.0,4753.133,73162.75306594528,55000.0,18162.753065945275,0.33023187392627773,1.3701477573502494,0.0,-0.01810414084863754,1.3954104649493553,-0.01810414084863754
2020-07-13,0.0,4852.961,74699.35877697151,55000.0,19699.35877697151,0.35817015958130005,1.398924379069179,0.0,0.021002568200805705,1.398924379069179,0.0
2020-07-14,0.0,4806.69,73987.13091650255,55000.0,18987.130916502545,0.34522056211822805,1.3855862067772708,0.0,-0.009534591355669364,1.398924379069179,-0.009534591355669364
2020-07-15,0.0,4744.469,73029.39216639474,55000.0,18029.39216639474,0.3278071302980863,1.367650255140721,0.0,-0.012944666704114316,1.398924379069179,-0.02235583595252466
2020-07-16,0.0,4516.253,69516.57002283221,55000.0,14516.57002283221,0.26393763677876736,1.3018642481866878,0.0,-0.048101484064918654,1.398924379069179,-0.06938197113061495
2020-07-17,0.0,4544.701,69954.45678072853,55000.0,14954.456780728535,0.27189921419506424,1.3100647263557397,0.0,0.006299027091706266,1.398924379069179,-0.06351998295473626
2020-07-20,0.0,4680.305,72041.74572609457,55000.0,17041.745726094567,0.30984992229262853,1.3491542103840055,0.0,0.02983782651487954,1.398924379069179,-0.03557745467148821
2020-07-21,0.0,4691.043,72207.03073756429,55000.0,17207.030737564288,0.3128551043193506,1.3522495680393511,0.0,0.0022942949230870813,1.398924379069179,-0.03336478492203021
2020-07-22,0.0,4714.445,72567.24677764758,55000.0,17567.246777647582,0.3194044868663197,1.3589954760157346,0.0,0.004988656040884942,1.398924379069179,-0.02854257431699947
2020-07-23,0.0,4712.436,72536.32318032566,55000.0,17536.323180325664,0.31884223964228475,1.3584163576017292,0.0,-0.0004261371168822192,1.398924379069179,-0.02895654838355388
2020-07-24,0.0,4505.591,69352.4548438147,55000.0,14352.454843814703,0.2609537244329947,1.2987907984454607,0.0,-0.043893434308709844,1.398924379069179,-0.07157898033798327
2020-07-27,0.0,4528.45,69704.31273887768,55000.0,14704.312738877677,0.26735114070686694,1.3053801801407066,0.0,0.005073474267859535,1.398924379069179,-0.06686866018498816
2020-07-28,0.0,4568.258,70317.05866331303,55000.0,15317.05866331303,0.27849197569660045,1.316855314946444,0.0,0.008790645805960118,1.398924379069179,-0.0586658330862333
2020-07-29,0.0,4679.008,72021.78161174587,55000.0,17021.78161174587,0.30948693839537955,1.3487803345338487,0.0,0.024243376797019822,1.398924379069179,-0.03584471418583424
2020-07-30,0.0,4656.151,71669.95450174742,55000.0,16669.954501747416,0.3030900818499531,1.3421915293626585,0.0,-0.0048850098140460485,1.398924379069179,-0.04055462221930084
2020-07-31,0.0,4695.046,72268.64704422413,55000.0,17268.647044224126,0.31397540080407493,1.353403480936944,0.0,0.008353466199871873,1.398924379069179,-0.03253992768538627
2020-08-03,1000.0,4771.311,74442.55851747225,56000.0,18442.55851747225,0.3293314020977187,1.3753877844930018,0.0,0.016243717313951578,1.398924379069179,-0.016824779758172537
2020-08-04,0.0,4775.802,74512.62763061578,56000.0,18512.62763061578,0.33058263626099604,1.3766823692601986,0.0,0.000941250738004884,1.398924379069179,-0.015899365356531914
2020-08-05,0.0,4777.109,74533.01959919263,56000.0,18533.01959919263,0.33094677855701127,1.3770591277306343,0.0,0.00027367131216915475,1.398924379069179,-0.015630045244542368
2020-08-06,0.0,4762.764,74309.20721263197,56000.0,18309.20721263197,0.32695012879699936,1.372924008940735,0.0,-0.0030028621913380515,1.398924379069179,-0.018585972563966657
2020-08-07,0.0,4707.926,73453.61825102767,56000.0,17453.61825102767,0.31167175448263706,1.357116295856003,0.0,-0.011513902431445122,1.398924379069179,-0.02988587792071673
2020-08-10,0.0,4724.87,73717.98054296798,56000.0,17717.980542967984,0.31639250969585686,1.362000607656355,0.0,0.0035990370281944184,1.398924379069179,-0.02639440127377901
2020-08-11,0.0,4681.784,73045.7476752543,56000.0,17045.7476752543,0.3043883513438268,1.3495805499232358,0.0,-0.009118981051330577,1.398924379069179,-0.035272692280032825
2020-08-12,0.0,4647.645,72513.1069596883,56000.0,16513.106959688303,0.29487690999443394,1.3397395725535348,0.0,-0.007291878480510716,1.398924379069179,-0.04230736657475709
2020-08-13,0.0,4635.713,72326.94248450936,56000.0,16326.94248450936,0.29155254436623856,1.3363000300369032,0.0,-0.002567321729607386,1.398924379069179,-0.04476607168283464
2020-08-14,0.0,4704.629,73402.17806709664,56000.0,17402.17806709664,0.31075317976958283,1.3561658959500915,0.0,0.014866321534573013,1.398924379069179,-0.03056525696373824
2020-08-17,0.0,4815.226,75127.72554123045,56000.0,19127.72554123045,0.34156652752197236,1.388046811447231,0.0,0.02350812359486798,1.398924379069179,-0.007775665207282789
2020-08-18,0.0,4812.756,75089.18830910744,56000.0,19089.18830910744,0.34087836266263283,1.3873348042383744,0.0,-0.0005129561935409699,1.398924379069179,-0.008284632825196758
2020-08-19,0.0,4740.678,73964.61882855537,56000.0,17964.618828555365,0.3207967647956316,1.3665574537930383,0.0,-0.014976450083902138,1.398924379069179,-0.02313700851912892
2020-08-20,0.0,4679.154,73004.71410420834,56000.0,17004.71410420834,0.30365560900372035,1.3488224207899189,0.0,-0.012977890504269562,1.398924379069179,-0.03581462946024083
2020-08-21,0.0,4718.843,73623.94657616415,56000.0,17623.946576164148,0.3147133317172168,1.3602632524143385,0.0,0.008482088856233139,1.398924379069179,-0.02763632347344247
2020-08-24,0.0,4755.849,74201.31856480576,56000.0,18201.318564805755,0.32502354580010273,1.3709306770179641,0.0,0.007842176567434134,1.398924379069179,-0.020010875834361674
2020-08-25,0.0,4761.951,74296.52269047973,56000.0,18296.52269047973,0.32672361947285244,1.372689651912071,0.0,0.0012830516696387129,1.398924379069179,-0.01875349915237312
2020-08-26,0.0,4706.13,73425.59684661757,56000.0,17425.59684661757,0.3111713722610281,1.3565985772539353,0.0,-0.011722296176504221,1.398924379069179,-0.030255961257467434
2020-08-27,0.0,4731.345,73819.00425875609,56000.0,17819.00425875609,0.3181965046206445,1.36386710428686,0.0,0.005357905540220864,1.398924379069179,-0.0250601642996926
2020-08-28,0.0,4844.265,75580.79545362748,56000.0,19580.795453627477,0.34965706167191923,1.3964176524747585,0.0,0.02386636358160321,1.398924379069179,-0.0017918957106806133
2020-08-31,0.0,4816.215,75143.15603619795,56000.0,19143.15603619795,0.3418420720749633,1.3883319025928018,0.0,-0.0057903520967577116,1.398924379069179,-0.007571872100352706
2020-09-01,1000.0,4842.122,76547.36011417821,57000.0,19547.360114178213,0.3429361423540038,1.3957999069490177,0.0,0.005379120325816,1.398924379069179,-0.0022334817856560774
2020-09-02,0.0,4843.887,76575.26236253162,57000.0,19575.26236253162,0.34342565548301085,1.3963086894282208,0.0,0.0003645096096296374,1.398924379069179,-0.0018697863016001737
2020-09-03,0.0,4817.095,76151.71729857432,57000.0,19151.717298574324,0.33599504032586536,1.3885855731773338,0.0,-0.0055310951721210255,1.398924379069179,-0.007390539507735605
2020-09-04,0.0,4770.219,75410.67152304198,57000.0,18410.67152304198,0.32299423724635057,1.37507300235856,0.0,-0.009731176154923249,1.398924379069179,-0.017049797020829205
2020-09-07,0.0,4669.368,73816.35444163119,57000.0,16816.354441631192,0.2950237621338805,1.3460014885851121,0.0,-0.021141796634494114,1.398924379069179,-0.0378311303140495
2020-09-08,0.0,4694.389,74211.90240539932,57000.0,17211.90240539932,0.301963200094725,1.3532140927846286,0.0,0.005358541027393748,1.398924379069179,-0.03267530895055626
2020-09-09,0.0,4584.589,72476.11381094904,57000.0,15476.113810949042,0.27151076861314105,1.321562922123707,0.0,-0.023389625359125588,1.398924379069179,-0.055300671074834606
2020-09-10,0.0,4581.978,72434.83745375315,57000.0,15434.837453753149,0.2707866219956694,1.3208102699689197,0.0,-0.0005695167004063917,1.398924379069179,-0.05583869311952028
2020-09-11,0.0,4627.283,73151.04785695506,57000.0,16151.047856955061,0.2833517167886852,1.3338699811418984,0.0,0.009887651141057496,1.398924379069179,-0.0465031554962011
2020-09-14,0.0,4651.051,73526.78759568816,57000.0,16526.78759568816,0.28994364202961687,1.3407213930204847,0.0,0.005136491543741739,1.398924379069179,-0.04160552701742293
2020-09-15,0.0,4688.483,74118.53658173062,57000.0,17118.536581730616,0.3003252031882564,1.3515116172479855,0.0,0.008048073435444891,1.398924379069179,-0.033892297918734604
2020-09-16,0.0,4657.358,73626.49268371363,57000.0,16626.49268371363,0.29169285410023904,1.3425394616303064,0.0,-0.006638607839678623,1.398924379069179,-0.040305908083745234
2020-09-17,0.0,4632.714,73236.90457695923,57000.0,16236.904576959234,0.2848579750343725,1.3354355322152995,0.0,-0.005291411997961126,1.398924379069179,-0.04538404491608328
2020-09-18,0.0,4737.089,74886.93130324109,57000.0,17886.931303241086,0.3138058123375629,1.365522881374987,0.0,0.02252998997995559,1.398924379069179,-0.023876557013336797
2020-09-21,0.0,4691.428,74165.09302445062,57000.0,17165.093024450616,0.3011419828850985,1.352360548920084,0.0,-0.0096390420361534,1.398924379069179,-0.03328545191276011
2020-09-22,0.0,4635.761,73285.0735008872,57000.0,16285.0735008872,0.28570304387521395,1.3363138666142416,0.0,-0.01186568354027806,1.398924379069179,-0.04475618081414623
2020-09-23,0.0,4652.327,73546.95941942694,57000.0,16546.959419426945,0.2902975336741569,1.341089215368056,0.0,0.003573523311490856,1.398924379069179,-0.04134259475812807
2020-09-24,0.0,4563.066,72135.86446743034,57000.0,15135.864467430336,0.2655414818847428,1.315358658497705,0.0,-0.019186312570032338,1.398924379069179,-0.05973569538267476
2020-09-25,0.0,4570.022,72245.82936235744,57000.0,15245.829362357443,0.2674706905676745,1.3173638091636193,0.0,0.0015244136289065402,1.398924379069179,-0.05830234366194176
2020-09-28,0.0,4581.909,72433.74665764187,57000.0,15433.746657641866,0.2707674852217872,1.320790379888996,0.0,0.0026010815702854906,1.398924379069179,-0.05585291124325975
2020-09-29,0.0,4591.799,72590.09410025676,57000.0,15590.094100256756,0.27351042281152194,1.323641291344702,0.0,0.0021584889616970138,1.398924379069179,-0.053814980173959914
2020-09-30,0.0,4587.395,72520.47285280722,57000.0,15520.472852807216,0.27228899741767054,1.3223717853739307,0.0,-0.0009591012150138578,1.398924379069179,-0.05472246737610298
2020-10-09,1000.0,4681.141,75002.46955203613,58000.0,17002.469552036127,0.2931460267592436,1.3493951974393108,0.0,0.020435563102806586,1.398924379069179,-0.035405188708501956
2020-10-12,0.0,4823.158,77277.9031948962,58000.0,19277.903194896193,0.33237764129131375,1.3903333058523535,0.0,0.030338116284042815,1.398924379069179,-0.0061411991565561985
2020-10-13,0.0,4839.201,77534.94835098597,58000.0,19534.94835098597,0.3368094543273443,1.394957893565588,0.0,0.003326243925660277,1.398924379069179,-0.002835382357286753
2020-10-14,0.0,4807.102,77020.64974939486,58000.0,19020.649749394855,0.3279422370585321,1.3857049707327564,0.0,-0.0066331198063480645,1.398924379069179,-0.009449694732762137
2020-10-15,0.0,4798.736,76886.60750194444,58000.0,18886.60750194444,0.32563116382662827,1.3832933706075354,0.0,-0.001740341686113589,1.398924379069179,-0.011173590721211268
2020-10-16,0.0,4791.676,76773.49032922152,58000.0,18773.490329221517,0.32368086774519855,1.3812582406907221,0.0,-0.0014712207547987743,1.398924379069179,-0.012628372657435327
2020-10-19,0.0,4755.488,76193.67669657318,58000.0,18193.67669657318,0.31368408097539957,1.3708266144259005,0.0,-0.007552263550373528,1.398924379069179,-0.020085263409287513
2020-10-20,0.0,4793.467,76802.1862012253,58000.0,18802.186201225297,0.32417562415905676,1.3817745179826502,0.0,0.0079863517687353,1.398924379069179,-0.012259319619506548
2020-10-21,0.0,4792.828,76791.94797553551,58000.0,18791.947975535513,0.3239991030264744,1.3815903185468368,0.0,-0.00013330643561315636,1.398924379069179,-0.012390991808918228
2020-10-22,0.0,4777.985,76554.12953435612,58000.0,18554.12953435612,0.3198987850751056,1.3773116452670546,0.0,-0.00309691897977582,1.398924379069179,-0.015449536890982718
2020-10-23,0.0,4718.488,75600.85298683545,58000.0,17600.852986835453,0.3034629825316457,1.3601609193944424,0.0,-0.012452320381918236,1.398924379069179,-0.027709474689782132
2020-10-26,0.0,4691.236,75164.21429121998,58000.0,17164.214291219978,0.2959347291589651,1.3523052026107316,0.0,-0.00577557895664893,1.398924379069179,-0.03332501538751298
2020-10-27,0.0,4699.279,75293.08134790703,58000.0,17293.081347907035,0.29815657496391434,1.3546236941009484,0.0,0.0017144735417276014,1.398924379069179,-0.03166767670294479
2020-10-28,0.0,4737.272,75901.8151642331,58000.0,17901.815164233107,0.3086519855902259,1.3655756333260884,0.0,0.00808485727278585,1.398924379069179,-0.02383884807646308
2020-10-29,0.0,4772.92,76472.97677517176,58000.0,18472.97677517176,0.31849959957192686,1.3758515980958566,0.0,0.007525005952793151,1.398924379069179,-0.016493229597353
2020-10-30,0.0,4695.334,75229.87352263904,58000.0,17229.87352263904,0.297066784873087,1.3534865004009724,0.0,-0.01625545787484406,1.398924379069179,-0.03248058247325725
2020-11-02,1000.0,4720.831,76638.39314769804,59000.0,17638.393147698036,0.2989558160626786,1.3608363173257587,0.0,0.005430284618730186,1.398924379069179,-0.02722667666193901
2020-11-03,0.0,4777.561,77559.35304718795,59000.0,18559.35304718795,0.31456530588454146,1.3771894221672347,0.0,0.012016952100170508,1.398924379069179,-0.015536906231061853
2020-11-04,0.0,4813.656,78145.32250906155,59000.0,19145.322509061545,0.32449699167900925,1.3875942400634638,0.0,0.007555110233024687,1.398924379069179,-0.008099179037292958
2020-11-05,0.0,4885.112,79305.34561108785,59000.0,20305.345611087847,0.34415840018792965,1.4081922915274603,0.0,0.01484443425122195,1.4081922915274603,0.0
2020-11-06,0.0,4885.718,79315.18346934786,59000.0,20315.18346934786,0.3443251435482688,1.4083669783163537,0.0,0.00012405038001173097,1.4083669783163537,0.0
2020-11-09,0.0,4981.35,80867.6819200445,59000.0,21867.681920044502,0.37063867661092376,1.4359340525663105,0.0,0.01957378628893447,1.4359340525663105,0.0
2020-11-10,0.0,4953.876,80421.66654407789,59000.0,21421.66654407789,0.3630790939674218,1.4280143416124111,0.0,-0.00551537233882371,1.4359340525663105,-0.00551537233882371
2020-11-11,0.0,4904.898,79626.55330668643,59000.0,20626.55330668643,0.3496025984184141,1.4138958440110394,0.0,-0.009886803787579668,1.4359340525663105,-0.015347646722274066
2020-11-12,0.0,4908.463,79684.42783588934,59000.0,20684.427835889335,0.35058352264219206,1.4149234981404217,0.0,0.0007268244925786593,1.4359340525663105,-0.014631977275236685
2020-11-13,0.0,4856.851,78846.55400665483,59000.0,19846.554006654827,0.33638227129923437,1.4000457183576214,0.0,-0.010514900489216328,1.4359340525663105,-0.024993023979443363
2020-11-16,0.0,4904.172,79614.76735768183,59000.0,20614.767357681834,0.34940283657087856,1.4136865657788003,0.0,0.009743144271874726,1.4359340525663105,-0.015493390345990732
2020-11-17,0.0,4894.786,79462.39419327832,59000.0,20462.39419327832,0.34682024056403926,1.4109809383851446,0.0,-0.0019138806713956402,1.4359340525663105,-0.01737761851706876
2020-11-18,0.0,4891.672,79411.84123845703,59000.0,20411.841238457026,0.34596341082130544,1.4100832904303349,0.0,-0.0006361871591525903,1.4359340525663105,-0.018002750258464095
2020-11-19,0.0,4927.989,80001.41466820805,59000.0,21001.414668208046,0.35595618081708547,1.4205521024967527,0.0,0.007424250849198399,1.4359340525663105,-0.01071215634316014
2020-11-20,0.0,4943.288,80249.78000404968,59000.0,21249.78000404968,0.36016576278050305,1.4249622232612467,0.0,0.0031045117998438343,1.4359340525663105,-0.007640900559085506
2020-11-23,0.0,5005.027,81252.05645803538,59000.0,22252.056458035382,0.3771534992887353,1.44275923260036,0.0,0.0124894604562793,1.44275923260036,0.0
2020-11-24,0.0,4974.286,80753.00431154817,59000.0,21753.004311548168,0.36869498833132486,1.4338977696013857,0.0,-0.006142024808257762,1.44275923260036,-0.006142024808257762
2020-11-25,0.0,4910.7,79720.74349418581,59000.0,20720.74349418581,0.3511990422743356,1.4155683402967831,0.0,-0.012782940104368867,1.44275923260036,-0.01884645177738309
2020-11-26,0.0,4919.591,79865.08078426805,59000.0,20865.08078426805,0.3536454370214923,1.4181312779866397,0.0,0.0018105361761051597,1.44275923260036,-0.01707003778401195
2020-11-27,0.0,4980.765,80858.18497766479,59000.0,21858.184977664787,0.37047771148584374,1.4357654192800025,0.0,0.01243477354113387,1.44275923260036,-0.004847526297060867
2020-11-30,0.0,4960.252,80525.17509897209,59000.0,21525.17509897209,0.36483347625376417,1.4298523003021564,0.0,-0.004118443652732173,1.44275923260036,-0.00894600568588344
2020-12-01,1000.0,5067.098,83259.72262974769,60000.0,23259.72262974769,0.38766204382912806,1.4606519449327284,0.0,0.021540437864850492,1.4606519449327284,0.0
2020-12-02,0.0,5067.145,83260.49490748213,60000.0,23260.494907482134,0.3876749151247023,1.4606654932480387,0.0,9.2755261493771e-06,1.4606654932480387,0.0
2020-12-03,0.0,5057.06,83094.78382340186,60000.0,23094.783823401856,0.3849130637233642,1.4577583706968966,0.0,-0.0019902726288669736,1.4606654932480387,-0.0019902726288669736
2020-12-04,0.0,5065.916,83240.30066629872,60000.0,23240.300666298717,0.38733834443831205,1.4603112192157774,0.0,0.0017512151329033276,1.4606654932480387,-0.0002425428915100447
2020-12-07,0.0,5022.235,82522.55888506811,60000.0,22522.55888506811,0.3753759814178017,1.4477196455760715,0.0,-0.00862252749552106,1.4606654932480387,-0.00886297905428024
2020-12-08,0.0,5009.879,82319.5319981176,60000.0,22319.5319981176,0.37199219996862665,1.4441578799596204,0.0,-0.002460259227216488,1.4606654932480387,-0.0113014330554978
2020-12-09,0.0,4942.699,81215.66778111085,60000.0,21215.667781110853,0.35359446301851416,1.424792436926827,0.0,-0.01340950549903508,1.4606654932480387,-0.024559391925828233
2020-12-10,0.0,4940.525,81179.94582803297,60000.0,21179.94582803297,0.3529990971338828,1.4241657552782219,0.0,-0.0004398406619541273,1.4606654932480387,-0.02498843036858045
2020-12-11,0.0,4889.629,80343.65119884608,60000.0,20343.651198846084,0.3390608533141013,1.4094943711073817,0.0,-0.010301739187636882,1.4606654932480387,-0.035032745263851806
2020-12-14,0.0,4934.835,81086.45092784292,60000.0,21086.450927842918,0.3514408487973819,1.4225255443396003,0.0,0.009245282208527383,1.4606654932480387,-0.026111350671828126
2020-12-15,0.0,4945.1,81255.11967133166,60000.0,21255.11967133166,0.35425199452219425,1.4254845540557604,0.0,0.0020801100746024037,1.4606654932480387,-0.024085555080819776
2020-12-16,0.0,4953.867,81399.17411596545,60000.0,21399.17411596545,0.35665290193275756,1.4280117472541602,0.0,0.0017728660694424914,1.4606654932480387,-0.022355389474743692
2020-12-17,0.0,5017.478,82444.39451947865,60000.0,22444.39451947865,0.37407324199131087,1.4463483831094595,0.0,0.012840675779143718,1.4606654932480387,-0.009801772003761644
2020-12-18,0.0,4999.968,82156.67998479886,60000.0,22156.67998479886,0.36927799974664755,1.441300915001329,0.0,-0.0034898010514445854,1.4606654932480387,-0.013257366820961458
2020-12-21,0.0,5046.84,82926.85449476523,60000.0,22926.854494765226,0.38211424157942053,1.4548123327719913,0.0,0.009374459996544182,1.4606654932480387,-0.004007187479339924
2020-12-22,0.0,4964.773,81578.3754132366,60000.0,21578.3754132366,0.35963959022061,1.4311555329301895,0.0,-0.01626106633061475,1.4606654932480387,-0.020203092668554024
2020-12-23,0.0,5007.124,82274.2633777268,60000.0,22274.263377726806,0.3712377229621133,1.4433637180728185,0.0,0.008530299371189765,1.4606654932480387,-0.01184513172605095
2020-12-24,0.0,5000.015,82157.45226253329,60000.0,22157.45226253329,0.3692908710422216,1.4413144633166393,0.0,-0.0014197771015855842,1.4606654932480387,-0.013248091380846705
2020-12-25,0.0,5042.014,82847.55635973583,60000.0,22847.556359735827,0.38079260599559706,1.4534211802254555,0.0,0.008399774800675441,1.4606654932480387,-0.004959597564309082
2020-12-28,0.0,5064.415,83215.63707312029,60000.0,23215.63707312029,0.38692728455200487,1.4598785379119337,0.0,0.0044428674731962214,1.4606654932480387,-0.0005387649258113969
2020-12-29,0.0,5042.936,82862.70614848366,60000.0,22862.70614848366,0.38104510247472767,1.4536869578151583,0.0,-0.004241161121274595,1.4606654932480387,-0.004777641058229198
2020-12-30,0.0,5113.711,84025.64139645408,60000.0,24025.641396454084,0.400427356607568,1.4740887028381704,0.0,0.014034483086836858,1.4740887028381704,0.0
2020-12-31,0.0,5211.289,85628.98856178728,60000.0,25628.98856178728,0.4271498093631214,1.502216734994376,0.0,0.019081641492841417,1.502216734994376,0.0
2021-01-04,1000.0,5267.718,87556.1983549024,61000.0,26556.1983549024,0.43534751401479355,1.518483072965461,0.0,0.010828223113321878,1.518483072965461,0.0
2021-01-05,0.0,5368.505,89231.40696773923,61000.0,28231.406967739225,0.46280995029080696,1.547536137969125,0.0,0.019132952827011662,1.547536137969125,0.0
2021-01-06,0.0,5417.668,90048.5587932018,61000.0,29048.558793201795,0.47620588185576707,1.5617079640456537,0.0,0.009157670524661654,1.5617079640456537,0.0
2021-01-07,0.0,5513.657,91644.01852052372,61000.0,30644.01852052372,0.502360959352848,1.5893779478395627,0.0,0.017717770819474454,1.5893779478395627,0.0
2021-01-08,0.0,5495.431,91341.07913173782,61000.0,30341.079131737817,0.4973947398645544,1.584124084119472,0.0,-0.0033056100515502784,1.5893779478395627,-0.0033056100515502784
2021-01-11,0.0,5441.158,90438.99258243591,61000.0,29438.99258243591,0.48260643577763784,1.5684792390804905,0.0,-0.009876022463024103,1.5893779478395627,-0.013148986235451243
2021-01-12,0.0,5596.353,93018.53161692656,61000.0,32018.531616926557,0.5248939609332222,1.6132160644968994,0.0,0.02852242114638104,1.6132160644968994,0.0
2021-01-13,0.0,5577.971,92712.99930897844,61000.0,31712.99930897844,0.5198852345734171,1.6079172319004595,0.0,-0.0032846391212278947,1.6132160644968994,-0.0032846391212278947
2021-01-14,0.0,5470.456,90925.9627466326,61000.0,29925.962746632606,0.4905895532234854,1.5769247399732378,0.0,-0.019274929898344673,1.6132160644968994,-0.022496257830769473
2021-01-15,0.0,5458.081,90720.2744477066,61000.0,29720.2744477066,0.4872176138968296,1.573357497378257,0.0,-0.0022621514550158484,1.6132160644968994,-0.024707519343400985
2021-01-18,0.0,5518.521,91724.86441029956,61000.0,30724.86441029956,0.5036863018081894,1.5907800543431576,0.0,0.011073489015644977,1.6132160644968994,-0.013907628771809066
2021-01-19,0.0,5437.523,90378.57424170087,61000.0,29378.574241700873,0.4816159711754242,1.5674314066091566,0.0,-0.01467748333294372,1.6132160644968994,-0.028380983115253833
2021-01-20,0.0,5476.434,91025.32473863097,61000.0,30025.324738630967,0.49221843833821266,1.578647970375888,0.0,0.0071560157078875974,1.6132160644968994,-0.021428062168344364
2021-01-21,0.0,5564.969,92496.88946957352,61000.0,31496.88946957352,0.5163424503208773,1.6041692490139998,0.0,0.016166541950473512,1.6132160644968994,-0.0056079378838326255
2021-01-22,0.0,5569.776,92576.78794657855,61000.0,31576.78794657855,0.5176522614193204,1.6055549245820058,0.0,0.0008637963661612957,1.6132160644968994,-0.0047489856340370284
2021-01-25,0.0,5625.923,93510.02276838046,61000.0,32510.022768380455,0.5329511929242698,1.6217399726612294,0.0,0.01008065674454417,1.6217399726612294,0.0
2021-01-26,0.0,5512.968,91632.56646089058,61000.0,30632.56646089058,0.5021732206703373,1.5891793353023551,0.0,-0.020077594378735797,1.6217399726612294,-0.020077594378735797
2021-01-27,0.0,5528.003,91882.46735578775,61000.0,30882.467355787754,0.5062699566522582,1.5935133548914895,0.0,0.002727206107490554,1.6217399726612294,-0.017405144009258633
2021-01-28,0.0,5377.143,89374.98155570876,61000.0,28374.981555708757,0.46516363206079925,1.5500261453659285,0.0,-0.027290144379443992,1.6217399726612294,-0.04422029949574502
2021-01-29,0.0,5351.965,88956.49105143732,61000.0,27956.49105143732,0.45830313199077577,1.5427682840280352,0.0,-0.004682412202911546,1.6217399726612294,-0.04869565402868126
2021-02-01,1000.0,5417.648,91048.22636766818,62000.0,29048.226367668176,0.46851978012368023,1.5617021988050963,0.0,0.01227268862931652,1.6217399726612294,-0.03702059199885954
2021-02-02,0.0,5501.092,92450.57443476735,62000.0,30450.574434767346,0.4911382973349572,1.585755935459285,0.0,0.015402255739021653,1.6217399726612294,-0.022188536885414223
2021-02-03,0.0,5485.201,92183.51253535849,62000.0,30183.512535358488,0.4868308473444918,1.581175163574288,0.0,-0.0028886991891790004,1.6217399726612294,-0.02501314006608335
2021-02-04,0.0,5473.948,91994.39620825209,62000.0,29994.39620825209,0.4837805840040659,1.5779313509745854,0.0,-0.0020515200810324874,1.6217399726612294,-0.027013345187980597
2021-02-05,0.0,5483.414,92153.48046599573,62000.0,30153.48046599573,0.48634645912896346,1.580660039330471,0.0,0.0017292820465226733,1.6217399726612294,-0.025330776834307955
2021-02-08,0.0,5564.562,93517.24228169204,62000.0,31517.242281692044,0.5083426174466459,1.6040519263686537,0.0,0.014798809646690891,1.6217399726612294,-0.010906832532190824
2021-02-09,0.0,5686.25,95562.31360604329,62000.0,33562.31360604329,0.5413276388071497,1.6391299560169799,0.0,0.02186838784436218,1.6391299560169799,0.0
2021-02-10,0.0,5807.719,97603.70444735566,62000.0,35603.70444735566,0.5742532975379946,1.674144856281201,0.0,0.021361881732248955,1.674144856281201,0.0
2021-02-18,0.0,5768.381,96942.59558076791,62000.0,34942.59558076791,0.5635902513027082,1.662805204628566,0.0,-0.006773399332853369,1.674144856281201,-0.006773399332853369
2021-02-19,0.0,5778.842,97118.40166784337,62000.0,35118.40166784337,0.5664258333523124,1.6658207137021896,0.0,0.0018135071175082729,1.674144856281201,-0.00497217582324494
2021-02-22,0.0,5597.333,94067.98707468982,62000.0,32067.987074689823,0.517225597978868,1.6134985612842188,0.0,-0.03140923389149597,1.674144856281201,-0.036225237481358974
2021-02-23,0.0,5579.668,93771.11158208032,62000.0,31771.111582080324,0.5124372835819406,1.6084064125617674,0.0,-0.0031559673151480006,1.674144856281201,-0.03926687913103233
2021-02-24,0.0,5437.568,91382.99907147691,62000.0,29382.99907147691,0.47391933986253076,1.567444378400411,0.0,-0.02546746508932074,1.674144856281201,-0.06373431634691695
2021-02-25,0.0,5469.558,91920.61848888862,62000.0,29920.61848888862,0.4825906207885262,1.576665880672204,0.0,0.005883144817683261,1.674144856281201,-0.05822612974215868
2021-02-26,0.0,5336.761,89688.85088107297,62000.0,27688.85088107297,0.44659436904956396,1.5383855481561899,0.0,-0.02427929276917795,1.674144856281201,-0.08109173326051067
2021-03-01,1000.0,5418.784,92067.31782306609,63000.0,29067.317823066085,0.46138599719152507,1.5620296644687648,0.0,0.015369434756399736,1.674144856281201,-0.06696863260774166
2021-03-02,0.0,5349.63,90892.36357193958,63000.0,27892.363571939582,0.44273592971332665,1.542095192192942,0.0,-0.012761903777674055,1.674144856281201,-0.07887588913995325
2021-03-03,0.0,5452.213,92635.28996727912,63000.0,29635.289967279125,0.47040142805204965,1.5716659757986733,0.0,0.019175718694563804,1.674144856281201,-0.06121267230732064
2021-03-04,0.0,5280.706,89721.31711324387,63000.0,26721.317113243873,0.4241478906864107,1.5222270201835308,0.0,-0.03145640128146121,1.674144856281201,-0.0907435432051723
2021-03-05,0.0,5262.796,89417.01901569817,63000.0,26417.01901569817,0.41931776215393923,1.5170642472642495,0.0,-0.003391591957590423,1.674144856281201,-0.09382737009142483
2021-03-08,0.0,5080.025,86311.66627496526,63000.0,23311.66627496526,0.3700264488089724,1.4643783081670974,0.0,-0.03472887795764856,1.674144856281201,-0.12529772876408118
2021-03-09,0.0,4970.999,84459.27072035788,63000.0,21459.270720357876,0.34062334476758527,1.4329502523157531,0.0,-0.021461705404992926,1.674144856281201,-0.14407033122642465
2021-03-10,0.0,5003.612,85013.37869664253,63000.0,22013.378696642525,0.34941870947051634,1.4423513418309137,0.0,0.0065606531001112245,1.674144856281201,-0.1384548735915081
2021-03-11,0.0,5128.216,87130.45073162776,63000.0,24130.45073162776,0.383023027486155,1.47826994355253,0.0,0.02490281020990448,1.674144856281201,-0.11699997882128932
2021-03-12,0.0,5146.379,87439.04740084732,63000.0,24439.047400847325,0.3879213873150369,1.4835056467648642,0.0,0.003541777491431697,1.674144856281201,-0.11387258922134491
2021-03-15,0.0,5035.544,85555.91620925166,63000.0,22555.916209251664,0.35803041601986774,1.4515561249050897,0.0,-0.021536501683999676,1.674144856281201,-0.13295667369581765
2021-03-16,0.0,5079.362,86300.40163852346,63000.0,23300.401638523457,0.3698476450559278,1.464187190442615,0.0,0.008701741063130486,1.674144856281201,-0.12541188717980334
2021-03-17,0.0,5100.858,86665.62731718579,63000.0,23665.62731718579,0.3756448780505681,1.4703836709938642,0.0,0.004232027565666874,1.674144856281201,-0.12171060617774376
2021-03-18,0.0,5141.768,87360.70465781086,63000.0,24360.704657810857,0.38667785171128344,1.4821764705543221,0.0,0.00802021934349062,1.674144856281201,-0.11466653259222781
2021-03-19,0.0,5007.091,85072.48830475876,63000.0,22072.488304758765,0.3503569572183931,1.4433542054258988,0.0,-0.026192741485029924,1.674144856281201,-0.13785584323208466
2021-03-22,0.0,5057.152,85923.04481292378,63000.0,22923.044812923777,0.3638578541733932,1.4577848908034614,0.0,0.009998020806891716,1.674144856281201,-0.12923610801417906
2021-03-23,0.0,5009.246,85109.1026207951,63000.0,22109.102620795107,0.35093813683801756,1.443975410095974,0.0,-0.009472920726923073,1.674144856281201,-0.13748478533482766
2021-03-24,0.0,4928.685,83740.33885550311,63000.0,20740.338855503112,0.32921172786512876,1.4207527328681555,0.0,-0.016082460314386537,1.674144856281201,-0.1513561520452349
2021-03-25,0.0,4926.347,83700.61529592398,63000.0,20700.615295923984,0.32858119517339657,1.4200787762469782,0.0,-0.0004743658805546058,1.674144856281201,-0.15175871973144717
2021-03-26,0.0,5037.99,85597.47473223305,63000.0,22597.47473223305,0.3586900751148103,1.4522612138252775,0.0,0.022662431209169887,1.674144856281201,-0.13253551006858288
2021-03-29,0.0,5046.877,85748.46843367856,63000.0,22748.468433678558,0.3610868005345802,1.4548229984670227,0.0,0.0017639971496570261,1.674144856281201,-0.13100530518091524
2021-03-30,0.0,5094.729,86561.49314410608,63000.0,23561.493144106076,0.37399195466835033,1.4686169130250046,0.0,0.0094815070785359,1.674144856281201,-0.12276592583077794
2021-03-31,0.0,5048.361,85773.6821900581,63000.0,22773.682190058098,0.36148701888981116,1.4552507793163925,0.0,-0.009101171033827349,1.674144856281201,-0.13074978317649322
2021-04-01,1000.0,5110.777,87834.15511336424,64000.0,23834.155113364235,0.37240867364631614,1.4732429420483786,0.0,0.012363616627257823,1.674144856281201,-0.12000270674252667
2021-04-02,0.0,5161.557,88706.86358737056,64000.0,24706.863587370564,0.38604474355266505,1.4878808878239849,0.0,0.00993586689460324,1.674144856281201,-0.1112591707691093
2021-04-06,0.0,5140.342,88342.2611794138,64000.0,24342.261179413807,0.3803478309283408,1.4817654089025691,0.0,-0.004110193881419866,1.674144856281201,-0.11491206788758213
2021-04-07,0.0,5103.743,87713.26831922954,64000.0,23713.268319229537,0.3705198174879616,1.4712153069442901,0.0,-0.007119954275415785,1.674144856281201,-0.12121385349394476
2021-04-08,0.0,5112.209,87858.76556107549,64000.0,23858.76556107549,0.3727932118918045,1.4736557332722986,0.0,0.0016587825836840153,1.674144856281201,-0.11975613833933785
2021-04-09,0.0,5035.337,86537.6382311461,64000.0,22537.638231146106,0.3521505973616579,1.4514964546653193,0.0,-0.015036943912112966,1.674144856281201,-0.13299231591611094
2021-04-12,0.0,4947.746,85032.29345078595,64000.0,21032.293450785946,0.32862958516853036,1.4262472953815235,0.0,-0.017395260734286544,1.674144856281201,-0.14807414063938018
2021-04-13,0.0,4939.644,84893.05193726883,64000.0,20893.05193726883,0.32645393651982535,1.423911796431662,0.0,-0.0016375133242489959,1.674144856281201,-0.14946918058535552
2021-04-14,0.0,4980.628,85597.40570053537,64000.0,21597.405700535368,0.337459464070865,1.435725927382183,0.0,0.008296954193460104,1.674144856281201,-0.1424123653365461
2021-04-15,0.0,4948.974,85053.39794086236,64000.0,21053.397940862356,0.3289593428259743,1.4266012811517568,0.0,-0.006355423452624742,1.674144856281201,-0.14786269790256734
2021-04-16,0.0,4966.181,85349.11859293455,64000.0,21349.118592934552,0.3335799780146025,1.4315614058654405,0.0,0.003476882279033866,1.674144856281201,-0.14489991681760095
2021-04-19,0.0,5087.017,87425.81416530613,64000.0,23425.814165306132,0.36602834633290837,1.4663938362660152,0.0,0.024331775261513755,1.674144856281201,-0.12409381376750495
2021-04-20,0.0,5083.365,87363.05064921573,64000.0,23363.05064921573,0.36504766639399566,1.4653411033402075,0.0,-0.0007179059948099198,1.674144856281201,-0.12472263206949241
2021-04-21,0.0,5098.745,87627.37235717589,64000.0,23627.37235717589,0.3691776930808732,1.4697745733289596,0.0,0.0030255549227726775,1.674144856281201,-0.1220744323201588
2021-04-22,0.0,5089.244,87464.08753615317,64000.0,23464.087536153165,0.3666263677523931,1.4670357958020976,0.0,-0.0018633997189505536,1.674144856281201,-0.12371035857623291
2021-04-23,0.0,5135.453,88258.23849864546,64000.0,24258.238498645456,0.3790349765413352,1.4803560958482775,0.0,0.00907973757988434,1.674144856281201,-0.11575387858813413
2021-04-26,0.0,5077.237,87257.73443163576,64000.0,23257.734431635763,0.3634021004943089,1.4635746336333757,0.0,-0.011336098295515629,1.674144856281201,-0.1257777795378875
2021-04-27,0.0,5090.52,87486.01695743778,64000.0,23486.01695743778,0.36696901495996537,1.4674036181496692,0.0,0.002616186717303126,1.674144856281201,-0.12349065097674317
2021-04-28,0.0,5119.242,87979.63516914335,64000.0,23979.635169143352,0.37468179951786484,1.4756830801143594,0.0,0.005642252657881652,1.674144856281201,-0.11854516377255853
2021-04-29,0.0,5164.169,88751.75359395001,64000.0,24751.75359395001,0.38674614990546896,1.4886338282408003,0.0,0.008776103962266246,1.674144856281201,-0.11080942449178421
2021-04-30,0.0,5123.489,88052.62439500204,64000.0,24052.624395002043,0.3758222561719069,1.476907328946754,0.0,-0.00787735645367138,1.674144856281201,-0.11781389561030764
2021-05-06,1000.0,5061.124,87980.81533668374,65000.0,22980.815336683736,0.3535510051797497,1.4589298675781897,0.0,-0.012172369258526827,1.674144856281201,-0.1285521906276802
2021-05-07,0.0,4996.053,86849.64375606777,65000.0,21849.643756067773,0.3361483654779658,1.4401723691621895,0.0,-0.012857025435456637,1.674144856281201,-0.13975641727845312
2021-05-10,0.0,4992.422,86786.52371781392,65000.0,21786.52371781392,0.3351772879663679,1.4391256897389673,0.0,-0.0007267737151707143,1.674144856281201,-0.14038161970301943
2021-05-11,0.0,5023.06,87319.12402957972,65000.0,22319.124029579718,0.343371138916611,1.4479574617490705,0.0,0.006136901087288038,1.674144856281201,-0.13510622673032213
2021-05-12,0.0,5044.548,87692.66393098395,65000.0,22692.663930983952,0.34911790663052233,1.4541516362040965,0.0,0.004277870461431688,1.674144856281201,-0.13140632320537549
2021-05-13,0.0,4992.974,86796.11949338984,65000.0,21796.119493389837,0.3353249152829205,1.4392848103783555,0.0,-0.010223710826024468,1.674144856281201,-0.14028657378223708
2021-05-14,0.0,5110.59,88840.71503711479,65000.0,23840.715037114787,0.3667802313402275,1.4731890370491656,0.0,0.023556301314607397,1.674144856281201,-0.12003490527003802
2021-05-17,0.0,5184.985,90133.97178343686,65000.0,25133.971783436864,0.38667648897595175,1.494634290613093,0.0,0.014557027662168043,1.674144856281201,-0.10722522904431164
2021-05-18,0.0,5187.601,90179.44741551399,65000.0,25179.44741551399,0.38737611408483064,1.4953883840780198,0.0,0.0005045337643214687,1.674144856281201,-0.10677479402843026
2021-05-19,0.0,5172.272,89912.97342311704,65000.0,24912.973423117044,0.38327651420180064,1.4909696154526897,0.0,-0.0029549304196678783,1.674144856281201,-0.10941421236116966
2021-05-20,0.0,5186.412,90158.77825399271,65000.0,25158.778253992714,0.38705812698450326,1.495045640526874,0.0,0.002733808276130789,1.674144856281201,-0.10697952156431811
2021-05-21,0.0,5134.148,89250.2390969287,65000.0,24250.239096928693,0.3730806014912107,1.4799799139018976,0.0,-0.01007710147207741,1.674144856281201,-0.11597857954215762
2021-05-24,0.0,5155.588,89622.94458306546,65000.0,24622.94458306546,0.378814532047161,1.4861602517795856,0.0,0.004175960646245258,1.674144856281201,-0.11228694087988778
2021-05-25,0.0,5318.478,92454.56756052906,65000.0,27454.56756052906,0.42237796246967774,1.5331152535005101,0.0,0.031594844273824974,1.674144856281201,-0.08423978501714702
2021-05-26,0.0,5320.593,92491.33398325197,65000.0,27491.33398325197,0.4229435997423381,1.5337249276894704,0.0,0.00039767016052327797,1.674144856281201,-0.08387561450545389
2021-05-27,0.0,5338.233,92797.98159404733,65000.0,27797.981594047335,0.4276612552930359,1.538809869861225,0.0,0.003315419916539275,1.674144856281201,-0.08083827747175787
2021-05-28,0.0,5321.089,92499.95627434916,65000.0,27499.956274349155,0.4230762503746024,1.5338679056552975,0.0,-0.0032115495895364,1.674144856281201,-0.08379021092446104
2021-05-31,0.0,5331.57,92682.1543247316,65000.0,27682.1543247316,0.425879297303563,1.5368891799694788,0.0,0.001969709583883983,1.674144856281201,-0.08198554372207068
2021-06-01,1000.0,5341.68,93857.90304044257,66000.0,27857.903040442572,0.4220894400067057,1.539803509071318,0.0,0.0018962519483005646,1.674144856281201,-0.08024475702078548
2021-06-02,0.0,5289.974,92949.38423463445,66000.0,26949.384234634446,0.40832400355506726,1.524898632657897,0.0,-0.00967972622845259,1.674144856281201,-0.08914773597000825
2021-06-03,0.0,5255.286,92339.88629753097,66000.0,26339.886297530975,0.3990891863262269,1.5148993994348912,0.0,-0.0065573101115431465,1.674144856281201,-0.09512047673105406
2021-06-04,0.0,5282.277,92814.14133732455,66000.0,26814.141337324545,0.40627486874734164,1.522679879829326,0.0,0.005135971667383998,1.674144856281201,-0.09047304113714871
2021-06-07,0.0,5277.627,92732.43684564065,66000.0,26732.436845640652,0.40503692190364626,1.521339461399697,0.0,-0.0008803021878631689,1.674144856281201,-0.09127369970895627
2021-06-08,0.0,5232.117,91932.78707864403,66000.0,25932.787078644033,0.3929210163430914,1.5082206565110035,0.0,-0.008623193719450084,1.674144856281201,-0.0991098226343251
2021-06-09,0.0,5236.449,92008.90403734824,66000.0,26008.904037348242,0.39407430359618556,1.5094694076157675,0.0,0.0008279631361454154,1.674144856281201,-0.09836391877775086
2021-06-10,0.0,5271.466,92624.1827868741,66000.0,26624.182786874095,0.40339670889203183,1.5195634790459451,0.0,0.0066871652908298,1.674144856281201,-0.09233452927044161
2021-06-11,0.0,5224.703,91802.51673426888,66000.0,25802.51673426888,0.3909472232464981,1.5060834818363216,0.0,-0.008870966824029547,1.674144856281201,-0.10038639954860074
2021-06-15,0.0,5166.56,90780.89431276845,66000.0,24780.894312768447,0.37546809564800676,1.489323062749455,0.0,-0.011128479456152807,1.674144856281201,-0.11039773101969985
2021-06-16,0.0,5080.491,89268.5880988455,66000.0,23268.588098845503,0.35255436513402283,1.4645126382720883,0.0,-0.01665886005388506,1.674144856281201,-0.12521749072226118
2021-06-17,0.0,5101.892,89644.62204003414,66000.0,23644.62204003414,0.3582518490914264,1.4706817339306892,0.0,0.004212388133351785,1.674144856281201,-0.12153256726091599
2021-06-18,0.0,5102.466,89654.70771277104,66000.0,23654.707712771036,0.3584046623147126,1.4708471963346907,0.0,0.00011250728161238399,1.674144856281201,-0.12143373327807361
2021-06-21,0.0,5090.385,89442.43417211874,66000.0,23442.434172118737,0.35518839654725354,1.4673647027759058,0.0,-0.002367678687128949,1.674144856281201,-0.12351389590302153
2021-06-22,0.0,5122.158,90000.71305690854,66000.0,24000.713056908542,0.36364716752891724,1.4765236521876495,0.0,0.006241767567679135,1.674144856281201,-0.11804307336494757
2021-06-23,0.0,5147.394,90444.13124016336,66000.0,24444.131240163362,0.37036562485096014,1.4837982327231596,0.0,0.004926829668276511,1.674144856281201,-0.11369782181266008
2021-06-24,0.0,5155.974,90594.88920546397,66000.0,24594.889205463973,0.3726498364464239,1.4862715209223463,0.0,0.0016668628824605403,1.674144856281201,-0.11222047760919573
2021-06-25,0.0,5239.968,92070.73588815161,66000.0,26070.735888151612,0.3950111498204789,1.5104838016918676,0.0,0.01629061744686844,1.674144856281201,-0.09775800103276344
2021-06-28,0.0,5251.76,92277.93145071862,66000.0,26277.93145071862,0.39815047652603974,1.513882987524596,0.0,0.0022503954222621303,1.674144856281201,-0.09572759976851497
2021-06-29,0.0,5190.545,91202.33135213153,66000.0,25202.33135213153,0.38185350533532625,1.4962370274880905,0.0,-0.011656092433774634,1.674144856281201,-0.10626788245092444
2021-06-30,0.0,5224.041,91790.88482599043,66000.0,25790.884825990433,0.39077098221197626,1.5058926523738667,0.0,0.006453272247904707,1.674144856281201,-0.1005003857796839
2021-07-01,1000.0,5229.664,92889.68576292346,67000.0,25889.68576292346,0.3864132203421411,1.5075135497566203,0.0,0.0010763698064391036,1.674144856281201,-0.09953219155403359
2021-07-02,0.0,5081.117,90251.18276329958,67000.0,23251.182763299585,0.3470325785567103,1.4646930903015396,0.0,-0.02840469292099823,1.674144856281201,-0.12510970313818548
2021-07-05,0.0,5085.792,90334.22046532818,67000.0,23334.22046532818,0.34827194724370414,1.4660407152818657,0.0,0.0009200732830989544,1.674144856281201,-0.12430473995040037
2021-07-06,0.0,5083.104,90286.47600692115,67000.0,23286.476006921148,0.3475593433868829,1.4652658669509315,0.0,-0.0005285312494102135,1.674144856281201,-0.12476757226029711
2021-07-07,0.0,5140.49,91305.77046010038,67000.0,24305.77046010038,0.36277269343433405,1.4818080716826951,0.0,0.011289558505983788,1.674144856281201,-0.11488658456099543
2021-07-08,0.0,5088.257,90378.00398094325,67000.0,23378.00398094325,0.34892543255139175,1.466751281180583,0.0,-0.010161093592245152,1.674144856281201,-0.12388030481502299
2021-07-09,0.0,5069.436,90043.70396171755,67000.0,23043.703961717547,0.34393588002563513,1.4613259015539053,0.0,-0.0036989090763300814,1.674144856281201,-0.12712099190749426
2021-07-12,0.0,5132.709,91167.56375218925,67000.0,24167.56375218925,0.3607099067490933,1.4795651048437821,0.0,0.012481270105786813,1.674144856281201,-0.11622635323782027
2021-07-13,0.0,5142.099,91334.34963925846,67000.0,24334.349639258464,0.36319924834714135,1.4822718852855497,0.0,0.0018294432822902884,1.674144856281201,-0.11460953947668606
2021-07-14,0.0,5083.085,90286.13852749045,67000.0,23286.138527490446,0.3475543063804545,1.465260389972402,0.0,-0.011476636291911202,1.674144856281201,-0.12477084376843994
2021-07-15,0.0,5151.463,91500.67371236984,67000.0,24500.67371236984,0.3656816971995498,1.484971170914592,0.0,0.013452067002617474,1.674144856281201,-0.11299720251616863
2021-07-16,0.0,5094.773,90493.74166359958,67000.0,23493.741663599576,0.35065286065074,1.468629596554231,0.0,-0.011004640817569689,1.674144856281201,-0.12275834970665767
2021-07-19,0.0,5113.495,90826.28323737056,67000.0,23826.28323737056,0.3556161677219487,1.474026438240149,0.0,0.0036747466472009105,1.674144856281201,-0.11953470889345719
2021-07-20,0.0,5108.994,90746.3361364442,67000.0,23746.336136444195,0.3544229274096149,1.4727289708526734,0.0,-0.000880219888745426,1.674144856281201,-0.12030971195403917
2021-07-21,0.0,5144.043,91368.8791136421,67000.0,24368.879113642106,0.3637146136364493,1.482832266667743,0.0,0.006860254680275624,1.674144856281201,-0.11427481253827887
2021-07-22,0.0,5151.752,91505.80695213162,67000.0,24505.80695213162,0.36575831271838233,1.4850544786406488,0.0,0.0014986266638907786,1.674144856281201,-0.11294744115546906
2021-07-23,0.0,5089.228,90395.25095605978,67000.0,23395.250956059783,0.3491828500904446,1.467031183609652,0.0,-0.012136453773396005,1.674144856281201,-0.12371311353045833
2021-07-26,0.0,4925.299,87483.53171416771,67000.0,20483.531714167708,0.3057243539428016,1.419776677641763,0.0,-0.032210975810083586,1.674144856281201,-0.15193916923322215
2021-07-27,0.0,4751.313,84393.17928098117,67000.0,17393.179280981174,0.25959969076091305,1.3696231204595128,0.0,-0.03532496199723101,1.674144856281201,-0.18189688585139885
2021-07-28,0.0,4760.483,84556.05751148432,67000.0,17556.057511484323,0.2620307091266316,1.3722664832551472,0.0,0.0019299928251412801,1.674144856281201,-0.18031795271086637
2021-07-29,0.0,4850.275,86150.94977684293,67000.0,19150.94977684293,0.28583507129616303,1.3981501072623006,0.0,0.018861951612892947,1.674144856281201,-0.16485714959694164
2021-07-30,0.0,4811.17,85456.36382222729,67000.0,18456.363822227286,0.2754681167496609,1.3868776206621611,0.0,-0.008062429449876451,1.674144856281201,-0.17159042990888496
2021-08-02,1000.0,4933.736,88633.39034347578,68000.0,20633.39034347578,0.3034322109334673,1.4222087443709632,0.0,0.02547530018685662,1.674144856281201,-0.15048644743314898
2021-08-03,0.0,4934.458,88646.36090124944,68000.0,20646.36090124944,0.30362295443013876,1.4224168695550905,0.0,0.00014633940689168234,1.674144856281201,-0.15036213012372002
2021-08-04,0.0,4978.848,89443.8166624306,68000.0,21443.816662430603,0.31535024503574416,1.4352128209725616,0.0,0.008995922145856872,1.674144856281201,-0.1427188539941412
2021-08-05,0.0,4948.67,88901.67609110993,68000.0,20901.676091109926,0.30737758957514605,1.4265136494952821,0.0,-0.006061241475939783,1.674144856281201,-0.14791504203285322
2021-08-06,0.0,4921.565,88414.74123175385,68000.0,20414.741231753855,0.3002167828199096,1.4187003072296693,0.0,-0.005477229235330006,1.674144856281201,-0.15258210667561578
2021-08-09,0.0,4985.563,89564.45003563023,68000.0,21564.45003563023,0.31712426522985626,1.4371485004897573,0.0,0.013003587273560324,1.674144856281201,-0.1415626341425954
2021-08-10,0.0,5043.148,90598.9508242677,68000.0,22598.950824267697,0.3323375121215837,1.4537480693650684,0.0,0.011550350481981608,1.674144856281201,-0.13164738170011325
2021-08-11,0.0,5015.341,90099.40470236717,68000.0,22099.404702367174,0.3249912456230466,1.445732367155886,0.0,-0.005513817956562028,1.674144856281201,-0.13643531995952285
2021-08-12,0.0,4973.351,89345.06436868847,68000.0,21345.064368688472,0.3138980054218894,1.4336282446053203,0.0,-0.00837231207210043,1.674144856281201,-0.14366535295526528
2021-08-13,0.0,4945.983,88853.40477706862,68000.0,20853.404777068616,0.30666771730983267,1.425739089426376,0.0,-0.005502929513722221,1.674144856281201,-0.14837770215811064
2021-08-16,0.0,4941.068,88765.10797449584,68000.0,20765.10797449584,0.30536923491905643,1.4243222815593592,0.0,-0.0009937357245264344,1.674144856281201,-0.1492239896592794
2021-08-17,0.0,4837.403,86902.7909778109,68000.0,18902.790977810902,0.2779822202619251,1.3944395984394649,0.0,-0.020980281995714223,1.674144856281201,-0.16707351027141637
2021-08-18,0.0,4894.238,87923.81819535384,68000.0,19923.818195353844,0.2929973264022625,1.410822970793868,0.0,0.011749072797945459,1.674144856281201,-0.15728739630825805
2021-08-19,0.0,4862.139,87347.16731726972,68000.0,19347.16731726972,0.2845171664304371,1.4015700479610362,0.0,-0.006558528620798643,1.674144856281201,-0.16281435103867803
2021-08-20,0.0,4769.268,85678.76195577714,68000.0,17678.76195577714,0.259981793467311,1.3747988651700487,0.0,-0.019100852526017897,1.674144856281201,-0.17880531065638683
2021-08-23,0.0,4835.878,86875.39471658536,68000.0,18875.39471658536,0.27757933406743174,1.3939999988469518,0.0,0.013966503874389025,1.674144856281201,-0.1673360918460416
2021-08-24,0.0,4888.39,87818.76027033948,68000.0,19818.76027033948,0.2914523569167571,1.409137214454842,0.0,0.010858834734871481,1.674144856281201,-0.1582943320777055
2021-08-25,0.0,4898.157,87994.22209551308,68000.0,19994.222095513076,0.29403267787519227,1.4119526696811189,0.0,0.001997999341296408,1.674144856281201,-0.1566126047076314
2021-08-26,0.0,4801.609,86259.76030613443,68000.0,18259.760306134427,0.26852588685491807,1.3841215474136268,0.0,-0.019711087251796933,1.674144856281201,-0.173236687243305
2021-08-27,0.0,4827.043,86716.67604909188,68000.0,18716.676049091882,0.2752452360160571,1.3914532038306564,0.0,0.0052969744100361815,1.674144856281201,-0.16885734313247602
2021-08-30,0.0,4813.27,86469.24738951208,68000.0,18469.24738951208,0.2716065792575306,1.3874829709207033,0.0,-0.0028532996287787826,1.674144856281201,-0.17122884216677836
2021-08-31,0.0,4805.61,86331.63731673334,68000.0,18331.637316733337,0.26958290171666666,1.3852748837871633,0.0,-0.0015914336822993036,1.674144856281201,-0.17254777650227238
2021-09-01,1000.0,4869.459,88478.66937115225,69000.0,19478.669371152253,0.28229955610365587,1.4036801260050977,0.0,0.013286346582431996,1.674144856281201,-0.16155395948047768
2021-09-02,0.0,4869.411,88477.79720524434,69000.0,19477.797205244337,0.2822869160180339,1.4036662894277596,0.0,-9.85735787073505e-06,1.674144856281201,-0.16156222434315437
2021-09-03,0.0,4843.062,87999.03263216537,69000.0,18999.03263216537,0.2753482990168894,1.396070873255222,0.0,-0.00541112672559374,1.674144856281201,-0.1660991173987585
2021-09-06,0.0,4933.726,89646.40867124201,69000.0,20646.40867124201,0.29922331407597125,1.4222058617506845,0.0,0.018720388052021697,1.674144856281201,-0.1504881692795399
2021-09-07,0.0,4992.829,90720.31745573804,69000.0,21720.31745573804,0.31478720950344985,1.4392430123843132,0.0,0.011979384343597355,1.674144856281201,-0.14031154055490647
2021-09-08,0.0,4972.132,90344.25041831669,69000.0,21344.25041831669,0.3093369625842999,1.433276853193338,0.0,-0.004145345254163435,1.674144856281201,-0.1438752460303262
2021-09-09,0.0,4970.013,90305.74792750663,69000.0,21305.74792750663,0.30877895547111067,1.432666025956266,0.0,-0.0004261753308238969,1.674144856281201,-0.14424010528057585
2021-09-10,0.0,5013.522,91096.31181266707,69000.0,22096.311812667074,0.3202364030821314,1.4452080185271772,0.0,0.008754303057155077,1.674144856281201,-0.1367485238180428
2021-09-13,0.0,4991.66,90699.07658185557,69000.0,21699.076581855566,0.3144793707515299,1.4389060340737247,0.0,-0.004360607173958808,1.674144856281201,-0.1405128243980125
2021-09-14,0.0,4917.162,89345.43875251722,69000.0,20345.43875251722,0.2948614311959017,1.417431089520926,0.0,-0.014924494056085535,1.674144856281201,-0.15334023564156607
2021-09-15,0.0,4867.319,88439.78530775748,69000.0,19439.785307757484,0.28173601895300693,1.4030632452654406,0.0,-0.010136538108770798,1.674144856281201,-0.16192243460814815
2021-09-16,0.0,4807.698,87356.46439950516,69000.0,18356.46439950516,0.2660357159348574,1.3858767749013714,0.0,-0.012249248508265032,1.674144856281201,-0.17218825497583468
2021-09-17,0.0,4855.94,88233.02747721113,69000.0,19233.02747721113,0.27873952865523366,1.399783111650225,0.0,0.010034324119359894,1.674144856281201,-0.16388172361644926
2021-09-22,0.0,4821.768,87612.11803126427,69000.0,18612.11803126427,0.2697408410328155,1.389932621633604,0.0,-0.0070371544953189424,1.674144856281201,-0.16976561710372007
2021-09-23,0.0,4853.196,88183.16865947504,69000.0,19183.168659475035,0.278016937093841,1.39899212064573,0.0,0.006517941136944039,1.674144856281201,-0.16435419826613518
2021-09-24,0.0,4849.428,88114.70363570329,69000.0,19114.703635703292,0.27702469037251154,1.3979059493246886,0.0,-0.0007763955958094426,1.674144856281201,-0.16500298998625795
2021-09-27,0.0,4877.37,88622.41321485135,69000.0,19622.413214851345,0.2843828002152369,1.4059605669076345,0.0,0.00576191666316106,1.674144856281201,-0.1601918068005701
2021-09-28,0.0,4883.828,88739.7558697128,69000.0,19739.755869712797,0.28608341840163476,1.407822163083666,0.0,0.001324074244931417,1.674144856281201,-0.15907983840127238
2021-09-29,0.0,4833.928,87833.06672793739,69000.0,18833.06672793739,0.2729429960570635,1.3934378878925913,0.0,-0.010217395043396471,1.674144856281201,-0.1676718518922834
2021-09-30,0.0,4866.383,88422.77807255303,69000.0,19422.778072553032,0.2814895372833772,1.4027934320073472,0.0,0.006714001532501124,1.674144856281201,-0.16208359943034445
2021-10-08,1000.0,4929.941,90577.63475537789,70000.0,20577.63475537789,0.29396621079111274,1.421114789975169,0.0,0.01306062428707322,1.674144856281201,-0.15113988813852752
2021-10-11,0.0,4936.192,90692.48416125432,70000.0,20692.484161254324,0.29560691658934757,1.4229167159114298,0.0,0.0012679664929053924,1.674144856281201,-0.1500635619595233
2021-10-12,0.0,4883.837,89730.56756476406,70000.0,19730.56756476406,0.28186525092520087,1.407824757441917,0.0,-0.010606354047816402,1.674144856281201,-0.15907828873952057
2021-10-13,0.0,4940.109,90764.45106620042,70000.0,20764.451066200418,0.29663501523143454,1.424045838274625,0.0,0.011522088063135483,1.674144856281201,-0.14938911472817473
2021-10-14,0.0,4913.612,90277.62260555285,70000.0,20277.622605552853,0.2896803229364693,1.4164077593219617,0.0,-0.0053636468345131805,1.674144856281201,-0.15395149111036532
2021-10-15,0.0,4932.108,90617.44897110885,70000.0,20617.448971108854,0.2945349853015551,1.4217394537895793,0.0,0.0037642369808605913,1.674144856281201,-0.15076676402560107
2021-10-18,0.0,4874.775,89564.0717535255,70000.0,19564.071753525495,0.2794867393360785,1.405212526945293,0.0,-0.011624441313937361,1.674144856281201,-0.16063862593903055
2021-10-19,0.0,4922.723,90445.01869208943,70000.0,20445.018692089434,0.29207169560127766,1.4190341146579513,0.0,0.009835941146001614,1.674144856281201,-0.15238271686353977
2021-10-20,0.0,4910.185,90214.65845358702,70000.0,20214.65845358702,0.2887808350512431,1.4154198853524265,0.0,-0.00254696435285906,1.674144856281201,-0.15454156786855555
2021-10-21,0.0,4928.016,90542.26679724125,70000.0,20542.266797241246,0.2934609542463036,1.4205598855715054,0.0,0.0036314314022789507,1.674144856281201,-0.15147134356879188
2021-10-22,0.0,4959.725,91124.85515285408,70000.0,21124.855152854085,0.3017836450407727,1.4297003862134652,0.0,0.006434435277807626,1.674144856281201,-0.14601154084762014
2021-10-25,0.0,4979.524,91488.6214921514,70000.0,21488.621492151404,0.3069803070307344,1.4354076861034066,0.0,0.0039919551991289826,1.674144856281201,-0.1426024571781107
2021-10-26,0.0,4963.098,91186.82716469558,70000.0,21186.827164695584,0.3026689594956511,1.430672694033495,0.0,-0.0032987088725748848,1.674144856281201,-0.1454307620599412
2021-10-27,0.0,4898.164,89993.79703812698,70000.0,19993.797038126984,0.2856256719732426,1.411954687515314,0.0,-0.01308336043334235,1.674144856281201,-0.15661139941515767
2021-10-28,0.0,4864.138,89368.63852199333,70000.0,19368.63852199333,0.2766948360284762,1.402146283754763,0.0,-0.00694668451280922,1.674144856281201,-0.16247015394512032
2021-10-29,0.0,4908.77,90188.66070773592,70000.0,20188.660707735922,0.2884094386819418,1.4150119945829802,0.0,0.009175726511049032,1.674144856281201,-0.15478520913287985
2021-11-01,1000.0,4890.685,90856.38563090417,71000.0,19856.385630904173,0.27966740325217154,1.4097987758088202,0.0,-0.003684222320459174,1.674144856281201,-0.15789916833097462
2021-11-02,0.0,4839.846,89911.9273823992,71000.0,18911.927382399197,0.26636517439998864,1.3951438225735688,0.0,-0.010395067357640175,1.674144856281201,-0.16665286319809902
2021-11-03,0.0,4821.112,89563.89770385533,71000.0,18563.897703855328,0.2614633479416244,1.3897435217433165,0.0,-0.0038707843183440893,1.674144856281201,-0.16987857022696873
2021-11-04,0.0,4868.742,90448.74096151759,71000.0,19448.740961517586,0.273925929035459,1.4034734421311097,0.0,0.009879463493069673,1.674144856281201,-0.16167741586671125
2021-11-05,0.0,4842.346,89958.37097140099,71000.0,18958.37097140099,0.267019309456352,1.3958644776432618,0.0,-0.005421523670796402,1.674144856281201,-0.16622240160035306
2021-11-08,0.0,4848.18,90066.7517306956,71000.0,19066.7517306956,0.26854579902388176,1.397546198313898,0.0,0.0012047879271743778,1.674144856281201,-0.16521787641585273
2021-11-09,0.0,4846.744,90040.07453317296,71000.0,19040.074533172956,0.2681700638475064,1.397132254041866,0.0,-0.0002961936231742346,1.674144856281201,-0.16546513355759818
2021-11-10,0.0,4821.193,89565.40247613899,71000.0,18565.40247613899,0.2614845419174505,1.3897668709675748,0.0,-0.0052717865849731815,1.674144856281201,-0.16986462327120155
2021-11-11,0.0,4898.653,91004.4106377707,71000.0,20004.410637770707,0.2817522625038127,1.412095647646946,0.0,0.016066562778133786,1.674144856281201,-0.15652720112663854
2021-11-12,0.0,4888.375,90813.4717546665,71000.0,19813.471754666505,0.27906298246009165,1.4091328905244236,0.0,-0.002098127791456128,1.674144856281201,-0.15829691484729214
2021-11-15,0.0,4882.378,90702.062873369,71000.0,19702.062873368995,0.2774938432868872,1.4074041831432438,0.0,-0.001226788043061311,1.674144856281201,-0.15932950612796526
2021-11-16,0.0,4883.321,90719.58139514047,71000.0,19719.58139514047,0.27774058303014737,1.407676014235532,0.0,0.00019314358699795697,1.674144856281201,-0.15916713601329546
2021-11-17,0.0,4885.754,90764.78029595703,71000.0,19764.780295957025,0.27837718726700045,1.4083773557493573,0.0,0.0004982265142920994,1.674144856281201,-0.15874821078636903
2021-11-18,0.0,4837.619,89870.55543331639,71000.0,18870.55543331639,0.2657824708917802,1.3945018630374861,0.0,-0.009852112898029675,1.674144856281201,-0.16703631838937116
2021-11-19,0.0,4890.058,90844.73757878251,71000.0,19844.737578782515,0.27950334618003536,1.409618035517341,0.0,0.010839836704792383,1.674144856281201,-0.15800712809968942
2021-11-22,0.0,4912.399,91259.7760675382,71000.0,20259.7760675382,0.28534895869772114,1.4160580974821466,0.0,0.004568657467866499,1.674144856281201,-0.15416035107759174
2021-11-23,0.0,4913.346,91277.36889905206,71000.0,20277.36889905206,0.28559674505707133,1.4163310816225463,0.0,0.00019277750036184038,1.674144856281201,-0.15399729222436553
2021-11-24,0.0,4916.658,91338.89736576166,71000.0,20338.89736576166,0.28646334317974165,1.417285805458876,0.0,0.0006740823870332591,1.674144856281201,-0.15342701669967151
2021-11-25,0.0,4896.442,90963.3359276575,71000.0,19963.335927657507,0.281173745459965,1.4114583003033094,0.0,-0.00411173606136539,1.674144856281201,-0.15690790136368515
2021-11-26,0.0,4860.127,90288.6963538174,71000.0,19288.696353817402,0.2716717796312311,1.4009900647609475,0.0,-0.007416609856708112,1.674144856281201,-0.16316078653254396
2021-11-29,0.0,4851.423,90126.99835434872,71000.0,19126.998354348718,0.269394343018996,1.3984810320703036,0.0,-0.0017908997028268647,1.674144856281201,-0.16465948163125665
2021-11-30,0.0,4832.026,89766.65183600158,71000.0,18766.651836001576,0.2643190399436841,1.3928896135155688,0.0,-0.003998208360722066,1.674144856281201,-0.16799934707584852
2021-12-01,1000.0,4843.851,90986.33001198008,72000.0,18986.330011980084,0.2636990279441678,1.396298311995217,0.0,0.0024472136532376343,1.674144856281201,-0.1659632637185099
2021-12-02,0.0,4856.163,91217.597178354,72000.0,19217.597178354,0.26691107192158325,1.3998473940824416,0.0,0.0025417792578672493,1.674144856281201,-0.16384332644193034
2021-12-03,0.0,4901.018,92060.14824623107,72000.0,20060.148246231067,0.2786131700865426,1.4127773873428757,0.0,0.009236716312858828,1.674144856281201,-0.15611998445517072
2021-12-06,0.0,4892.621,91902.41998144535,72000.0,19902.419981445346,0.2764224997422964,1.4103568510947904,0.0,-0.0017133175189318894,1.674144856281201,-0.15756581886968024
2021-12-07,0.0,4922.102,92456.18763348153,72000.0,20456.18763348153,0.28411371713168787,1.4188551039386395,0.0,0.006025604681008545,1.674144856281201,-0.15248964352441985
2021-12-08,0.0,4995.93,93842.9641408771,72000.0,21842.9641408771,0.3033745019566263,1.4401369129327608,0.0,0.014999282826727356,1.674144856281201,-0.13977759598906203
2021-12-09,0.0,5078.69,95397.5182904146,72000.0,23397.518290414606,0.32496553181131405,1.4639934783598814,0.0,0.016565484304223554,1.674144856281201,-0.12552759525727752
2021-12-10,0.0,5055.117,94954.72581860398,72000.0,22954.725818603983,0.31881563636949983,1.4571982775767311,0.0,-0.0046415512661729386,1.674144856281201,-0.12958650375474434
2021-12-13,0.0,5083.801,95493.52271596182,72000.0,23493.522715961823,0.3262989266105809,1.4654667855843622,0.0,0.00567425046739789,1.674144856281201,-0.12464755956684537
2021-12-14,0.0,5049.695,94852.87960547212,72000.0,22852.879605472117,0.3174011056315571,1.4556353208615807,0.0,-0.006708759843274903,1.674144856281201,-0.13052008886793598
2021-12-15,0.0,5005.899,94030.22066959555,72000.0,22030.220669595554,0.30597528707771593,1.443010597088669,0.0,-0.008672999062319442,1.674144856281201,-0.13806108732188993
2021-12-16,0.0,5034.732,94571.8163655068,72000.0,22571.816365506806,0.31349744952092795,1.4513220561384534,0.0,0.005759804582553318,1.674144856281201,-0.1330964876227656
2021-12-17,0.0,4954.76,93069.6316815192,72000.0,21069.631681519197,0.2926337733544333,1.4282691652450545,0.0,-0.015884062945157762,1.674144856281201,-0.1468664375807438
2021-12-20,0.0,4880.418,91673.20025830848,72000.0,19673.200258308483,0.2732388924765068,1.4068391895686043,0.0,-0.0150041576181289,1.674144856281201,-0.1596669880205982
2021-12-21,0.0,4913.485,92294.32691445586,72000.0,20294.326914455858,0.2818656515896647,1.4163711500444212,0.0,0.006775444234489836,1.674144856281201,-0.15397335855953098
2021-12-22,0.0,4914.454,92312.52849699455,72000.0,20312.52849699455,0.2821184513471464,1.4166504759494343,0.0,0.00019721236556136112,1.674144856281201,-0.15380651164424453
2021-12-23,0.0,4948.739,92956.53392252492,72000.0,20956.53392252492,0.2910629711461794,1.4265335395752055,0.0,0.006976359937441501,1.674144856281201,-0.1479031612927555
2021-12-24,0.0,4921.345,92441.96823411953,72000.0,20441.96823411953,0.2839162254738823,1.4186368895835364,0.0,-0.005535551581928089,1.674144856281201,-0.1526199872962174
2021-12-27,0.0,4919.324,92404.00600676071,72000.0,20404.006006760712,0.2833889723161209,1.4180543120251963,0.0,-0.0004106600939378646,1.674144856281201,-0.15296797245183535
2021-12-28,0.0,4955.964,93092.24747654147,72000.0,21092.247476541466,0.2929478816186315,1.4286162327266188,0.0,0.007448177839069148,1.674144856281201,-0.1466591272752693
2021-12-29,0.0,4883.48,91730.71650777542,72000.0,19730.716507775418,0.2740377292746585,1.4077218478979645,0.0,-0.01462561067836654,1.674144856281201,-0.15913975865567886
2021-12-30,0.0,4921.511,92445.08635868241,72000.0,20445.086358682413,0.28395953275947794,1.4186847410801642,0.0,0.007787684192420263,1.674144856281201,-0.15259140464612697
2021-12-31,0.0,4940.373,92799.38795810938,72000.0,20799.38795810938,0.28888038830707474,1.4241219394499844,0.0,0.0038325628043904825,1.674144856281201,-0.14934365798345284
2022-01-04,1000.0,4917.765,93374.7219333058,73000.0,20374.721933305802,0.27910577990829855,1.417604911523736,0.0,-0.004576172689794711,1.674144856281201,-0.1532364083041896
2022-01-05,0.0,4868.12,92432.1010332874,73000.0,19432.1010332874,0.26619316483955346,1.40329414314977,0.0,-0.010095033007880616,1.674144856281201,-0.16178451471223043
2022-01-06,0.0,4818.232,91484.86623703163,73000.0,18484.86623703163,0.253217345712762,1.38891332710303,0.0,-0.010247898572754988,1.674144856281201,-0.1703744619875721
2022-01-07,0.0,4822.369,91563.41639643088,73000.0,18563.416396430883,0.25429337529357365,1.3901058671123583,0.0,0.0008586136989667814,1.674144856281201,-0.16966213413562192
2022-01-10,0.0,4844.045,91974.98353569565,73000.0,18974.983535695646,0.2599312813108994,1.3963542348286255,0.0,0.004494886227080608,1.674144856281201,-0.1659298598985247
2022-01-11,0.0,4797.774,91096.4255406357,73000.0,18096.425540635697,0.24789624028268076,1.3830160625367176,0.0,-0.009552140824455546,1.674144856281201,-0.1738970153342474
2022-01-12,0.0,4845.579,92004.10994239578,73000.0,19004.10994239578,0.26033027318350377,1.396796428779389,0.0,0.009963995803053516,1.674144856281201,-0.1656657286621478
2022-01-13,0.0,4765.919,90491.58741453868,73000.0,17491.587414538677,0.23961078650052992,1.3738334756386879,0.0,-0.016439727842637475,1.674144856281201,-0.1793819570127274
2022-01-14,0.0,4726.732,89747.53493777323,73000.0,16747.534937773235,0.2294182868188115,1.3625373515522623,0.0,-0.008222338650740846,1.674144856281201,-0.1861293564650769
2022-01-17,0.0,4767.276,90517.35308200419,73000.0,17517.353082004192,0.23996374084937244,1.3742246472105173,0.0,0.008577596529695253,1.674144856281201,-0.17914830245747082
2022-01-18,0.0,4813.347,91392.11363160127,73000.0,18392.11363160127,0.2519467620767297,1.3875051670968497,0.0,0.009664009383975047,1.674144856281201,-0.17121558394956793
2022-01-19,0.0,4780.378,90766.12373427613,73000.0,17766.12373427613,0.24337155800378252,1.378001456299765,0.0,-0.00684949578744265,1.674144856281201,-0.17689233931600346
2022-01-20,0.0,4823.509,91585.06183556918,73000.0,18585.061835569184,0.25458988815848205,1.3904344858241384,0.0,0.009022508261899098,1.674144856281201,-0.16946584364704975
2022-01-21,0.0,4779.314,90745.92132441374,73000.0,17745.921324413735,0.24309481266320176,1.3776947455021036,0.0,-0.009162416821446806,1.674144856281201,-0.17707554377200407
2022-01-24,0.0,4786.738,90886.88249999509,73000.0,17886.88249999509,0.24502578767116567,1.3798348027970642,0.0,0.0015533610053659608,1.674144856281201,-0.17579724501133753
2022-01-25,0.0,4678.451,88830.81261581153,73000.0,15830.812615811534,0.21686044679193883,1.348619772584321,0.0,-0.022622295183066243,1.674144856281201,-0.19444260302538752
2022-01-26,0.0,4712.311,89473.72013267371,73000.0,16473.720132673712,0.22566739907772204,1.3583803248482444,0.0,0.007237438203371083,1.674144856281201,-0.18861243114551518
2022-01-27,0.0,4619.877,87718.65476310377,73000.0,14718.654763103768,0.20162540771375026,1.3317351125634393,0.0,-0.019615428608171115,1.674144856281201,-0.20452814607593794
2022-01-28,0.0,4563.772,86653.37637463499,73000.0,13653.376374634987,0.1870325530771917,1.3155621714893866,0.0,-0.0121442627152194,1.674144856281201,-0.21418856525255436
2022-02-07,1000.0,4634.09,88988.52022492191,74000.0,14988.520224921915,0.20254757060705297,1.3358321807656586,0.0,0.015407868754179654,1.674144856281201,-0.20208088580043215
2022-02-08,0.0,4608.773,88502.35738247941,74000.0,14502.357382479415,0.195977802465938,1.3285342510058904,0.0,-0.005463208526377383,1.674144856281201,-0.2064400843084867
2022-02-09,0.0,4652.061,89333.61768676707,74000.0,15333.617686767073,0.20721104982117655,1.3410125376686404,0.0,0.009392521610415372,1.674144856281201,-0.19898655565119472
2022-02-10,0.0,4639.863,89099.37925598485,74000.0,15099.379255984852,0.2040456656214169,1.337496317452594,0.0,-0.002622063640179917,1.674144856281201,-0.20108686387891694
2022-02-11,0.0,4601.395,88360.67750526092,74000.0,14360.677505260915,0.194063209530553,1.3264074537642123,0.0,-0.0082907620332755,1.674144856281201,-0.20771046257575465
2022-02-14,0.0,4551.688,87406.15301937044,74000.0,13406.153019370438,0.1811642299914924,1.312078813144518,0.0,-0.010802593561300533,1.674144856281201,-0.2162692444314196
2022-02-15,0.0,4600.103,88335.86720418118,74000.0,14335.86720418118,0.19372793519163767,1.3260350192241948,0.0,0.01063671323693538,1.674144856281201,-0.20793292512946993
2022-02-16,0.0,4617.989,88679.33240937635,74000.0,14679.332409376351,0.19836935688346413,1.331190873854807,0.0,0.0038881738082821027,1.674144856281201,-0.20485323067455574
2022-02-17,0.0,4629.165,88893.94535431996,74000.0,14893.945354319963,0.20126953181513474,1.3344124902783632,0.0,0.002420101043982603,1.674144856281201,-0.20292889514799184
2022-02-18,0.0,4651.236,89317.77519575253,74000.0,15317.775195752532,0.20699696210476404,1.3407747214956418,0.0,0.004767814497862899,1.674144856281201,-0.19912860797845078
2022-02-21,0.0,4634.314,88992.8217012701,74000.0,14992.821701270106,0.20260569866581224,1.3358967514599032,0.0,-0.0036381727351610937,1.674144856281201,-0.20204231644127413
2022-02-22,0.0,4574.153,87837.54885045116,74000.0,13837.54885045116,0.1869939033844752,1.3185546196007802,0.0,-0.012981640864214272,1.674144856281201,-0.21240111651407378
2022-02-23,0.0,4623.047,88776.46128156003,74000.0,14776.461281560027,0.19968190921027063,1.33264890319181,0.0,0.010689192075560072,1.674144856281201,-0.203982320769996
2022-02-24,0.0,4529.319,86976.60067815323,74000.0,12976.600678153234,0.17535946862369234,1.305630679842932,0.0,-0.02027407465249631,1.674144856281201,-0.22012084262341203
2022-02-25,0.0,4573.425,87823.56905231955,74000.0,13823.569052319552,0.18680498719350735,1.3183447648444857,0.0,0.009737887748688001,1.674144856281201,-0.21252646693133737
2022-02-28,0.0,4581.646,87981.43707490199,74000.0,13981.437074901987,0.18893833885002675,1.3207145669756644,0.0,0.0017975587224015044,1.674144856281201,-0.2111109370133094
2022-03-01,1000.0,4619.686,89711.91993331777,75000.0,14711.919933317768,0.196158932444237,1.3316800545161147,0.0,0.008302692962310898,1.674144856281201,-0.20456103334200582
2022-03-02,0.0,4578.601,88914.07041920352,75000.0,13914.07041920352,0.18552093892271349,1.3198368091007782,0.0,-0.00889346159024662,1.674144856281201,-0.21163523923936411
2022-03-03,0.0,4551.628,88390.2686680972,75000.0,13390.268668097196,0.17853691557462925,1.3120615174228452,0.0,-0.005891100796946547,1.674144856281201,-0.21627957550976562
2022-03-04,0.0,4496.43,87318.35197149072,75000.0,12318.351971490716,0.16424469295320954,1.2961500300080773,0.0,-0.012127089472162345,1.674144856281201,-0.2257838232187197
2022-03-07,0.0,4352.778,84528.70420706236,75000.0,9528.704207062357,0.127049389427498,1.2547406131794554,0.0,-0.03194801208959108,1.674144856281201,-0.2505184909944851
2022-03-08,0.0,4265.391,82831.69372903141,75000.0,7831.693729031409,0.10442258305375218,1.2295502593493464,0.0,-0.020076144476010693,1.674144856281201,-0.26556519005137835
2022-03-09,0.0,4226.346,82073.45996297103,75000.0,7073.459962971028,0.09431279950628046,1.2182950684708793,0.0,-0.009153908750686668,1.674144856281201,-0.27228813928497586
2022-03-10,0.0,4292.837,83364.68089623064,75000.0,8364.680896230639,0.11152907861640848,1.2374618989664654,0.0,0.015732502734040477,1.674144856281201,-0.26083941044668313
2022-03-11,0.0,4306.522,83630.4365394253,75000.0,8630.436539425296,0.1150724871923372,1.2414067648179654,0.0,0.0031878685354229663,1.674144856281201,-0.25848306366062135
2022-03-14,0.0,4174.758,81071.64760483241,75000.0,6071.647604832411,0.08095530139776552,1.2034242069767482,0.0,-0.03059638381041585,1.674144856281201,-0.2811708004467848
2022-03-15,0.0,3983.812,77363.57474802194,75000.0,2363.5747480219434,0.03151432997362602,1.1483817258017,0.0,-0.045738220035748234,1.674144856281201,-0.3140487685440705
2022-03-16,0.0,4156.081,80708.9498958118,75000.0,5708.949895811806,0.07611933194415732,1.1980403370820851,0.0,0.04324225139138105,1.674144856281201,-0.28438669295122576
2022-03-17,0.0,4237.696,82293.87111023151,75000.0,7293.871110231514,0.09725161480308686,1.2215668424872863,0.0,0.01963749022215877,1.674144856281201,-0.2703338436312087
2022-03-18,0.0,4265.902,82841.61708552923,75000.0,7841.617085529229,0.10455489447372313,1.2296975612455918,0.0,0.006655975322439334,1.674144856281201,-0.26547720370079886
2022-03-21,0.0,4258.746,82702.65125559125,75000.0,7702.651255591249,0.1027020167412167,1.2276347581741023,0.0,-0.0016774881373270434,1.674144856281201,-0.2667093569781871
2022-03-22,0.0,4255.295,82635.63461513346,75000.0,7635.634615133458,0.1018084615351127,1.226639965915898,0.0,-0.0008103324311897753,1.674144856281201,-0.2673035661677158
2022-03-23,0.0,4276.517,83047.7549117997,75000.0,8047.754911799697,0.10730339882399598,1.2327574626715088,0.0,0.004987198302350393,1.674144856281201,-0.26364946375676923
2022-03-24,0.0,4251.306,82558.17029210068,75000.0,7558.17029210068,0.10077560389467566,1.2254900886866955,0.0,-0.005895218001004121,1.674144856281201,-0.2679904106930794
2022-03-25,0.0,4174.574,81068.07441971383,75000.0,6068.0744197138265,0.08090765892951768,1.2033711667636187,0.0,-0.018049041870898175,1.674144856281201,-0.28120248242037893
2022-03-28,0.0,4148.466,80561.07052256173,75000.0,5561.070522561728,0.07414760696748979,1.1958452217398,0.0,-0.006254051311582631,1.674144856281201,-0.2856978789779602
2022-03-29,0.0,4134.144,80282.94466784238,75000.0,5282.944667842385,0.07043926223789843,1.191716732976542,0.0,-0.0034523604628796667,1.674144856281201,-0.28816390737912767
2022-03-30,0.0,4254.099,82612.40891186267,75000.0,7612.4089118626725,0.10149878549150237,1.2262952045305568,0.0,0.029015680150473733,1.674144856281201,-0.26750949899607745
2022-03-31,0.0,4222.597,82000.65631617988,75000.0,7000.656316179884,0.09334208421573176,1.2172143741283676,0.0,-0.007405093299427401,1.674144856281201,-0.2729336594969558
2022-04-01,1000.0,4276.158,84040.7833169216,76000.0,8040.783316921603,0.10579978048581062,1.232653976603501,0.0,0.012684374094899642,1.674144856281201,-0.2637112780422055
2022-04-06,0.0,4263.841,83798.71313894536,76000.0,7798.713138945357,0.10261464656507058,1.229103453206137,0.0,-0.002880389358859037,1.674144856281201,-0.2658320762419807
2022-04-07,0.0,4209.1,82722.86970202101,76000.0,6722.869702021009,0.08845881186869753,1.2133237015381086,0.0,-0.012838424322107689,1.674144856281201,-0.275257635570867
2022-04-08,0.0,4230.767,83148.69860079595,76000.0,7148.6986007959495,0.09406182369468352,1.2195694748961248,0.0,0.005147656268560841,1.674144856281201,-0.27152691099552173
2022-04-11,0.0,4100.07,80580.0661374558,76000.0,4580.066137455797,0.060264028124418445,1.1818944926386525,0.0,-0.030892034470345497,1.674144856281201,-0.2940309267717671
2022-04-12,0.0,4179.973,82150.42689338951,76000.0,6150.426893389507,0.08092666964986184,1.2049274934521281,0.0,0.019488203859934217,1.674144856281201,-0.28027285755388653
2022-04-13,0.0,4139.737,81359.6551404422,76000.0,5359.655140442206,0.0705217781637133,1.1933289824984594,0.0,-0.009625899497436863,1.674144856281201,-0.2872008786926502
2022-04-14,0.0,4191.568,82378.30736051906,76000.0,6378.307360519058,0.0839250968489349,1.208269891665365,0.0,0.012520360592955582,1.674144856281201,-0.2782763766635403
2022-04-15,0.0,4188.747,82322.86529085347,76000.0,6322.865290853471,0.08319559593228254,1.207456704484723,0.0,-0.0006730178300817791,1.674144856281201,-0.278762109530437
2022-04-18,0.0,4166.384,81883.357668049,76000.0,5883.357668048993,0.07741260089538149,1.2010103007553041,0.0,-0.005338828055263423,1.674144856281201,-0.28261267461459494
2022-04-19,0.0,4134.902,81264.6312457832,76000.0,5264.6312457831955,0.06927146376030513,1.1919352355936728,0.0,-0.007556192612106827,1.674144856281201,-0.28803339142269113
2022-04-20,0.0,4070.789,80004.59671459941,76000.0,4004.5967145994073,0.052692062034202625,1.1734538922003792,0.0,-0.015505325156436434,1.674144856281201,-0.2990726651892076
2022-04-21,0.0,3995.83,78531.4020672891,76000.0,2531.4020672891056,0.03330792193801457,1.1518460588527286,0.0,-0.01841387504977554,1.674144856281201,-0.3119794535513858
2022-04-22,0.0,4013.25,78873.76323480929,76000.0,2873.7632348092884,0.037812674142227554,1.1568675833783504,0.0,0.004359544825480732,1.674144856281201,-0.3089799971382913
2022-04-25,0.0,3814.913,74975.77891319903,76000.0,-1024.2210868009715,-0.013476593247381152,1.0996945575552612,0.0,-0.049420544446521,1.674144856281201,-0.3431305819031535
2022-04-26,0.0,3784.12,74370.59364158886,76000.0,-1629.4063584111427,-0.021439557347515015,1.0908181049308374,0.0,-0.00807174370686814,1.674144856281201,-0.34843266349491075
2022-04-27,0.0,3895.536,76560.29007330119,76000.0,560.290073301192,0.007372237806594573,1.1229351070288085,0.0,0.02944304091836414,1.674144856281201,-0.3292485397451219
2022-04-28,0.0,3921.107,77062.84560801179,76000.0,1062.8456080117903,0.01398481063173418,1.1303062553436574,0.0,0.0065641801282287915,1.674144856281201,-0.3248456063387365
2022-04-29,0.0,4016.241,78932.54637212575,76000.0,2932.5463721257547,0.03858613647533882,1.1577297751037312,0.0,0.02426202600439109,1.674144856281201,-0.308464992882748
2022-05-05,1000.0,4010.21,79814.0170838758,77000.0,2814.017083875806,0.03654567641397155,1.1559912668136034,0.0,-0.0015016529137570345,1.674144856281201,-0.3095034384411506
2022-05-06,0.0,3908.815,77795.98255146488,77000.0,795.9825514648837,0.01033743573331014,1.1267629384969904,0.0,-0.025284212048745425,1.674144856281201,-0.3269620999225341
2022-05-09,0.0,3877.436,77171.45564587267,77000.0,171.4556458726729,0.0022266966996451476,1.1177175643242303,0.0,-0.00802775265649569,1.674144856281201,-0.3323650817128032
2022-05-10,0.0,3919.868,78015.96712355166,77000.0,1015.967123551658,0.01319437822794356,1.1299490986911176,0.0,0.010943314086937939,1.674144856281201,-0.32505894310657935
2022-05-11,0.0,3976.423,79141.56447036855,77000.0,2141.564470368554,0.02781252558920211,1.146251757677715,0.0,0.014427781751834345,1.674144856281201,-0.31532104084236867
2022-05-12,0.0,3958.74,78789.62497989443,77000.0,1789.6249798944336,0.02324188285577189,1.1411544202387616,0.0,-0.004446961502838187,1.674144856281201,-0.318365781815546
2022-05-13,0.0,3988.6,79383.91968020303,77000.0,2383.9196802030347,0.030959995846792765,1.1497619243911763,0.0,0.007542804023502603,1.674144856281201,-0.31322434849206715
2022-05-16,0.0,3956.538,78745.79922871964,77000.0,1745.7992287196394,0.022672717256099206,1.140519667253376,0.0,-0.008038409466980978,1.674144856281201,-0.31874493239084056
2022-05-17,0.0,4005.893,79728.09711665436,77000.0,2728.0971166543604,0.03542983268382294,1.1547468396392575,0.0,0.012474289391382287,1.674144856281201,-0.3102467595281383
2022-05-18,0.0,3991.907,79449.73791777572,77000.0,2449.737917775725,0.03181477815293143,1.1507152069173663,0.0,-0.0034913563592438024,1.674144856281201,-0.31265493389056875
2022-05-19,0.0,3999.598,79602.80960364557,77000.0,2602.809603645568,0.033802722125267026,1.1529322301737701,0.0,0.0019266480907496053,1.674144856281201,-0.3113306618312629
2022-05-20,0.0,4077.6,81155.26021360776,77000.0,4155.260213607762,0.053964418358542376,1.1754172448722509,0.0,0.01950245999722977,1.674144856281201,-0.29789991561230844
2022-05-23,0.0,4053.982,80685.19818306896,77000.0,3685.198183068962,0.0478597166632333,1.1686090722978462,0.0,-0.0057921326270354845,1.674144856281201,-0.30196657241853475
2022-05-24,0.0,3959.154,78797.86469878016,77000.0,1797.8646987801621,0.023348892191950243,1.141273760718303,0.0,-0.023391322408436777,1.674144856281201,-0.3182944973749591
2022-05-25,0.0,3983.178,79276.00722658371,77000.0,2276.007226583708,0.029558535410177944,1.1481989676760258,0.0,0.006067963004217525,1.674144856281201,-0.3141579336052588
2022-05-26,0.0,3993.045,79472.38719336016,77000.0,2472.387193360162,0.03210892458909309,1.1510432491050906,0.0,0.0024771677288837335,1.674144856281201,-0.3124589877712748
2022-05-27,0.0,4001.299,79636.66410080648,77000.0,2636.664100806476,0.0342423909195646,1.1534225638831894,0.0,0.0020670941599707504,1.674144856281201,-0.31103777576015645
2022-05-30,0.0,4029.018,80188.34711480026,77000.0,3188.3471148002573,0.04140710538701642,1.1614128990339188,0.0,0.006927500294279465,1.674144856281201,-0.3062649897489875
2022-05-31,0.0,4091.518,81432.26602870807,77000.0,4432.266028708065,0.05756189647672816,1.1794292757762466,0.0,0.015512464823934868,1.674144856281201,-0.2955034498053366
2022-06-01,1000.0,4083.177,82266.25758613358,78000.0,4266.257586133579,0.05469561007863555,1.1770248822017224,0.0,-0.002038607675684201,1.674144856281201,-0.2969396418800565
2022-06-02,0.0,4089.568,82395.02096137618,78000.0,4395.020961376184,0.05634642258174605,1.1788671648218858,0.0,0.001565202782049413,1.674144856281201,-0.29583920985157863
2022-06-06,0.0,4166.085,83936.65563254477,78000.0,5936.655632544775,0.07611096964801001,1.200924110408969,0.0,0.018710289204140862,1.674144856281201,-0.2826641578216853
2022-06-07,0.0,4179.129,84199.46105683903,78000.0,6199.461056839034,0.07948026995947477,1.2046842003005998,0.0,0.0031309970871933324,1.674144856281201,-0.28041818138928554
2022-06-08,0.0,4219.812,85019.1262727669,78000.0,7019.1262727668945,0.08998879836880636,1.2164115643807296,0.0,0.009734803591848973,1.674144856281201,-0.2734131937168448
2022-06-09,0.0,4175.675,84129.87121204355,78000.0,6129.871212043552,0.07858809246209675,1.2036885432563118,0.0,-0.01045947070627784,1.674144856281201,-0.2810129071327314
2022-06-10,0.0,4238.994,85405.59772698433,78000.0,7405.597726984328,0.0949435606023632,1.221941006599471,0.0,0.015163775916468447,1.674144856281201,-0.27011034796965905
2022-06-13,0.0,4189.353,84405.45022105127,78000.0,6405.450221051273,0.08212115668014452,1.2076313912736167,0.0,-0.011710561515302809,1.674144856281201,-0.27865776563914335
2022-06-14,0.0,4222.311,85069.47515005233,78000.0,7069.475150052327,0.09063429679554269,1.2171319311883948,0.0,0.00786708591994989,1.674144856281201,-0.27298290430373795
2022-06-15,0.0,4278.218,86195.86757998323,78000.0,8195.867579983227,0.10507522538440028,1.2332477963809279,0.0,0.013240853172587164,1.674144856281201,-0.2633565776856629
2022-06-16,0.0,4250.061,85628.57132639129,78000.0,7628.571326391291,0.09780219649219601,1.2251312024619883,0.0,-0.00658147855018143,1.674144856281201,-0.26820478056875696
2022-06-17,0.0,4309.044,86816.9378045535,78000.0,8816.937804553498,0.1130376641609423,1.2421337616522719,0.0,0.013878153748852151,1.674144856281201,-0.25804881400081514
2022-06-20,0.0,4330.433,87247.87503394861,78000.0,9247.875033948614,0.11856250043523864,1.2482993981665382,0.0,0.004963746018838533,1.674144856281201,-0.2543659567551392
2022-06-21,0.0,4325.566,87149.81661628223,78000.0,9149.81661628223,0.11730534123438763,1.2468964268768596,0.0,-0.0011239060851421234,1.674144856281201,-0.25520397939363115
2022-06-22,0.0,4270.623,86042.846482351,78000.0,8042.846482351,0.10311341644039751,1.2310584462792002,0.0,-0.01270192155200034,1.674144856281201,-0.2646643200196154
2022-06-23,0.0,4343.878,87518.75964983608,78000.0,9518.75964983608,0.1220353801261036,1.2521750811313477,0.0,0.017153235019808477,1.674144856281201,-0.25205093428246106
2022-06-24,0.0,4394.772,88544.15211104671,78000.0,10544.152111046715,0.13518143732111176,1.2668458887781322,0.0,0.011716259066207657,1.674144856281201,-0.24328776926018636
2022-06-27,0.0,4444.264,89541.29762309602,78000.0,11541.29762309602,0.14796535414225676,1.2811125530618328,0.0,0.011261562602109976,1.674144856281201,-0.23476600710192763
2022-06-28,0.0,4490.517,90473.18502649083,78000.0,12473.185026490828,0.1599126285447543,1.294445536637239,0.0,0.010407347538309963,1.674144856281201,-0.2268019509897088
2022-06-29,0.0,4421.357,89079.77632178443,78000.0,11079.776321784433,0.14204841438185167,1.2745093347892489,0.0,-0.015401344655860183,1.674144856281201,-0.238710240629755
2022-06-30,0.0,4485.011,90362.25228606121,78000.0,12362.252286061208,0.15849041392386165,1.292858365911747,0.0,0.014396937410844579,1.674144856281201,-0.22774999961258457
2022-07-01,1000.0,4466.718,90993.69205709656,79000.0,11993.69205709656,0.1518188867986907,1.2875851886357885,0.0,-0.004078696796953274,1.674144856281201,-0.23089977321561184
2022-07-04,0.0,4496.03,91590.82111283224,79000.0,12590.821112832244,0.15937748244091443,1.2960347251969262,0.0,0.006562312642078405,1.674144856281201,-0.22585269707435918
2022-07-05,0.0,4489.538,91458.56941285147,79000.0,12458.569412851473,0.15770341028925916,1.2941633281119471,0.0,-0.001443940543101374,1.674144856281201,-0.22697051975138616
2022-07-06,0.0,4423.97,90122.85168883138,79000.0,11122.851688831375,0.14079559099786554,1.275262563468092,0.0,-0.014604620787261324,1.674144856281201,-0.2382603221677908
2022-07-07,0.0,4443.474,90520.17719043716,79000.0,11520.177190437156,0.14582502772705253,1.2808848260598098,0.0,0.00440870982398156,1.674144856281201,-0.23490203296681544
2022-07-08,0.0,4428.781,90220.85891751396,79000.0,11220.858917513964,0.1420361888292907,1.2766493920842095,0.0,-0.003306647006373842,1.674144856281201,-0.23743194186908845
2022-07-11,0.0,4354.617,88710.02788279844,79000.0,9710.027882798444,0.1229117453518791,1.2552707270487216,0.0,-0.016745917217401374,1.674144856281201,-0.2502018434431831
2022-07-12,0.0,4313.618,87874.8172470142,79000.0,8874.817247014202,0.11233945882296448,1.2434522721677825,0.0,-0.009415064516580807,1.674144856281201,-0.2572612414615789
2022-07-13,0.0,4321.462,88034.61119874696,79000.0,9034.611198746963,0.11436216707274638,1.2457133995144516,0.0,0.001818427130079625,1.674144856281201,-0.25591062515249097
2022-07-14,0.0,4322.074,88047.07854939208,79000.0,9047.078549392085,0.11451998163787458,1.2458898158755123,0.0,0.00014161873921358925,1.674144856281201,-0.2558052481533629
2022-07-15,0.0,4248.527,86548.8167227616,79000.0,7548.816722761607,0.09555464206027353,1.2246890085112248,0.0,-0.0170165989753992,1.674144856281201,-0.26846891180513377
2022-07-18,0.0,4292.586,87446.36411177153,79000.0,8446.36411177153,0.1069160014148296,1.2373895451974684,0.0,0.010370417794214326,1.674144856281201,-0.2608826287910968
2022-07-19,0.0,4269.34,86972.80850213616,79000.0,7972.808502136162,0.10092162660931847,1.2306886060974338,0.0,-0.005415383640537508,1.674144856281201,-0.2648852329115785
2022-07-20,0.0,4283.803,87267.44133282344,79000.0,8267.441332823437,0.10465115611168918,1.2348577398066223,0.0,0.0033876430548982484,1.674144856281201,-0.26239492647629825
2022-07-21,0.0,4236.058,86294.80463911094,79000.0,7294.804639110938,0.09233929922925244,1.2210946692856233,0.0,-0.011145470508331035,1.674144856281201,-0.27061588207005205
2022-07-22,0.0,4238.234,86339.13299696032,79000.0,7339.132996960325,0.09290041768304214,1.2217219274582842,0.0,0.0005136851289573308,1.674144856281201,-0.2702412082953738
2022-07-25,0.0,4212.644,85817.82661949456,79000.0,6817.826619494561,0.08630160277841226,1.2143453021649055,0.0,-0.0060378921975521305,1.674144856281201,-0.27464741320990227
2022-07-26,0.0,4245.976,86496.84905691889,79000.0,7496.849056918887,0.09489682350530226,1.2239536520781098,0.0,0.007912370473270425,1.674144856281201,-0.26890815481947394
2022-07-27,0.0,4225.036,86070.27009857059,79000.0,7070.270098570589,0.08949708985532401,1.2179174452143604,0.0,-0.004931728299924387,1.674144856281201,-0.27251370116219464
2022-07-28,0.0,4225.673,86083.24673641528,79000.0,7083.2467364152835,0.08966135109386442,1.2181010681261182,0.0,0.0001507679461192346,1.674144856281201,-0.27240401954708904
2022-07-29,0.0,4170.102,84951.18277775371,79000.0,5951.182777753711,0.07533142756650268,1.2020820589749517,0.0,-0.013150804617394818,1.674144856281201,-0.28197249212642705
2022-08-01,1000.0,4188.678,86329.60353851196,80000.0,6329.603538511961,0.07912004423139951,1.2074368144047996,0.0,0.0044545672983540285,1.674144856281201,-0.27877399027053473
2022-08-02,0.0,4107.024,84646.69608004091,80000.0,4646.696080040914,0.05808370100051152,1.1838990667805112,0.0,-0.019493978768480136,1.674144856281201,-0.29283355479147655
2022-08-03,0.0,4066.975,83821.27710724952,80000.0,3821.2771072495234,0.04776596384061915,1.1723544608260552,0.0,-0.009751343064954288,1.674144856281201,-0.2997293774027291
2022-08-04,0.0,4101.537,84533.6077656334,80000.0,4533.607765633395,0.05667009707041748,1.1823173730335486,0.0,0.008498208127662554,1.674144856281201,-0.2937783319062097
2022-08-05,0.0,4156.911,85674.87846401164,80000.0,5674.8784640116355,0.07093598080014551,1.1982795945652231,0.0,0.013500792507784354,1.674144856281201,-0.2842437797007741
2022-08-08,0.0,4148.075,85492.76650007784,80000.0,5492.766500077836,0.06865958125097293,1.1957325112868997,0.0,-0.00212561683423107,1.674144856281201,-0.2857652031718477
2022-08-09,0.0,4156.291,85662.10012340061,80000.0,5662.100123400611,0.07077625154250766,1.1981008721079394,0.0,0.001980677784273688,1.674144856281201,-0.28435053417701506
2022-08-10,0.0,4109.737,84702.61162532751,80000.0,4702.61162532751,0.05878264531659383,1.184681121662142,0.0,-0.011200851913400811,1.674144856281201,-0.2923664178656027
2022-08-11,0.0,4193.543,86429.87229185486,80000.0,6429.872291854859,0.08037340364818579,1.2088392091704223,0.0,0.020392059151230324,1.674144856281201,-0.2779363120013211
2022-08-12,0.0,4191.152,86380.59323959528,80000.0,6380.593239595284,0.07975741549494098,1.2081499746617679,0.0,-0.000570162270900676,1.674144856281201,-0.2783480054734053
2022-08-15,0.0,4185.679,86267.79346836287,80000.0,6267.79346836287,0.07834741835453585,1.2065723165831956,0.0,-0.0013058462208004329,1.674144856281201,-0.27929037200319096
2022-08-16,0.0,4177.837,86106.16806986029,80000.0,6106.168069860287,0.07632710087325356,1.2043117657605824,0.0,-0.001873531152293273,1.674144856281201,-0.2806406439430007
2022-08-17,0.0,4216.959,86912.4813624155,80000.0,6912.481362415507,0.0864060170301939,1.2155891528151959,0.0,0.00936417576846571,1.674144856281201,-0.27390443649219254
2022-08-18,0.0,4180.1,86152.8090130905,80000.0,6152.809013090504,0.07691011266363135,1.2049641027296687,0.0,-0.008740658849184735,1.674144856281201,-0.2802509901047209
2022-08-19,0.0,4151.074,85554.57657022693,80000.0,5554.576570226927,0.0694322071278366,1.1965970091085034,0.0,-0.006943853017870705,1.674144856281201,-0.2852488214391917
2022-08-22,0.0,4181.397,86179.54047723967,80000.0,6179.540477239672,0.077244255965496,1.2053379785798253,0.0,0.007304856526286985,1.674144856281201,-0.2800276666278104
2022-08-23,0.0,4161.082,85760.84371996092,80000.0,5760.843719960918,0.07201054649951155,1.1994819354834991,0.0,-0.0048584241104109305,1.674144856281201,-0.28352559757109463
2022-08-24,0.0,4082.42,84139.60206005142,80000.0,4139.602060051417,0.05174502575064266,1.1768066678466194,0.0,-0.018904217701069093,1.674144856281201,-0.29706998565185405
2022-08-25,0.0,4116.24,84836.63993015564,80000.0,4836.639930155638,0.06045799912694538,1.1865556896294276,0.0,0.008284301958152218,1.674144856281201,-0.2912467011575458
2022-08-26,0.0,4107.546,84657.45461842632,80000.0,4657.454618426316,0.05821818273032897,1.1840495395590631,0.0,-0.002112121742172235,1.674144856281201,-0.29274367440986715
2022-08-29,0.0,4089.521,84285.95528050115,80000.0,4285.955280501148,0.053574441006264406,1.1788536165065757,0.0,-0.004388264915353379,1.674144856281201,-0.2958473025296161
2022-08-30,0.0,4075.794,84003.03869732785,80000.0,4003.038697327851,0.05003798371659807,1.1748966436499046,0.0,-0.0033566278300075636,1.674144856281201,-0.2982108810705202
2022-08-31,0.0,4078.84,84065.81744813618,80000.0,4065.8174481361784,0.05082271810170225,1.1757746897868189,0.0,0.0007473390460852603,1.674144856281201,-0.29768640665982626
2022-09-01,1000.0,4043.74,84342.39848773823,81000.0,3342.398487738232,0.04126417886096578,1.1656566926083274,0.0,-0.008605387806337239,1.674144856281201,-0.3037300874921808
2022-09-02,0.0,4023.613,83922.59913012307,81000.0,2922.599130123068,0.03608147074226009,1.1598548427732422,0.0,-0.004977322973287013,1.674144856281201,-0.3071956477233144
2022-09-05,0.0,4015.426,83751.83859249724,81000.0,2751.838592497239,0.03397331595675612,1.1574948415510111,0.0,-0.0020347384303610605,1.674144856281201,-0.30860532336361324
2022-09-06,0.0,4052.28,84520.52173084617,81000.0,3520.5217308461724,0.0434632312450145,1.1681184503263993,0.0,0.009178104639458118,1.674144856281201,-0.3022596306742802
2022-09-07,0.0,4054.983,84576.89961446686,81000.0,3576.8996144668636,0.044159254499591016,1.1688976225877514,0.0,0.0006670318931563113,1.674144856281201,-0.30179421559479713
2022-09-08,0.0,4037.684,84216.08533079893,81000.0,3216.085330798931,0.03970475717035726,1.163910977767503,0.0,-0.004266109130420581,1.674144856281201,-0.3047728376665606
2022-09-09,0.0,4093.787,85386.25492190952,81000.0,4386.254921909524,0.0541512953322163,1.1800833423175,0.0,0.013894846649713077,1.674144856281201,-0.2951127628592224
2022-09-13,0.0,4111.115,85747.67407373321,81000.0,4747.674073733215,0.05861326016954593,1.1850783467365567,0.0,0.004232755636773389,1.674144856281201,-0.2921291474329252
2022-09-14,0.0,4065.359,84793.31726909074,81000.0,3793.3172690907377,0.046831077396181975,1.1718886293890056,0.0,-0.011129827309622642,1.674144856281201,-0.30000762777951206
2022-09-15,0.0,4027.119,83995.72560440135,81000.0,2995.7256044013484,0.0369842667210043,1.16086548944298,0.0,-0.009406303354758894,1.674144856281201,-0.30659196837863534
2022-09-16,0.0,3932.683,82026.02459899841,81000.0,1026.0245989984105,0.012666970358005125,1.1336431765783643,0.0,-0.023450014762414706,1.674144856281201,-0.3228523969565332
2022-09-19,0.0,3928.0,81928.34882060562,81000.0,928.3488206056209,0.011461096550686722,1.1322932455018153,0.0,-0.001190790104363737,1.674144856281201,-0.32365873762143105
2022-09-20,0.0,3932.836,82029.21579995807,81000.0,1029.2157999580668,0.012706367900716886,1.1336872806686296,0.0,0.001231160896130179,1.674144856281201,-0.32282605270675113
2022-09-21,0.0,3903.735,81422.24103442131,81000.0,422.2410344213131,0.005212852276806235,1.125298567395374,0.0,-0.00739949491918801,1.674144856281201,-0.3278367978891541
2022-09-22,0.0,3869.344,80704.92997426615,81000.0,-295.0700257338467,-0.0036428398238746995,1.1153849479946476,0.0,-0.00880976808108136,1.674144856281201,-0.33375839981238764
2022-09-23,0.0,3856.021,80427.0452005042,81000.0,-572.9547994957975,-0.007073516043157979,1.111544432997239,0.0,-0.003443219315728996,1.674144856281201,-0.33605241575909583
2022-09-26,0.0,3836.677,80023.57728309438,81000.0,-976.4227169056248,-0.0120546014432793,1.1059682923299816,0.0,-0.005016570189840808,1.674144856281201,-0.3393831554178156
2022-09-27,0.0,3892.295,81183.63097573808,81000.0,183.63097573808045,0.002267049083186201,1.1220008497964582,0.0,0.014496398836805868,1.674144856281201,-0.32980659016044
2022-09-28,0.0,3828.71,79857.40540044321,81000.0,-1142.594599556789,-0.014106106167367738,1.1036717087538837,0.0,-0.016336120463633863,1.674144856281201,-0.3407549504375126
2022-09-29,0.0,3827.143,79824.72166250994,81000.0,-1175.278337490061,-0.01450960910481558,1.1032200021562,0.0,-0.00040927623142006375,1.674144856281201,-0.3410247637669799
2022-09-30,0.0,3804.885,79360.47492420826,81000.0,-1639.5250757917383,-0.020241050318416498,1.0968038659397084,0.0,-0.00581582658395563,1.674144856281201,-0.3448572494640323
2022-10-10,1000.0,3720.937,78609.52761596176,82000.0,-3390.4723840382358,-0.04134722419558823,1.0726048452234693,0.0,-0.022063216102457872,1.674144856281201,-0.359311805547066
2022-10-11,0.0,3727.687,78752.1299527946,82000.0,-3247.8700472054043,-0.03960817130738303,1.0745506139116408,0.0,0.0018140592006798961,1.674144856281201,-0.3581495592331517
2022-10-12,0.0,3784.306,79948.27835414838,82000.0,-2051.7216458516195,-0.025020995681117264,1.0908717216680226,0.0,0.01518877523783524,1.674144856281201,-0.3484006371520385
2022-10-13,0.0,3752.673,79279.99098806942,82000.0,-2720.0090119305823,-0.033170841608909596,1.0817531289401816,0.0,-0.008358996339091096,1.674144856281201,-0.3538473538406387
2022-10-14,0.0,3842.47,81177.06684593279,82000.0,-822.9331540672138,-0.01003577017155144,1.1076381942574745,0.0,0.02392881021074844,1.674144856281201,-0.33838568980351846
2022-10-17,0.0,3846.412,81260.34661064316,82000.0,-739.6533893568412,-0.009020163284839566,1.1087745231713666,0.0,0.0010259026095194024,1.674144856281201,-0.33770693795619244
2022-10-18,0.0,3838.267,81088.27312419821,82000.0,-911.726875801789,-0.011118620436607163,1.1064266289543065,0.0,-0.0021175578695157293,1.674144856281201,-0.33910938184164896
2022-10-19,0.0,3776.534,79784.08496720545,82000.0,-2215.9150327945536,-0.027023354058470117,1.0886313491873607,0.0,-0.01608356062775196,1.674144856281201,-0.3497388561671113
2022-10-20,0.0,3754.927,79327.60960543553,82000.0,-2672.3903945644706,-0.03259012676298134,1.082402871551017,0.0,-0.005721383681439152,1.674144856281201,-0.3534592496641108
2022-10-21,0.0,3742.893,79073.37604670275,82000.0,-2926.623953297254,-0.03569053601582017,1.0789339263075421,0.0,-0.003204855913310767,1.674144856281201,-0.35553131961102113
2022-10-24,0.0,3633.373,76759.62672374991,82000.0,-5240.373276250088,-0.06390699117378151,1.0473634690144265,0.0,-0.029260788379469993,1.674144856281201,-0.37438898128507936
2022-10-25,0.0,3627.454,76634.58031905162,82000.0,-5365.419680948384,-0.06543194732863877,1.045657246071421,0.0,-0.0016290647836045835,1.674144856281201,-0.37540814216390284
2022-10-26,0.0,3656.903,77256.7279068131,82000.0,-4743.272093186897,-0.05784478162423046,1.054146274530378,0.0,0.00811836621498152,1.674144856281201,-0.3703374767270937
2022-10-27,0.0,3631.145,76712.55738945902,82000.0,-5287.44261054098,-0.06448100744562169,1.046721221216316,0.0,-0.007043665090378348,1.674144856281201,-0.3747726086609907
2022-10-28,0.0,3541.33,74815.10125869744,82000.0,-7184.898741302561,-0.08762071635734825,1.0208309671825213,0.0,-0.024734622274792062,1.674144856281201,-0.3902373720216147
2022-10-31,0.0,3508.703,74125.81437812785,82000.0,-7874.185621872151,-0.0960266539252701,1.0114258419989703,0.0,-0.009213205208212893,1.674144856281201,-0.39585524024147867
2022-11-01,1000.0,3634.173,77776.52774144862,83000.0,-5223.472258551381,-0.06293340070543829,1.0475940786367282,0.0,0.03575965249837321,1.674144856281201,-0.37425123357380075
2022-11-02,0.0,3677.805,78710.3152794703,83000.0,-4289.6847205296945,-0.05168294844011678,1.060171527437068,0.0,0.012006032734269922,1.674144856281201,-0.3667384734006588
2022-11-03,0.0,3647.897,78070.24107505262,83000.0,-4929.758924947382,-0.05939468584273955,1.0515501867073156,0.0,-0.008132024400423377,1.674144856281201,-0.371888171586814
2022-11-04,0.0,3767.175,80622.96178371027,83000.0,-2377.0382162897295,-0.02863901465409313,1.0859335048684575,0.0,0.03269774338475018,1.674144856281201,-0.35135033220443346
2022-11-07,0.0,3775.297,80796.78426225382,83000.0,-2203.2157377461845,-0.02654476792465288,1.0882747690588765,0.0,0.002155992222288683,1.674144856281201,-0.34995184856567607
2022-11-08,0.0,3749.325,80240.94611737164,83000.0,-2759.053882628359,-0.0332416130437152,1.0807880276708486,0.0,-0.006879458755165602,1.674144856281201,-0.3544238280123402
2022-11-09,0.0,3714.27,79490.7187121335,83000.0,-3509.281287866499,-0.042280497444174725,1.0706830022836118,0.0,-0.009349682942929705,1.674144856281201,-0.3604597605359351
2022-11-10,0.0,3685.689,78879.044215796,83000.0,-4120.955784203994,-0.04965006968920471,1.0624441852648523,0.0,-0.007694917170803395,1.674144856281201,-0.36538096970600686
2022-11-11,0.0,3788.439,81078.04195900576,83000.0,-1921.9580409942428,-0.023156120975834305,1.0920631086292392,0.0,0.027878098233464765,1.674144856281201,-0.34768899803864484
2022-11-14,0.0,3794.017,81197.41917955685,83000.0,-1802.5808204431523,-0.021717841210158517,1.0936710342207383,0.0,0.0014723742417390717,1.674144856281201,-0.3467285521217539
2022-11-15,0.0,3865.973,82737.38104437827,83000.0,-262.6189556217287,-0.0031640838026714135,1.1144132166986733,0.0,0.018965650391129074,1.674144856281201,-0.3343388342307885
2022-11-16,0.0,3834.39,82061.45943149464,83000.0,-938.5405685053556,-0.011307717692835562,1.1053090370722263,0.0,-0.008169482818426332,1.674144856281201,-0.33977694168743366
2022-11-17,0.0,3818.664,81724.90041923463,83000.0,-1275.0995807653671,-0.015362645551389997,1.100775828421829,0.0,-0.0041013042491763185,1.674144856281201,-0.3424847173218952
2022-11-18,0.0,3801.569,81359.04283850304,83000.0,-1640.957161496961,-0.019770568210806805,1.0958479890552675,0.0,-0.004476696561938942,1.674144856281201,-0.3454282137272826
2022-11-21,0.0,3769.127,80664.73739047178,83000.0,-2335.2626095282176,-0.02813569409070138,1.086496192346874,0.0,-0.008533844841432603,1.674144856281201,-0.35101422778891334
2022-11-22,0.0,3769.573,80674.28243177077,83000.0,-2325.717568229229,-0.028020693593123203,1.086624757211307,0.0,0.00011832978830361718,1.674144856281201,-0.3509374334398755
2022-11-23,0.0,3773.529,80758.94652006408,83000.0,-2241.0534799359157,-0.02700064433657734,1.0877651217935895,0.0,0.0010494557341111932,1.674144856281201,-0.35025627100760215
2022-11-24,0.0,3756.808,80401.0930771034,83000.0,-2598.9069228965964,-0.03131213160116386,1.082945092425454,0.0,-0.004431130647200687,1.674144856281201,-0.3531353703579667
2022-11-25,0.0,3775.776,80807.03555100318,83000.0,-2192.9644489968196,-0.02642125842164844,1.0884128465702296,0.0,0.005048967101858759,1.674144856281201,-0.34986937212354796
2022-11-28,0.0,3733.242,79896.74679178486,83000.0,-3103.2532082151447,-0.03738859287006202,1.076151909476499,0.0,-0.011264969108336742,1.674144856281201,-0.3571930735629598
2022-11-29,0.0,3848.422,82361.76440796879,83000.0,-638.2355920312111,-0.007689585446159164,1.1093539298474,0.0,0.03085254049965136,1.674144856281201,-0.3373608468316046
2022-11-30,0.0,3853.037,82460.53204383168,83000.0,-539.4679561683151,-0.006499613929738746,1.1106842591060533,0.0,0.0011991928120147488,1.674144856281201,-0.3365662147221655
2022-12-01,1000.0,3894.769,84353.65684986215,84000.0,353.6568498621491,0.004210200593597113,1.1227140100534265,0.0,0.010830936738993158,1.674144856281201,-0.3293806053633105
2022-12-02,0.0,3870.948,83837.7370456785,84000.0,-162.26295432150073,-0.0019317018371607375,1.1158473202873627,0.0,-0.006116152203121672,1.674144856281201,-0.3334822156512738
2022-12-05,0.0,3946.876,85482.20028786214,84000.0,1482.2002878621424,0.017645241522168398,1.1377344795400262,0.0,0.01961483336898362,1.674144856281201,-0.32040858037380937
2022-12-06,0.0,3968.198,85943.99626892102,84000.0,1943.9962689210224,0.023142812725250206,1.1438808024984246,0.0,0.0054022472456696224,1.674144856281201,-0.31673725949895315
2022-12-07,0.0,3958.441,85732.67728443591,84000.0,1732.6772844359075,0.020627110528998793,1.1410682298924264,0.0,-0.0024587986788965344,1.674144856281201,-0.31841726502263634
2022-12-08,0.0,3959.18,85748.6826887133,84000.0,1748.6826887133066,0.020817651056110886,1.1412812555310277,0.0,0.00018668965888335443,1.674144856281201,-0.31829002057434264
2022-12-09,0.0,3998.244,86594.73832158474,84000.0,2594.7383215847367,0.03088974192362781,1.1525419233880245,0.0,0.009866689567031628,1.674144856281201,-0.3115637998326021
2022-12-12,0.0,3953.443,85624.4296381864,84000.0,1624.429638186397,0.019338448073647596,1.139627496277096,0.0,-0.011205169069221421,1.674144856281201,-0.31927784384885016
2022-12-13,0.0,3945.681,85456.31874779248,84000.0,1456.3187477924803,0.01733712794991038,1.1373900064167128,0.0,-0.0019633519441155656,1.674144856281201,-0.32061434101753206
2022-12-14,0.0,3954.886,85655.68241000273,84000.0,1655.6824100027297,0.019710504880984914,1.1400434583833228,0.0,0.0023329306145123407,1.674144856281201,-0.3190293814146312
2022-12-15,0.0,3951.989,85592.93862625226,84000.0,1592.9386262522603,0.018963555074431593,1.1392083632885626,0.0,-0.0007325116324463643,1.674144856281201,-0.31952820031409923
2022-12-16,0.0,3954.227,85641.40966112749,84000.0,1641.4096611274872,0.019540591203898616,1.1398534937069518,0.0,0.0005662971227904379,1.674144856281201,-0.31914285109179696
2022-12-19,0.0,3893.221,84320.1299678305,84000.0,320.1299678304931,0.0038110710456011887,1.1222677804342727,0.0,-0.015428046998819167,1.674144856281201,-0.3296471471846347
2022-12-20,0.0,3829.017,82929.5873748324,84000.0,-1070.4126251676062,-0.012743007442471477,1.103760205196442,0.0,-0.016491229241802796,1.674144856281201,-0.3407020897533094
2022-12-21,0.0,3830.538,82962.52948566584,84000.0,-1037.4705143341562,-0.012350839456358953,1.1041986517408433,0.0,0.00039722988955137595,1.674144856281201,-0.3404401969172407
2022-12-22,0.0,3836.028,83081.4329626386,84000.0,-918.5670373613975,-0.010935321873350001,1.1057812102738893,0.0,0.0014332190412937873,1.674144856281201,-0.33949490324859044
2022-12-23,0.0,3828.219,82912.30413719593,84000.0,-1087.6958628040738,-0.012948760271477067,1.103530172098196,0.0,-0.0020356994265943174,1.674144856281201,-0.3408394930953098
2022-12-26,0.0,3843.489,83243.02473708193,84000.0,-756.975262918073,-0.009011610272834147,1.1079319332638815,0.0,0.003988800013792204,1.674144856281201,-0.3382102336562771
2022-12-27,0.0,3887.854,84203.89044853853,84000.0,203.8904485385283,0.0024272672445062593,1.1207206781306553,0.0,0.011542897612039305,1.674144856281201,-0.33057126214267607
2022-12-28,0.0,3871.264,83844.581034517,84000.0,-155.418965482997,-0.0018502257795595112,1.115938411088172,0.0,-0.004267135545727663,1.674144856281201,-0.33342780530531857
2022-12-29,0.0,3856.701,83529.17277674754,84000.0,-470.8272232524614,-0.005605085991100767,1.1117404511761957,0.0,-0.0037618204286765655,1.674144856281201,-0.33593533020450883
2022-12-30,0.0,3871.634,83852.59456575196,84000.0,-147.40543424803764,-0.0017548265981909283,1.1160450680384866,0.0,0.0038719620732849958,1.674144856281201,-0.3333640969888523
2023-01-03,1000.0,3887.899,85204.86506720225,85000.0,204.8650672022486,0.0024101772612028505,1.1207336499219098,0.0,0.0042010685927438285,1.674144856281201,-0.3305635138339166
2023-01-04,0.0,3892.948,85315.51592611712,85000.0,315.5159261171211,0.0037119520719661736,1.122189084900662,0.0,0.0012986448464837874,1.674144856281201,-0.32969415359110876
2023-01-05,0.0,3968.578,86972.9776927506,85000.0,1972.9776927506027,0.023211502267654227,1.143990342069018,0.0,0.019427436482583493,1.674144856281201,-0.3166718293360956
2023-01-06,0.0,3980.889,87242.7781926716,85000.0,2242.778192671598,0.026385625796136347,1.1475391358942149,0.0,0.003102118693395939,1.674144856281201,-0.31455206424415505
2023-01-09,0.0,4013.12,87949.13347761624,85000.0,2949.1334776162403,0.03469568797195577,1.1568301093147262,0.0,0.00809643273148275,1.674144856281201,-0.3090023811413741
2023-01-10,0.0,4017.474,88044.55313293717,85000.0,3044.5531329371734,0.03581827215220201,1.158085202184104,0.0,0.0010849413922335849,1.674144856281201,-0.3082526892227395
2023-01-11,0.0,4010.031,87881.43680437637,85000.0,2881.436804376368,0.03389925652207482,1.1559396679106135,0.0,-0.0018526566693400914,1.674144856281201,-0.3095342594915491
2023-01-12,0.0,4017.869,88053.20971627474,85000.0,3053.2097162747377,0.03592011430911457,1.1581990656851153,0.0,0.001954598355972781,1.674144856281201,-0.3081846762902958
2023-01-13,0.0,4074.377,89291.60518776653,85000.0,4291.60518776653,0.050489472797253354,1.1744881763564026,0.0,0.014064171828399585,1.674144856281201,-0.2984548667041226
2023-01-16,0.0,4137.964,90685.13978190804,85000.0,5685.139781908045,0.06688399743421236,1.192817893923033,0.0,0.015606557763309548,1.674144856281201,-0.2875061620577718
2023-01-17,0.0,4137.242,90669.31686249102,85000.0,5669.316862491018,0.06669784544107071,1.1926097687389057,0.0,-0.00017448194329372502,1.674144856281201,-0.28763047936720076
2023-01-18,0.0,4130.314,90517.48696537035,85000.0,5517.48696537035,0.06491161135729828,1.1906126894097722,0.0,-0.0016745455064025583,1.674144856281201,-0.28882337454687457
2023-01-19,0.0,4156.008,91080.58127492845,85000.0,6080.581274928452,0.07153625029327593,1.19801929395405,0.0,0.006220834541877274,1.674144856281201,-0.28439926242988
2023-01-20,0.0,4181.527,91639.84038933703,85000.0,6639.840389337027,0.07811576928631792,1.2053754526434493,0.0,0.006140267294961754,1.674144856281201,-0.28000528262472757
2023-01-30,0.0,4201.345,92074.1598034735,85000.0,7074.159803473507,0.08322540945262946,1.2110882295119207,0.0,0.004739416964185894,1.674144856281201,-0.2765929274470751
2023-01-31,0.0,4156.858,91099.20936565487,85000.0,6099.209365654868,0.07175540430182203,1.1982643166777456,0.0,-0.010588751935392327,1.674144856281201,-0.2842529054866464
2023-02-01,1000.0,4195.933,92955.5536540484,86000.0,6955.553654048403,0.08087853086102803,1.209528155417049,0.0,0.009400128654863948,1.674144856281201,-0.2775247907138758
2023-02-02,0.0,4181.149,92628.03295597686,86000.0,6628.032955976858,0.07707015065089373,1.2052664895969118,0.0,-0.003523411837128898,1.674144856281201,-0.2800703684183067
2023-02-03,0.0,4141.632,91752.58413118697,86000.0,5752.5841311869735,0.06689051315333683,1.1938752390412866,0.0,-0.009451229793532967,1.674144856281201,-0.2868745888015588
2023-02-06,0.0,4086.878,90539.57897005268,86000.0,4539.57897005268,0.05278580197735683,1.1780917399668962,0.0,-0.013220392347750631,1.674144856281201,-0.29630238653075325
2023-02-07,0.0,4094.234,90702.54178492106,86000.0,4702.541784921064,0.05468071842931477,1.180212195443961,0.0,0.0017999069216159125,1.674144856281201,-0.29503579632554544
2023-02-08,0.0,4076.141,90301.71440463098,86000.0,4301.714404630984,0.05001993493756962,1.1749966705735782,0.0,-0.004419141651405334,1.674144856281201,-0.2981511330007529
2023-02-09,0.0,4130.857,91513.87772414417,86000.0,5513.877724144171,0.06411485725749033,1.1907692156909093,0.0,0.01342348068921062,1.674144856281201,-0.28872987828784424
2023-02-10,0.0,4106.31,90970.070190624,86000.0,4970.070190623999,0.057791513844465126,1.1836932476926068,0.0,-0.005942350461417445,1.674144856281201,-0.2929564946237929
2023-02-13,0.0,4143.574,91795.60666877186,86000.0,5795.606668771856,0.06739077521827741,1.1944350438994242,0.0,0.009074814127525643,1.674144856281201,-0.2865402062324297
2023-02-14,0.0,4145.29,91833.62246408375,86000.0,5833.622464083746,0.067832819349811,1.1949297015392617,0.0,0.00041413523687539033,1.674144856281201,-0.2862447373917367
2023-02-15,0.0,4123.689,91355.07980992767,86000.0,5355.079809927673,0.06226836988287987,1.1887029534750855,0.0,-0.005210974382974354,1.674144856281201,-0.2899640977809015
2023-02-16,0.0,4093.488,90686.01510467476,86000.0,4686.015104674763,0.054488547728776426,1.1799971519711645,0.0,-0.007323782176590243,1.674144856281201,-0.29516424606631286
2023-02-17,0.0,4034.507,89379.36614005368,86000.0,3379.3661400536803,0.039294955116903285,1.162995169304937,0.0,-0.014408494662742188,1.674144856281201,-0.30531986826497626
2023-02-20,0.0,4133.49,91572.2084869974,86000.0,5572.208486997406,0.06479312194183029,1.1915282096103101,0.0,0.02453410044895188,1.674144856281201,-0.2882765161330981
2023-02-21,0.0,4144.354,91812.88657573181,86000.0,5812.886575731813,0.06759170436897466,1.1946598882811685,0.0,0.002628287476200475,1.674144856281201,-0.2864059022139329
2023-02-22,0.0,4106.951,90984.27072954876,86000.0,4984.2707295487635,0.057956636390101846,1.183878023652476,0.0,-0.009025049501080296,1.674144856281201,-0.2928461242701309
2023-02-23,0.0,4103.646,90911.05266223772,86000.0,4911.052662237722,0.057105263514392046,1.1829253176503416,0.0,-0.0008047332437129961,1.674144856281201,-0.2934151945023512
2023-02-24,0.0,4061.046,89967.30389750232,86000.0,3967.303897502323,0.04613144066863173,1.1706453552627711,0.0,-0.010381012397268075,1.674144856281201,-0.3007502601279435
2023-02-27,0.0,4043.844,89586.21548785496,86000.0,3586.2154878549627,0.0417001800913368,1.1656866718592267,0.0,-0.004235854506449921,1.674144856281201,-0.3037121802897145
2023-02-28,0.0,4069.459,90153.68320167412,86000.0,4153.683201674125,0.0482986418799316,1.1730705037033022,0.0,0.006334319523700671,1.674144856281201,-0.29930167075920866
2023-03-01,1000.0,4126.942,92427.14588344138,87000.0,5427.145883441379,0.06238098716599283,1.1896406698517699,0.0,0.014125464834514823,1.674144856281201,-0.2894039811499145
2023-03-02,0.0,4117.738,92221.01275854862,87000.0,5221.012758548619,0.06001164090285771,1.186987506147188,0.0,-0.002230222765427503,1.674144856281201,-0.29098876856817624
2023-03-03,0.0,4130.551,92507.97318110957,87000.0,5507.97318110957,0.06331003656447787,1.190681007510379,0.0,0.003111659848198167,1.674144856281201,-0.2887825667874082
2023-03-06,0.0,4109.01,92025.54014728569,87000.0,5025.54014728569,0.057764829279145946,1.1844715551678753,0.0,-0.005215042738850206,1.674144856281201,-0.29249159609822717
2023-03-07,0.0,4048.852,90678.23935118628,87000.0,3678.2393511862756,0.042278613232026085,1.167130288094836,0.0,-0.014640509514457278,1.674144856281201,-0.30284987961710963
2023-03-08,0.0,4034.108,90348.032181106,87000.0,3348.0321811059985,0.0384831285184597,1.162880152755814,0.0,-0.0036415260424436102,1.674144856281201,-0.30538856993597663
2023-03-09,0.0,4019.851,90028.73188106295,87000.0,3028.7318810629513,0.034813010127160426,1.158770401024368,0.0,-0.0035341146047651595,1.674144856281201,-0.3078434063356027
2023-03-10,0.0,3967.135,88848.10239259632,87000.0,1848.1023925963236,0.02124255623673932,1.1435743799627913,0.0,-0.013113918898983945,1.674144856281201,-0.31692029177031456
2023-03-13,0.0,4008.686,89778.68012753973,87000.0,2778.68012753973,0.03193885204068647,1.1555519554831186,0.0,0.010473805403647729,1.674144856281201,-0.3097658478311365
2023-03-14,0.0,3984.696,89241.39919901111,87000.0,2241.39919901111,0.02576320918403585,1.1486365494343436,0.0,-0.0059845046481564745,1.674144856281201,-0.3138965573231074
2023-03-15,0.0,3986.902,89290.80485671575,87000.0,2290.804856715753,0.026331090307077698,1.1492724554678406,0.0,0.0005536181430150222,1.674144856281201,-0.3135167180092564
2023-03-16,0.0,3939.151,88221.37169214008,87000.0,1221.3716921400774,0.014038755082069754,1.1355076553746744,0.0,-0.011976968583627068,1.674144856281201,-0.3217387067108447
2023-03-17,0.0,3958.819,88661.85694859282,87000.0,1661.8569485928165,0.01910180400681405,1.141177192938964,0.0,0.004992954065482724,1.674144856281201,-0.3183521792290571
2023-03-20,0.0,3939.077,88219.71438539932,87000.0,1219.7143853993184,0.014019705579302544,1.1354863239846116,0.0,-0.004986840772462586,1.674144856281201,-0.32175144837413794
2023-03-21,0.0,3982.378,89189.4851851583,87000.0,2189.4851851582935,0.025166496381129777,1.147968358053724,0.0,0.010992676710813276,1.674144856281201,-0.3142956813165375
2023-03-22,0.0,3999.443,89571.67355720252,87000.0,2571.673557202521,0.02955946617474159,1.1528875495594493,0.0,0.0042851281319855605,1.674144856281201,-0.3113573504503231
2023-03-23,0.0,4039.09,90459.60923762662,87000.0,3459.609237626617,0.039765623420995544,1.1643162741786983,0.0,0.009913130403408577,1.674144856281201,-0.30453074606398833
2023-03-24,0.0,4027.046,90189.87136754746,87000.0,3189.8713675474573,0.03666518813272934,1.1608444463149448,0.0,-0.0029818597753454856,1.674144856281201,-0.3066045378572896
2023-03-27,0.0,4012.477,89863.58350394873,87000.0,2863.5835039487283,0.03291475291895085,1.1566447568308011,0.0,-0.003617788324245641,1.674144856281201,-0.30911309586431446
2023-03-28,0.0,3999.515,89573.28607186921,87000.0,2573.28607186921,0.029578000826082862,1.1529083044254564,0.0,-0.0032304235014928295,1.674144856281201,-0.31134495315630795
2023-03-29,0.0,4006.144,89721.74940139051,87000.0,2721.749401390509,0.03128447587805172,1.1548191934082546,0.0,0.0016574509659295078,1.674144856281201,-0.31020354118372473
2023-03-30,0.0,4038.526,90446.97787273748,87000.0,3446.9778727374796,0.039620435318821645,1.1641536943949755,0.0,0.008083084382388694,1.674144856281201,-0.3046278582004398
2023-03-31,0.0,4050.926,90724.68873200196,87000.0,3724.6887320019596,0.04281251416094212,1.1677281435406535,0.0,0.0030704271806101247,1.674144856281201,-0.30249276867561947
2023-04-03,1000.0,4090.568,92612.51243224088,88000.0,4612.512432240881,0.052414914002737234,1.179155426849763,0.0,0.009785910678200338,1.674144856281201,-0.29566702521248023
2023-04-04,0.0,4103.105,92896.35640412032,88000.0,4896.356404120321,0.0556404136831854,1.18276936789326,0.0,0.0030648555408441247,1.674144856281201,-0.29350834639210344
2023-04-06,0.0,4096.64,92749.98555956417,88000.0,4749.985559564171,0.05397710863141114,1.1809057538830339,0.0,-0.001575636012239312,1.674144856281201,-0.29462152008387454
2023-04-07,0.0,4123.28,93353.1285292434,88000.0,5353.128529243404,0.060831006014129496,1.1885850543056835,0.0,0.006502890173410325,1.674144856281201,-0.2900345212982929
2023-04-10,0.0,4104.812,92935.00374080362,88000.0,4935.003740803615,0.05607958796367751,1.1832614311748466,0.0,-0.004478958499058994,1.674144856281201,-0.2932144272131624
2023-04-11,0.0,4100.148,92829.40844010602,88000.0,4829.4084401060245,0.054879641364841136,1.1819169770768272,0.0,-0.0011362274325840138,1.674144856281201,-0.29401749636991725
2023-04-12,0.0,4097.288,92764.65660477258,88000.0,4764.656604772579,0.054143825054233874,1.1810925476770981,0.0,-0.0006975357962689666,1.674144856281201,-0.2945099444377388
2023-04-13,0.0,4068.979,92123.72663748093,88000.0,4123.726637480926,0.04686052997137424,1.1729321379299211,0.0,-0.006909204332231522,1.674144856281201,-0.29938431938597587
2023-04-14,0.0,4091.999,92644.91099040945,88000.0,4644.910990409451,0.05278307943647098,1.1795679298116553,0.0,0.0056574388808592335,1.674144856281201,-0.2954206289939304
2023-04-17,0.0,4149.384,93944.13618992311,88000.0,5944.136189923112,0.06754700215821718,1.196109846281391,0.0,0.014023708216937658,1.674144856281201,-0.28553981347926793
2023-04-18,0.0,4162.032,94230.49325750957,88000.0,6230.493257509574,0.07080105974442708,1.1997557844099824,0.0,0.003048163293635886,1.674144856281201,-0.2833620221639511
2023-04-19,0.0,4124.559,93382.08573112855,88000.0,5382.085731128551,0.06116006512646077,1.1889537414393385,0.0,-0.009003534811841907,1.674144856281201,-0.28981429714488594
2023-04-20,0.0,4113.019,93120.81433960833,88000.0,5120.814339608332,0.05819107204100371,1.1856271976376351,0.0,-0.00279787487583516,1.674144856281201,-0.29180130788008163
2023-04-21,0.0,4032.567,91299.3406835785,88000.0,3299.340683578499,0.037492507767937555,1.1624359409708551,0.0,-0.019560327827320978,1.674144856281201,-0.30565390646482726
2023-04-24,0.0,3982.643,90169.03626847839,88000.0,2169.0362684783904,0.02464813941452726,1.1480447474911115,0.0,-0.012380203478330354,1.674144856281201,-0.3142500523871765
2023-04-25,0.0,3962.666,89716.74696272456,88000.0,1716.7469627245591,0.019508488212779174,1.1422861369602078,0.0,-0.0050160157463272625,1.674144856281201,-0.3176897849224455
2023-04-26,0.0,3959.232,89638.9994793207,88000.0,1638.9994793207006,0.01862499408318974,1.1412962451564774,0.0,-0.0008665883019157716,1.674144856281201,-0.3182810669731094
2023-04-27,0.0,3988.419,90299.80780724969,88000.0,2299.8078072496864,0.026134179627837373,1.1497097489641304,0.0,0.007371884244216975,1.674144856281201,-0.3132555139117441
2023-04-28,0.0,4029.086,91220.529096587,88000.0,3220.5290965869935,0.036596921552124906,1.1614325008518143,0.0,0.010196270752897307,1.674144856281201,-0.3062532811935289
2023-05-04,1000.0,4030.247,92246.81471925207,89000.0,3246.81471925207,0.03648106426125919,1.1617671730661798,0.0,0.0002881546832209647,1.674144856281201,-0.3060533748275356
2023-05-05,0.0,4016.877,91940.79379477861,89000.0,2940.793794778612,0.03304262690762494,1.1579131097534612,0.0,-0.0033174145405975297,1.674144856281201,-0.30835548345228136
2023-05-08,0.0,4062.662,92988.74951856451,89000.0,3988.7495185645093,0.04481741032094955,1.1711111866998207,0.0,0.011398158320506058,1.674144856281201,-0.3004720097511605
2023-05-09,0.0,4027.875,92192.52289929312,89000.0,3192.5228992931225,0.03587104381228223,1.161083415536055,0.0,-0.008562612395518032,1.674144856281201,-0.306461796791477
2023-05-10,0.0,3996.87,91482.86106209793,89000.0,2482.8610620979307,0.027897315304471038,1.152145851361721,0.0,-0.007697607299134046,1.674144856281201,-0.3118003815267233
2023-05-11,0.0,3990.664,91340.81425153083,89000.0,2340.814251530828,0.026301283725065572,1.1503568972167149,0.0,-0.0015527149994871703,1.674144856281201,-0.3128689593969681
2023-05-12,0.0,3937.762,90129.96017924248,89000.0,1129.96017924248,0.012696181789241257,1.135107259417953,0.0,-0.013256440532202096,1.674144856281201,-0.32197787117455234
2023-05-15,0.0,3998.887,91529.02741996353,89000.0,2529.0274199635314,0.0284160384265566,1.1527272758719496,0.0,0.015522776643179581,1.674144856281201,-0.31145308510966174
2023-05-16,0.0,3978.205,91055.64486499269,89000.0,2055.6448649926897,0.023097133314524676,1.1467654406113923,0.0,-0.005171939092052491,1.674144856281201,-0.3150142078154953
2023-05-17,0.0,3960.165,90642.73405889685,89000.0,1642.734058896851,0.01845768605502074,1.1415651936284867,0.0,-0.004534708492900719,1.674144856281201,-0.31812041870483065
2023-05-18,0.0,3956.07,90549.00513700316,89000.0,1549.0051370031579,0.017404552101158988,1.1403847606243296,0.0,-0.0010340478237648165,1.674144856281201,-0.31882551480193855
2023-05-19,0.0,3944.54,90285.09928366142,89000.0,1285.0992836614168,0.01443931779394858,1.137061099442905,0.0,-0.0029145085905962764,1.674144856281201,-0.32081080369074333
2023-05-22,0.0,3969.328,90852.46253540773,89000.0,1852.4625354077289,0.020814185791098172,1.144206538589926,0.0,0.006284129454892096,1.674144856281201,-0.3165426908567718
2023-05-23,0.0,3913.188,89567.49509337779,89000.0,567.4950933777873,0.006376349363795386,1.1280235083448975,0.0,-0.014143451989858224,1.674144856281201,-0.3262091364957568
2023-05-24,0.0,3859.094,88329.35777935629,89000.0,-670.6422206437128,-0.007535305849929341,1.112430262208906,0.0,-0.013823511673857647,1.674144856281201,-0.3355232923631464
2023-05-25,0.0,3850.5,88132.65293082039,89000.0,-867.3470691796101,-0.009745472687411327,1.109952938341329,0.0,-0.002226947568522597,1.674144856281201,-0.33700304715155804
2023-05-26,0.0,3850.951,88142.97570097279,89000.0,-857.024299027209,-0.009629486505923657,1.1100829445159015,0.0,0.00011712764576032875,1.674144856281201,-0.3369253918793247
2023-05-29,0.0,3833.942,87753.6630678861,89000.0,-1246.3369321139035,-0.014003785754088782,1.1051798956837373,0.0,-0.0044168310632881624,1.674144856281201,-0.3398540804057497
2023-05-30,0.0,3837.753,87840.89162010512,89000.0,-1159.108379894882,-0.013023689661740279,1.1062784622719777,0.0,0.0009940160805772535,1.674144856281201,-0.33919788474614554
2023-05-31,0.0,3798.543,86943.42860973829,89000.0,-2056.5713902617135,-0.02310754371080581,1.0949757081589109,0.0,-0.01021691599224861,1.674144856281201,-0.34594924444519437
2023-06-01,1000.0,3806.868,88133.97641798372,90000.0,-1866.023582016278,-0.02073359535573638,1.0973754895409888,0.0,0.0021916297906854343,1.674144856281201,-0.3445158073247002
2023-06-02,0.0,3861.834,89406.51125444006,90000.0,-593.4887455599383,-0.0065943193951104595,1.1132201001652895,0.0,0.014438640898502442,1.674144856281201,-0.33505150645201676
2023-06-05,0.0,3844.249,88999.39549016606,90000.0,-1000.6045098339382,-0.01111782788704374,1.1081510124050682,0.0,-0.004553535962446786,1.674144856281201,-0.33807937333056237
2023-06-06,0.0,3808.163,88163.957362808,90000.0,-1836.042637192004,-0.02040047374657783,1.09774878886709,0.0,-0.00938700901008227,1.674144856281201,-0.34429282821706764
2023-06-07,0.0,3789.342,87728.22658092566,90000.0,-2271.773419074336,-0.025241926878603715,1.0923234092404124,0.0,-0.004942277943459916,1.674144856281201,-0.3475335153095389
2023-06-08,0.0,3820.187,88442.32869915321,90000.0,-1557.6713008467923,-0.017307458898297656,1.101214851490286,0.0,0.008139935640541385,1.674144856281201,-0.3422224801165483
2023-06-09,0.0,3836.703,88824.69571437922,90000.0,-1175.3042856207758,-0.01305893650689749,1.1059757871427065,0.0,0.004323348569062135,1.674144856281201,-0.33937867861719895
2023-06-12,0.0,3844.432,89003.63217966633,90000.0,-996.3678203336749,-0.011070753559263014,1.1082037643561697,0.0,0.0020144900452290226,1.674144856281201,-0.3380478635416073
2023-06-13,0.0,3864.907,89477.65522621227,90000.0,-522.3447737877286,-0.005803830819863687,1.1141059293769564,0.0,0.005325884291879968,1.674144856281201,-0.3345223830560672
2023-06-14,0.0,3864.025,89457.23577189952,90000.0,-542.764228100481,-0.006030713645560848,1.1138516822683686,0.0,-0.0002282073022714659,1.674144856281201,-0.3346742499077521
2023-06-15,0.0,3925.499,90880.4393256658,90000.0,880.4393256657931,0.009782659174064401,1.1315723021700943,0.0,0.015909317356901154,1.674144856281201,-0.3240893714038162
2023-06-16,0.0,3963.351,91756.76266426685,90000.0,1756.7626642668474,0.01951958515852059,1.1424835964493036,0.0,0.009642595756615746,1.674144856281201,-0.3175718384446631
2023-06-19,0.0,3930.908,91005.6647546654,90000.0,1005.6647546653985,0.011174052829615588,1.1331315114788822,0.0,-0.008185749886901239,1.674144856281201,-0.3231580246909329
2023-06-20,0.0,3924.238,90851.24552533883,90000.0,851.2455253388325,0.009458283614875995,1.131208803752941,0.0,-0.0016968089815380116,1.674144856281201,-0.3243064962337193
2023-06-21,0.0,3864.032,89457.39783106073,90000.0,-542.6021689392655,-0.0060289129882140635,1.1138537001025637,0.0,-0.015342086794939536,1.674144856281201,-0.33467304461527847
2023-06-26,0.0,3809.696,88199.4483191135,90000.0,-1800.5516808865068,-0.020006129787627835,1.0981906945558257,0.0,-0.01406199534579422,1.674144856281201,-0.3440288691653298
2023-06-27,0.0,3845.433,89026.8066397197,90000.0,-973.1933602803038,-0.010813259558670074,1.1084923146460748,0.0,0.009380538499659696,1.674144856281201,-0.3378755067178698
2023-06-28,0.0,3840.799,88919.52347499716,90000.0,-1080.4765250028431,-0.012005294722253868,1.1071565084088917,0.0,-0.0012050658534421554,1.674144856281201,-0.33867341033545184
2023-06-29,0.0,3821.844,88480.69041774304,90000.0,-1519.3095822569594,-0.01688121758063288,1.1016925016704786,0.0,-0.004935171041233755,1.674144856281201,-0.34193717016956227
2023-06-30,0.0,3842.452,88957.79258835201,90000.0,-1042.2074116479926,-0.011580082351644316,1.1076330055409729,0.0,0.005392161480165081,1.674144856281201,-0.3383887891270221
2023-07-03,1000.0,3892.882,91125.31308834278,91000.0,125.31308834278025,0.0013770669048656092,1.1221700596068223,0.0,0.01312443200331459,1.674144856281201,-0.3297055177772892
2023-07-04,0.0,3899.013,91268.8286879794,91000.0,268.8286879794032,0.002954161406367062,1.1239373940997375,0.0,0.0015749257234098923,1.674144856281201,-0.3286498537549769
2023-07-05,0.0,3868.805,90561.71414976,91000.0,-438.28585024000495,-0.004816328024615402,1.1152295747616217,0.0,-0.007747601764856893,1.674144856281201,-0.3338512073328618
2023-07-06,0.0,3842.755,89951.93085657225,91000.0,-1048.0691434277542,-0.011517243334370875,1.1077203489354197,0.0,-0.006733345309468675,1.674144856281201,-0.3383366171813753
2023-07-07,0.0,3825.699,89552.68080480218,91000.0,-1447.3191951978224,-0.015904606540635413,1.1028037517879452,0.0,-0.004438482286796996,1.674144856281201,-0.3412733983858379
2023-07-10,0.0,3844.327,89988.72852785407,91000.0,-1011.2714721459342,-0.011112873320284988,1.1081734968432426,0.0,0.004869175541515558,1.674144856281201,-0.3380659429287126
2023-07-11,0.0,3869.486,90577.65512567788,91000.0,-422.34487432212336,-0.004641152465078235,1.115425881202606,0.0,0.006544448482139975,1.674144856281201,-0.33373394959363567
2023-07-12,0.0,3843.437,89967.89524067796,91000.0,-1032.1047593220428,-0.011341810542000452,1.1079169436384317,0.0,-0.006731901859833633,1.674144856281201,-0.3382191872575103
2023-07-13,0.0,3898.423,91255.0178571548,91000.0,255.0178571548022,0.0028023940346681986,1.12376731950329,0.0,0.014306465801312784,1.674144856281201,-0.3287514426920448
2023-07-14,0.0,3899.103,91270.93542488485,91000.0,270.935424884854,0.0029773123613721086,1.1239633376822464,0.0,0.0001744295064951551,1.674144856281201,-0.32863435713745803
2023-07-17,0.0,3867.175,90523.55880358357,91000.0,-476.4411964164319,-0.005235617543037696,1.114759707656182,0.0,-0.008188550033174202,1.674144856281201,-0.33413186829459207
2023-07-18,0.0,3854.939,90237.1362171941,91000.0,-762.8637828059,-0.008383118492372499,1.111232533483076,0.0,-0.003164066792943232,1.674144856281201,-0.3362387195386003
2023-07-19,0.0,3850.866,90141.7946681287,91000.0,-858.2053318713006,-0.0094308278227615,1.1100584422435318,0.0,-0.0010565666538434604,1.674144856281201,-0.33694002757364816
2023-07-20,0.0,3823.695,89505.77079637421,91000.0,-1494.2292036257859,-0.016420101138744925,1.1022260746840793,0.0,-0.007055815497085449,1.674144856281201,-0.34161845640259114
2023-07-21,0.0,3821.91,89463.98718108285,91000.0,-1536.012818917152,-0.016879261746342356,1.1017115269643183,0.0,-0.00046682593669222783,1.674144856281201,-0.34192580598338185
2023-07-24,0.0,3805.221,89073.32793424944,91000.0,-1926.6720657505648,-0.02117222050275347,1.0969007219810751,0.0,-0.004366664835121603,1.674144856281201,-0.34479939542529514
2023-07-25,0.0,3915.115,91645.74732855173,91000.0,645.7473285517335,0.007096124489579525,1.1285789892726168,0.0,0.028879794366739597,1.674144856281201,-0.3258773366962142
2023-07-26,0.0,3907.013,91456.09419068582,91000.0,456.09419068582065,0.005012024073470567,1.1262434903227556,0.0,-0.0020694155854934504,1.674144856281201,-0.32727237664218944
2023-07-27,0.0,3902.346,91346.84817804447,91000.0,346.84817804447084,0.003811518440049122,1.1248981714386523,0.0,-0.0011945186770560001,1.674144856281201,-0.32807596235286185
2023-07-28,0.0,3992.738,93462.76109312421,91000.0,2462.761093124209,0.027063308715650658,1.1509547526625323,0.0,0.023163502159982752,1.674144856281201,-0.31251184845547797
2023-07-31,0.0,4014.63,93975.21314128031,91000.0,2975.2131412803137,0.03269464990417936,1.1572653849768209,0.0,0.005482954303537957,1.674144856281201,-0.30874238233633555
2023-08-01,1000.0,3998.001,94585.9583857172,92000.0,2585.9583857171965,0.028108243323013093,1.1524718757152503,0.0,-0.004142100268268667,1.674144856281201,-0.31160564069990293
2023-08-02,0.0,3969.895,93921.01784508477,92000.0,1921.0178450847743,0.02088062875092156,1.1443699831597325,0.0,-0.007030013249121225,1.674144856281201,-0.316445062166403
2023-08-03,0.0,4004.984,94751.16438426683,92000.0,2751.1643842668273,0.0299039606985525,1.154484809455917,0.0,0.00883877281389056,1.674144856281201,-0.31040327536507883
2023-08-04,0.0,4020.579,95120.11577297965,92000.0,3120.115772979654,0.033914301880213715,1.1589802557806628,0.0,0.003893898202839363,1.674144856281201,-0.307718055918339
2023-08-07,0.0,3990.153,94400.28794656244,92000.0,2400.287946562443,0.026090086375678778,1.1502095953204696,0.0,-0.007567566760906974,1.674144856281201,-0.3129569457475474
2023-08-08,0.0,3979.732,94153.74466847483,92000.0,2153.7446684748284,0.02341026813559588,1.1472056167279607,0.0,-0.0026116793015206197,1.674144856281201,-0.31475128187159207
2023-08-09,0.0,3967.565,93865.8939761716,92000.0,1865.8939761716028,0.02028145626273492,1.1436983326347785,0.0,-0.0030572410403513217,1.674144856281201,-0.31684625237550235
2023-08-10,0.0,3975.717,94058.75654242918,92000.0,2058.7565424291824,0.022377788504664986,1.1460482446860338,0.0,0.0020546607301961117,1.674144856281201,-0.315442603197572
2023-08-11,0.0,3884.254,91894.89627530247,92000.0,-105.10372469753202,-0.001142431790190579,1.1196829348302972,0.0,-0.02300541009332424,1.674144856281201,-0.33119112684343033
2023-08-14,0.0,3855.906,91224.23042296318,92000.0,-775.7695770368155,-0.008432278011269778,1.1115112828640332,0.0,-0.007298183898375221,1.674144856281201,-0.33607221699259215
2023-08-15,0.0,3846.536,91002.55203166859,92000.0,-997.447968331413,-0.010841825742732736,1.1088102676628235,0.0,-0.002430038491602171,1.674144856281201,-0.3376855870609442
2023-08-16,0.0,3818.334,90335.3402930037,92000.0,-1664.6597069963027,-0.018094127249959846,1.1006807019526292,0.0,-0.007331791513195518,1.674144856281201,-0.34254153825279776
2023-08-17,0.0,3831.101,90637.38597300989,92000.0,-1362.614026990108,-0.014811022032501175,1.104360943262538,0.0,0.003343604828702773,1.674144856281201,-0.34034325696542833
2023-08-18,0.0,3784.004,89523.15041326587,92000.0,-2476.849586734126,-0.026922278116675247,1.0907846665356036,0.0,-0.012293332908738241,1.674144856281201,-0.3484526369130463
2023-08-21,0.0,3729.555,88234.9789375349,92000.0,-3765.0210624650936,-0.04092414198331629,1.0750890873797154,0.0,-0.014389255402478485,1.674144856281201,-0.35782791832731586
2023-08-22,0.0,3758.227,88913.31008323378,92000.0,-3086.6899167662195,-0.03355097735615453,1.083354136243012,0.0,0.007687780445656545,1.674144856281201,-0.352891040355086
2023-08-23,0.0,3696.634,87456.12362058621,92000.0,-4543.876379413792,-0.049389960645802033,1.0655992131599688,0.0,-0.01638884505911964,1.674144856281201,-0.3634964088310747
2023-08-24,0.0,3723.429,88090.04811308766,92000.0,-3909.951886912342,-0.04249947703165591,1.0733231941969394,0.0,0.007248486055151826,1.674144856281201,-0.35888272142643274
2023-08-25,0.0,3709.152,87752.27838069567,92000.0,-4247.721619304328,-0.046170887166351426,1.0692076772249361,0.0,-0.0038343688035946677,1.674144856281201,-0.36134100151884074
2023-08-28,0.0,3752.619,88780.63426483677,92000.0,-3219.3657351632282,-0.034993105816991665,1.0817375627906762,0.0,0.011718851101275796,1.674144856281201,-0.35385665181115
2023-08-29,0.0,3790.107,89667.53709651784,92000.0,-2332.4629034821555,-0.025352857646545157,1.0925439296917383,0.0,0.009989823107541707,1.674144856281201,-0.34740179406062865
2023-08-30,0.0,3788.51,89629.75477091513,92000.0,-2370.245229084874,-0.025763535098748624,1.0920835752332185,0.0,-0.0004213601357426766,1.674144856281201,-0.3476767729292688
2023-08-31,0.0,3765.268,89079.88826392805,92000.0,-2920.111736071951,-0.03174034495730382,1.0853837891812956,0.0,-0.006134865685982094,1.674144856281201,-0.3516786883111941
2023-09-01,1000.0,3791.491,90700.280201486,93000.0,-2299.7197985139937,-0.02472816987649451,1.0929428843383204,0.0,0.006964444496381006,1.674144856281201,-0.3471634905201165
2023-09-04,0.0,3848.952,92074.86576707423,93000.0,-925.134232925775,-0.009947679923933084,1.1095067087221748,0.0,0.015155251588359286,1.674144856281201,-0.3372695889728825
2023-09-05,0.0,3820.317,91389.8575411363,93000.0,-1610.142458863702,-0.017313359772727965,1.10125232555391,0.0,-0.007439687478565604,1.674144856281201,-0.3422000961134656
2023-09-06,0.0,3812.028,91191.56757484333,93000.0,-1808.4324251566723,-0.019445509947921158,1.0988629216048353,0.0,-0.0021697152356729976,1.674144856281201,-0.3436273345869524
2023-09-07,0.0,3758.475,89910.4694248991,93000.0,-3089.5305751009,-0.03322075887205267,1.0834256252259253,0.0,-0.01404842776600801,1.674144856281201,-0.35284833856458975
2023-09-08,0.0,3739.993,89468.34188755724,93000.0,-3531.658112442761,-0.03797481841336303,1.078097966426698,0.0,-0.0049174199642142424,1.674144856281201,-0.35603065506440656
2023-09-11,0.0,3767.537,90127.25114459351,93000.0,-2872.748855406491,-0.030889772638779456,1.086037855722549,0.0,0.0073647196665875825,1.674144856281201,-0.35128800136507987
2023-09-12,0.0,3760.605,89961.42341551365,93000.0,-3038.576584486349,-0.03267286649985324,1.084039623345304,0.0,-0.0018399288447596973,1.674144856281201,-0.35248158528331
2023-09-13,0.0,3736.651,89388.39435862115,93000.0,-3611.6056413788465,-0.03883446926213818,1.0771345947295323,0.0,-0.006369719765835669,1.674144856281201,-0.35660609612827354
2023-09-14,0.0,3733.508,89313.20731988804,93000.0,-3686.792680111961,-0.03964293204421465,1.0762285871759143,0.0,-0.0008411275230144621,1.674144856281201,-0.3571472724489597
2023-09-15,0.0,3708.777,88721.59082134883,93000.0,-4278.409178651171,-0.04600439977044268,1.0690995789644822,0.0,-0.006624065088383424,1.674144856281201,-0.36140557075850266
2023-09-18,0.0,3727.711,89174.53113040795,93000.0,-3825.4688695920486,-0.04113407386658119,1.0745575322003098,0.0,0.005105186965945752,1.674144856281201,-0.35814542680181327
2023-09-19,0.0,3720.502,89002.07699034209,93000.0,-3997.923009657912,-0.042988419458687255,1.072479451241343,0.0,-0.0019338945535207763,1.674144856281201,-0.3593867058650737
2023-09-20,0.0,3705.69,88647.74341804971,93000.0,-4352.2565819502925,-0.04679845787043324,1.068209714084425,0.0,-0.0039811831844197565,1.674144856281201,-0.36193710473939944
2023-09-21,0.0,3672.445,87852.4544894202,93000.0,-5147.545510579803,-0.05534995172666457,1.0586264429676462,0.0,-0.008971338671070694,1.674144856281201,-0.3676613830662262
2023-09-22,0.0,3738.933,89442.98450255656,93000.0,-3557.015497443441,-0.03824747846713372,1.0777924086771484,0.0,0.01810455976876435,1.674144856281201,-0.3562131707818508
2023-09-25,0.0,3714.604,88860.98467266854,93000.0,-4139.0153273314645,-0.04450554115410177,1.0707792818009227,0.0,-0.006506936604641189,1.674144856281201,-0.36040225086647626
2023-09-26,0.0,3692.893,88341.61279931992,93000.0,-4658.387200680081,-0.05009018495354922,1.06452082491368,0.0,-0.00584476837907888,1.674144856281201,-0.36414055156594183
2023-09-27,0.0,3700.495,88523.46830948509,93000.0,-4476.531690514908,-0.04813474936037532,1.0667121928496028,0.0,0.0020585486771482753,1.674144856281201,-0.36283160393951563
2023-09-28,0.0,3689.517,88260.85192029891,93000.0,-4739.148079701088,-0.05095858150216226,1.0635476523075664,0.0,-0.002966630140021853,1.674144856281201,-0.36472184690753806
2023-10-09,1000.0,3684.727,89146.26524656947,94000.0,-4853.73475343053,-0.05163547610032482,1.0621668771940345,0.0,-0.0012982729175661234,1.674144856281201,-0.3655466113288195
2023-10-10,0.0,3657.126,88478.50178211999,94000.0,-5521.498217880013,-0.05873934274340442,1.0542105569625946,0.0,-0.007490649917890835,1.674144856281201,-0.3702990795525748
2023-10-11,0.0,3667.548,88730.64593727714,94000.0,-5269.354062722865,-0.056056958114073074,1.0572148238171313,0.0,0.00284977876069914,1.674144856281201,-0.36850457124389113
2023-10-12,0.0,3702.382,89573.40063894133,94000.0,-4426.599361058674,-0.047091482564453946,1.067256143296207,0.0,0.009497898868671806,1.674144856281201,-0.36250669152553705
2023-10-13,0.0,3663.41,88630.53343353118,94000.0,-5369.466566468822,-0.05712198474966834,1.0560219955457752,0.0,-0.010526196378439545,1.674144856281201,-0.3692170712804803
2023-10-16,0.0,3626.597,87739.89989066032,94000.0,-6260.100109339677,-0.06659680967382631,1.0454102055135304,0.0,-0.01004883428281289,1.674144856281201,-0.37555570439961017
2023-10-17,0.0,3639.402,88049.69704157063,94000.0,-5950.302958429369,-0.0633010953024401,1.0491014007804984,0.0,0.0035308582674060673,1.674144856281201,-0.3733508800959551
2023-10-18,0.0,3610.577,87352.32079205952,94000.0,-6647.679207940484,-0.0707199915738349,1.040792247826937,0.0,-0.007920257229072192,1.674144856281201,-0.3783141023179668
2023-10-19,0.0,3533.545,85488.65080932436,94000.0,-8511.349190675639,-0.09054626798591103,1.0185868472954969,0.0,-0.02133509408607004,1.674144856281201,-0.3915778294369958
2023-10-20,0.0,3510.589,84933.26592870762,94000.0,-9066.734071292376,-0.0964546177797061,1.0119695041835468,0.0,-0.00649659194944463,1.674144856281201,-0.3955305000121391
2023-10-23,0.0,3474.244,84053.9549213015,94000.0,-9946.045078698502,-0.1058089901989202,1.0014926207803485,0.0,-0.010352963562524575,1.674144856281201,-0.40178855072017083
2023-10-24,0.0,3487.13,84365.71174181148,94000.0,-9634.28825818852,-0.10249242827860128,1.0052071652715746,0.0,0.0037090083482909098,1.674144856281201,-0.3995697794607487
2023-10-25,0.0,3504.458,84784.93587542913,94000.0,-9215.064124570868,-0.09803259706990286,1.0102021696906316,0.0,0.004969129341320988,1.674144856281201,-0.39658616403445135
2023-10-26,0.0,3514.145,85019.2978434782,94000.0,-8980.702156521802,-0.09553938464384892,1.0129945639546782,0.0,0.0027641934929736323,1.674144856281201,-0.3949182114355051
2023-10-27,0.0,3562.385,86186.3899606132,94000.0,-7813.610039386796,-0.08312351105730631,1.0269003241794767,0.0,0.013727378921473354,1.674144856281201,-0.38661202444539755
2023-10-30,0.0,3583.772,86703.81531528082,94000.0,-7296.184684719177,-0.07761898600765083,1.0330653841696873,0.0,0.006003562220254111,1.674144856281201,-0.3829295115689998
2023-10-31,0.0,3572.506,86431.25188676418,94000.0,-7568.7481132358225,-0.08051859694931729,1.0298178241636222,0.0,-0.0031436151630181985,1.674144856281201,-0.38486934371308257
2023-11-01,1000.0,3571.027,87395.46977148138,95000.0,-7604.530228518619,-0.08004768661598549,1.0293914846243917,0.0,-0.00041399510595652167,1.674144856281201,-0.3851240047943092
2023-11-02,0.0,3554.189,86983.38525909538,95000.0,-8016.614740904624,-0.08438541832531188,1.0245377285989947,0.0,-0.00471517017373424,1.674144856281201,-0.3880232497474482
2023-11-03,0.0,3584.136,87716.29266451308,95000.0,-7283.707335486921,-0.07667060353144128,1.0331703115478346,0.0,0.008425832165931624,1.674144856281201,-0.382866836360368
2023-11-06,0.0,3632.608,88902.57134870205,95000.0,-6097.428651297945,-0.06418345948734683,1.0471429485631003,0.0,0.013524040382396185,1.674144856281201,-0.3745207025339897
2023-11-07,0.0,3619.759,88588.1115613373,95000.0,-6411.888438662703,-0.06749356251223904,1.0434390697669056,0.0,-0.0035371281459490866,1.674144856281201,-0.3767331029617652
2023-11-08,0.0,3611.072,88375.51041161067,95000.0,-6624.489588389333,-0.06973146935146668,1.040934937530736,0.0,-0.0023998835281575648,1.674144856281201,-0.37822887092161317
2023-11-09,0.0,3612.826,88418.43690137935,95000.0,-6581.563098620652,-0.06927961156442797,1.0414405491276326,0.0,0.00048572833773463664,1.674144856281201,-0.3779268590646345
2023-11-10,0.0,3586.489,87773.87877079911,95000.0,-7226.121229200886,-0.07606443399158824,1.0338485920994298,0.0,-0.007289861177925405,1.674144856281201,-0.3824616859045694
2023-11-13,0.0,3579.414,87600.72887620766,95000.0,-7399.271123792336,-0.07788706446097193,1.0318091382521983,0.0,-0.0019726813605172033,1.674144856281201,-0.3836798922261906
2023-11-14,0.0,3582.058,87665.43676614403,95000.0,-7334.563233855966,-0.07720592877743127,1.0325713030539057,0.0,0.0007386683965586727,1.674144856281201,-0.38322463604041446
2023-11-15,0.0,3607.245,88281.8503908896,95000.0,-6718.149609110405,-0.07071736430642528,1.0398317587500499,0.0,0.007031432768537016,1.674144856281201,-0.37888782153544276
2023-11-16,0.0,3572.364,87428.19081869957,95000.0,-7571.8091813004285,-0.07970325454000449,1.0297768909556637,0.0,-0.009669706382571697,1.674144856281201,-0.3848937939318344
2023-11-17,0.0,3568.069,87323.07720777798,95000.0,-7676.922792222016,-0.08080971360233702,1.0285388055459308,0.0,-0.0012022850974874322,1.674144856281201,-0.3856333269567622
2023-11-20,0.0,3576.323,87525.08133922078,95000.0,-7474.918660779222,-0.07868335432399176,1.0309181203240296,0.0,0.0023132960713485584,1.674144856281201,-0.3842121149456439
2023-11-21,0.0,3581.067,87641.18354415956,95000.0,-7358.816455840439,-0.07746122585095194,1.0322856353842793,0.0,0.0013265021084505335,1.674144856281201,-0.38339527101776105
2023-11-22,0.0,3544.416,86744.20590646751,95000.0,-8255.794093532488,-0.08690309572139465,1.0217205438005506,0.0,-0.010234659111376443,1.674144856281201,-0.3897060102253569
2023-11-23,0.0,3561.52,87162.80036542047,95000.0,-7837.199634579534,-0.08249683825873189,1.0266509775253627,0.0,0.004825618663271802,1.674144856281201,-0.3867609641582178
2023-11-24,0.0,3538.009,86587.40429874348,95000.0,-8412.59570125652,-0.08855363896059498,1.019873648987941,0.0,-0.006601394910038305,1.674144856281201,-0.3908091972080605
2023-11-27,0.0,3511.942,85949.45400866357,95000.0,-9050.545991336432,-0.0952689051719624,1.0123595227072648,0.0,-0.007367703134729231,1.674144856281201,-0.3952975341954389
2023-11-28,0.0,3518.523,86110.51400248779,95000.0,-8889.485997512209,-0.09357353681591796,1.014256575112725,0.0,0.0018738919947995925,1.674144856281201,-0.39416438708553214
2023-11-29,0.0,3488.307,85371.0232300531,95000.0,-9628.976769946894,-0.10135765020996734,1.0055464496783861,0.0,-0.008587694325147277,1.674144856281201,-0.39936711814052983
2023-11-30,0.0,3496.203,85564.26585446218,95000.0,-9435.73414553782,-0.09932351732145073,1.0078225666505047,0.0,0.002263562238071337,1.674144856281201,-0.3980075482302089
2023-12-01,1000.0,3482.881,86238.23010948022,96000.0,-9761.769890519776,-0.10168510302624767,1.0039823399151242,0.0,-0.0038104194750704368,1.674144856281201,-0.4003013919922779
2023-12-04,0.0,3460.138,85675.09973914029,96000.0,-10324.900260859707,-0.10755104438395524,0.997426396615112,0.0,-0.006529938863831464,1.674144856281201,-0.4042173872392931
2023-12-05,0.0,3394.257,84043.84652151883,96000.0,-11956.153478481167,-0.12454326540084548,0.9784354059565313,0.0,-0.019039992046559928,1.674144856281201,-0.4155610834477357
2023-12-06,0.0,3399.598,84176.09289657864,96000.0,-11823.907103421356,-0.12316569899397245,0.9799750134474237,0.0,0.0015735402475416382,1.674144856281201,-0.4146414452903111
2023-12-07,0.0,3391.282,83970.18373069259,96000.0,-12029.816269307412,-0.1253105861386189,0.9775778264235966,0.0,-0.0024461715767569725,1.674144856281201,-0.41607333274905345
2023-12-08,0.0,3399.462,84172.7254547123,96000.0,-11827.274545287699,-0.12320077651341355,0.9799358098116323,0.0,0.0024120671769554125,1.674144856281201,-0.41466486240122846
2023-12-11,0.0,3419.455,84667.76416966663,96000.0,-11332.235830333375,-0.11804412323263935,0.985699032534982,0.0,0.0058812247349726565,1.674144856281201,-0.41122237491173386
2023-12-12,0.0,3426.803,84849.70507285696,96000.0,-11150.29492714304,-0.11614890549107337,0.987817181915824,0.0,0.0021488804502471925,1.674144856281201,-0.40995716218363876
2023-12-13,0.0,3369.605,83433.44816204031,96000.0,-12566.55183795969,-0.13090158164541343,0.9713291704453014,0.0,-0.01669135926401366,1.674144856281201,-0.41980577917078976
2023-12-14,0.0,3351.964,82996.64638289214,96000.0,-13003.35361710786,-0.1354516001782069,0.966243940011519,0.0,-0.005235331737696192,1.674144856281201,-0.4228432883891249
2023-12-15,0.0,3341.552,82738.83899530127,96000.0,-13261.161004698733,-0.13813709379894512,0.9632425557772611,0.0,-0.003106238611154555,1.674144856281201,-0.42463607485141763
2023-12-18,0.0,3329.366,82437.10629983617,96000.0,-13562.893700163826,-0.14128014271003986,0.9597297947055491,0.0,-0.003646808429137116,1.674144856281201,-0.42673431686347085
2023-12-19,0.0,3334.041,82552.86211399171,96000.0,-13447.137886008291,-0.14007435297925308,0.9610774196858752,0.0,0.0014041712446153376,1.674144856281201,-0.42592935367568574
2023-12-20,0.0,3297.502,81648.13447903366,96000.0,-14351.865520966341,-0.1494985991767327,0.9505446134492685,0.0,-0.010959373325043154,1.674144856281201,-0.4322208082037027
2023-12-21,0.0,3330.87,82474.34624518162,96000.0,-13525.653754818384,-0.14089222661269152,0.9601633407954764,0.0,0.01011917506039417,1.674144856281201,-0.4264753511662669
2023-12-22,0.0,3337.228,82631.77415243314,96000.0,-13368.225847566864,-0.13925235257882151,0.9619961107687199,0.0,0.0019088106110416447,1.674144856281201,-0.4253806012308792
2023-12-25,0.0,3347.451,82884.90178625387,96000.0,-13115.098213746125,-0.13661560639318882,0.964943013479709,0.0,0.0030633208159587255,1.674144856281201,-0.4236203576653761
2023-12-26,0.0,3324.79,82323.80178527453,96000.0,-13676.198214725475,-0.14246039807005706,0.9584107076659828,0.0,-0.006769628592024235,1.674144856281201,-0.42752223377198517
2023-12-27,0.0,3336.357,82610.20766812736,96000.0,-13389.792331872639,-0.13947700345700664,0.9617450345424389,0.0,0.0034790167198530675,1.674144856281201,-0.4255305740515338
2023-12-28,0.0,3414.54,84546.06581104109,96000.0,-11453.934188958912,-0.11931181446832195,0.9842822246679654,0.0,0.023433643342124277,1.674144856281201,-0.4120686624129025
2023-12-29,0.0,3431.11,84956.34898549182,96000.0,-11043.651014508185,-0.1150380314011269,0.9890587264698915,0.0,0.004852776655127844,1.674144856281201,-0.40921556294304184
2024-01-02,1000.0,3386.352,84848.11396303766,97000.0,-12151.886036962343,-0.12527717563878704,0.9761566946261616,0.0,-0.01304475811034933,1.674144856281201,-0.41692220301980865
2024-01-03,0.0,3378.297,84646.28864837094,97000.0,-12353.711351629056,-0.12735784898586655,0.9738347439916105,0.0,-0.002378665891791365,1.674144856281201,-0.4183091502877464
2024-01-04,0.0,3347.052,83863.41689706598,97000.0,-13136.583102934019,-0.1354286917828249,0.9648279969305861,0.0,-0.009248742783716124,1.674144856281201,-0.42368905933637624
2024-01-05,0.0,3329.111,83413.88890570214,97000.0,-13586.111094297856,-0.14006300097214286,0.9596562878884403,0.0,-0.0053602393987307595,1.674144856281201,-0.42677822394644105
2024-01-08,0.0,3286.056,82335.10691650593,97000.0,-14664.89308349407,-0.1511844647782894,0.9472451662781856,0.0,-0.012932882081732933,1.674144856281201,-0.4341916335828232
2024-01-09,0.0,3292.499,82496.54211233431,97000.0,-14503.457887665689,-0.14952018440892467,0.9491024385237986,0.0,0.001960709129728677,1.674144856281201,-0.4330822479531121
2024-01-10,0.0,3277.129,82111.43285269094,97000.0,-14888.567147309062,-0.15349038296194906,0.9446718511553254,0.0,-0.004668186687376341,1.674144856281201,-0.4357287258560547
2024-01-11,0.0,3295.672,82576.04449885667,97000.0,-14423.955501143326,-0.14870057217673527,0.9500170939382532,0.0,0.005658306401731483,1.674144856281201,-0.43253590609325276
2024-01-12,0.0,3284.167,82287.77631198632,97000.0,-14712.223688013677,-0.1516724091547802,0.9467006393075255,0.0,-0.0034909420597680763,1.674144856281201,-0.4345168903660801
2024-01-15,0.0,3280.92,82206.41978849498,97000.0,-14793.580211505017,-0.1525111362010827,0.9457646525030081,0.0,-0.0009886829750130888,1.674144856281201,-0.4350759738892326
2024-01-16,0.0,3300.876,82706.43542840671,97000.0,-14293.564571593291,-0.1473563357896216,0.9515172095313265,0.0,0.006082440291137914,1.674144856281201,-0.43163985723138465
2024-01-17,0.0,3229.082,80907.57178580182,97000.0,-16092.428214198182,-0.1659013217958576,0.9308217255019074,0.0,-0.021749983943656348,1.674144856281201,-0.4440016812108162
2024-01-18,0.0,3274.729,82051.2986807232,97000.0,-14948.701319276806,-0.15411032287914228,0.94398002228842,0.0,0.014136215803748575,1.674144856281201,-0.4361419689898909
2024-01-19,0.0,3269.776,81927.19678332478,97000.0,-15072.803216675224,-0.15538972388324968,0.942552260464344,0.0,-0.0015124915680045925,1.674144856281201,-0.4369947995073453
2024-01-22,0.0,3218.902,80652.50267303867,97000.0,-16347.497326961326,-0.1685309002779518,0.9278872180581171,0.0,-0.015558863971109949,1.674144856281201,-0.445754520836838
2024-01-23,0.0,3231.933,80979.0061709185,97000.0,-16020.993829081504,-0.16516488483589176,0.9316435605433855,0.0,0.004048274846516042,1.674144856281201,-0.44351078280474665
2024-01-24,0.0,3277.109,82110.9317345912,97000.0,-14889.068265408801,-0.15349554912792573,0.9446660859147679,0.0,0.013978012539245022,1.674144856281201,-0.43573216954883665
2024-01-25,0.0,3342.919,83759.86084175653,97000.0,-13240.139158243474,-0.1364962799818915,0.9636366099693693,0.0,0.020081724471172624,1.674144856281201,-0.42440069844977013
2024-01-26,0.0,3333.821,83531.90221818883,97000.0,-13468.097781811171,-0.1388463688846513,0.9610140020397422,0.0,-0.0027215735708820965,1.674144856281201,-0.42596723429628736
2024-01-29,0.0,3303.96,82783.70783938526,97000.0,-14216.292160614743,-0.14655971299602832,0.9524062096252998,0.0,-0.008956989592422637,1.674144856281201,-0.4311088398044052
2024-01-30,0.0,3245.039,81307.38886167233,97000.0,-15692.611138327673,-0.1617794962714193,0.9354215226807447,0.0,-0.017833448346832204,1.674144856281201,-0.44125413092472276
2024-01-31,0.0,3215.352,80563.5542103364,97000.0,-16436.4457896636,-0.16944789473880006,0.9268638878591529,0.0,-0.009148426259283915,1.674144856281201,-0.44636577630563745
2024-02-01,1000.0,3217.711,81622.66109019969,98000.0,-16377.33890980031,-0.1671157031612277,0.9275438979829153,0.0,0.0007336677290696869,1.674144856281201,-0.44595959274200425
2024-02-02,0.0,3179.628,80656.62162851464,98000.0,-17343.378371485363,-0.17697324868862618,0.9165660151752663,0.0,-0.011835432081998554,1.674144856281201,-0.45251690035278913
2024-02-05,0.0,3200.422,81184.09647467379,98000.0,-16815.903525326212,-0.1715908522992471,0.9225601357829457,0.0,0.006539758739072754,1.674144856281201,-0.4489364929673767
2024-02-06,0.0,3311.692,84006.6475053619,98000.0,-13993.352494638093,-0.14278931116977644,0.9546350516248466,0.0,0.03476729006362289,1.674144856281201,-0.42977750817489624
2024-02-07,0.0,3343.63,84816.80868823346,98000.0,-13183.191311766539,-0.13452236032414833,0.96384156427119,0.0,0.009644012788628809,1.674144856281201,-0.42427827517137107
2024-02-08,0.0,3364.93,85357.11907696049,98000.0,-12642.880923039513,-0.1290089890106073,0.9699815454649753,0.0,0.006370322075109902,1.674144856281201,-0.4206107423585749
2024-02-19,0.0,3403.808,86343.32505315437,98000.0,-11656.674946845626,-0.11894566272291451,0.9811885965847869,0.0,0.011553880764235913,1.674144856281201,-0.4139165479597068
2024-02-20,0.0,3410.854,86522.05871507787,98000.0,-11477.941284922126,-0.11712184984614415,0.9832196908332098,0.0,0.002070034502533513,1.674144856281201,-0.41270333499261935
2024-02-21,0.0,3456.871,87689.35745489252,98000.0,-10310.642545107476,-0.10521063821538246,0.996484644570037,0.0,0.013491342637357295,1.674144856281201,-0.40477991445522765
2024-02-22,0.0,3486.675,88445.38613215172,98000.0,-9554.613867848282,-0.09749605987600285,1.0050760060488906,0.0,0.008621669712292057,1.674144856281201,-0.39964812347153844
2024-02-23,0.0,3489.742,88523.18575479143,98000.0,-9476.814245208574,-0.09670218617559767,1.00596010568839,0.0,0.0008796346089037232,1.674144856281201,-0.3991200331834236
2024-02-26,0.0,3453.359,87600.26965746486,98000.0,-10399.730342535142,-0.10611969737280758,0.9954722683281322,0.0,-0.01042569909179536,1.674144856281201,-0.40538462690774124
2024-02-27,0.0,3494.787,88651.16068019648,98000.0,-9348.83931980352,-0.09539631958983186,1.0074143876190307,0.0,0.0119964359338256,1.674144856281201,-0.3982513616791722
2024-02-28,0.0,3450.26,87521.65830090782,98000.0,-10478.341699092183,-0.1069218540723692,0.9945789443037407,0.0,-0.01274097677483621,1.674144856281201,-0.40591822710430714
2024-02-29,0.0,3516.083,89191.36960218386,98000.0,-8808.630397816145,-0.0898839836511851,1.0135532157647045,0.0,0.019077692695622872,1.674144856281201,-0.3945845176049323
2024-03-01,1000.0,3537.804,90742.35936526084,99000.0,-8257.64063473916,-0.08341051146201173,1.0198145552722262,0.0,0.006177612985814207,1.674144856281201,-0.3908444950590756
2024-03-04,0.0,3540.869,90820.97461117456,99000.0,-8179.025388825437,-0.08261641806894382,1.0206980783876698,0.0,0.0008663566438387171,1.674144856281201,-0.39031674914023906
2024-03-05,0.0,3565.514,91453.10274675157,99000.0,-7546.897253248433,-0.07623128538634782,1.0278022960647046,0.0,0.006960155826154724,1.674144856281201,-0.3860732587096586
2024-03-06,0.0,3551.048,91082.05930551572,99000.0,-7917.940694484278,-0.07997919893418459,1.0236322975694323,0.0,-0.004057199046196502,1.674144856281201,-0.38856408169885626
2024-03-07,0.0,3529.72,90535.01005107928,99000.0,-8464.989948920716,-0.08550494897899719,1.0174842450388664,0.0,-0.006006114251342232,1.674144856281201,-0.3922364356815473
2024-03-08,0.0,3544.91,90924.6236189192,99000.0,-8075.376381080801,-0.0815694583947556,1.0218629452423218,0.0,0.004303457498045171,1.674144856281201,-0.38962095101364236
2024-03-11,0.0,3589.264,92062.27471753483,99000.0,-6937.725282465166,-0.07007803315621375,1.0346485192267891,0.0,0.012512024282703926,1.674144856281201,-0.3819838735310713
2024-03-12,0.0,3597.494,92273.36883625257,99000.0,-6726.631163747428,-0.06794576933078211,1.037020915716219,0.0,0.002292949195155325,1.674144856281201,-0.38056679395129134
2024-03-13,0.0,3572.361,91628.72381976011,99000.0,-7371.276180239889,-0.07445733515393826,1.0297760261695799,0.0,-0.006986252096598644,1.674144856281201,-0.38489431048575196
2024-03-14,0.0,3562.223,91368.69074861059,99000.0,-7631.309251389408,-0.07708393183221629,1.0268536257309604,0.0,-0.0028378990813078264,1.674144856281201,-0.38663991835693157
2024-03-15,0.0,3569.993,91567.98616810475,99000.0,-7432.013831895252,-0.07507084678682074,1.0290934216875667,0.0,0.00218122223117434,1.674144856281201,-0.38530204371113685
2024-03-18,0.0,3603.528,92428.13699085072,99000.0,-6571.863009149281,-0.06638245463787151,1.03876028879243,0.0,0.009393575841745383,1.674144856281201,-0.37952783183897154
2024-03-19,0.0,3577.63,91763.87022456252,99000.0,-7236.129775437483,-0.07309221995391402,1.0312948787944651,0.0,-0.007186845780024598,1.674144856281201,-0.3839870696223423
2024-03-20,0.0,3585.384,91962.75525451844,99000.0,-7037.244745481556,-0.07108328025738941,1.0335300625586255,0.0,0.0021673566019964063,1.674144856281201,-0.3826519499307731
2024-03-21,0.0,3581.09,91852.61696220083,99000.0,-7147.383037799169,-0.07219578826059769,1.0322922654109206,0.0,-0.0011976401969775452,1.674144856281201,-0.3833913107710617
2024-03-22,0.0,3545.002,90926.98335876392,99000.0,-8073.016641236085,-0.08154562263874832,1.0218894653488864,0.0,-0.010077378675208082,1.674144856281201,-0.3896051100268454
2024-03-25,0.0,3525.763,90433.51558841026,99000.0,-8566.484411589743,-0.08653014557161354,1.016343592194556,0.0,-0.00542707733310166,1.674144856281201,-0.39291777029845976
2024-03-26,0.0,3543.747,90894.79342936042,99000.0,-8105.206570639581,-0.08187077344080385,1.0215276965039004,0.0,0.0051007398965841055,1.674144856281201,-0.3898212017489139
2024-03-27,0.0,3502.787,89844.19621153799,99000.0,-9155.803788462013,-0.09248286655012139,1.0097204838420486,0.0,-0.011558387209922083,1.674144856281201,-0.39687388456638484
2024-03-28,0.0,3520.965,90310.45002563897,99000.0,-8689.549974361027,-0.0877732320642528,1.0149605109848012,0.0,0.005189581895787665,1.674144856281201,-0.3937439121968539
2024-03-29,0.0,3537.484,90734.1515744966,99000.0,-8265.848425503398,-0.08349341843942826,1.0197223114233054,0.0,0.004691611532633866,1.674144856281201,-0.3908995941435872
2024-04-01,1000.0,3595.647,93225.99449393523,100000.0,-6774.005506064772,-0.06774005506064773,1.0364884957507294,0.0,0.016441911822074662,1.674144856281201,-0.38088481897970616
2024-04-02,0.0,3580.676,92837.83448724695,100000.0,-7162.165512753054,-0.07162165512753049,1.0321729249313794,0.0,-0.004163645652645931,1.674144856281201,-0.3834625952116485
2024-04-03,0.0,3567.803,92504.07029206304,100000.0,-7495.929707936957,-0.07495929707936955,1.0284621278465156,0.0,-0.003595131198689816,1.674144856281201,-0.3856791280707623
2024-04-08,0.0,3536.408,91690.07767901257,100000.0,-8309.922320987433,-0.08309922320987428,1.0194121414813093,0.0,-0.008799532933853271,1.674144856281201,-0.39108486481525717
2024-04-09,0.0,3533.487,91614.34356776172,100000.0,-8385.656432238276,-0.08385656432238275,1.01857012809788,0.0,-0.0008259793553231365,1.674144856281201,-0.3915878161460635
2024-04-10,0.0,3504.709,90868.2031180606,100000.0,-9131.796881939401,-0.09131796881939402,1.0102745234596286,0.0,-0.008144362778184866,1.674144856281201,-0.3965429456900377
2024-04-11,0.0,3504.245,90856.17277652674,100000.0,-9143.827223473258,-0.09143827223473255,1.0101407698786935,0.0,-0.00013239330283920658,1.674144856281201,-0.39662283936257947
2024-04-12,0.0,3475.839,90119.67734202088,100000.0,-9880.322657979123,-0.09880322657979124,1.0019523987148127,0.0,-0.00810616837578404,1.674144856281201,-0.4015139162208089
2024-04-15,0.0,3549.076,92018.52674485501,100000.0,-7981.473255144985,-0.07981473255144989,1.0230638448504583,0.0,0.021070308492424417,1.674144856281201,-0.3889036298071584
2024-04-16,0.0,3511.115,91034.29442811638,100000.0,-8965.70557188362,-0.0896570557188362,1.0121211300102102,0.0,-0.010696023415672218,1.674144856281201,-0.3954399308919734
2024-04-17,0.0,3565.403,92441.84438757757,100000.0,-7558.15561242243,-0.07558155612422435,1.02777029897961,0.0,0.015461755026537238,1.674144856281201,-0.3860923712045986
2024-04-18,0.0,3569.802,92555.8992850074,100000.0,-7444.100714992601,-0.07444100714992596,1.0290383636402423,0.0,0.0012338016207427138,1.674144856281201,-0.3853349309772046
2024-04-19,0.0,3541.662,91826.30055491533,100000.0,-8173.699445084669,-0.0817369944508467,1.0209266701757764,0.0,-0.007882790137940576,1.674144856281201,-0.39018020672143405
2024-04-22,0.0,3530.905,91547.39886551944,100000.0,-8452.60113448056,-0.08452601134480564,1.017825835541901,0.0,-0.003037274590291128,1.674144856281201,-0.39203239688421565
2024-04-23,0.0,3506.225,90907.50914772725,100000.0,-9092.49085227275,-0.0909249085227275,1.0107115286938906,0.0,-0.006989709437098979,1.674144856281201,-0.3962819137771645
2024-04-24,0.0,3521.622,91306.71425246171,100000.0,-8693.285747538292,-0.08693285747538293,1.0151498991371164,0.0,0.004391332558520755,1.674144856281201,-0.39363078688896636
2024-04-25,0.0,3530.281,91531.22013035322,100000.0,-8468.77986964678,-0.08468779869646781,1.0176459600365055,0.0,0.0024588101732667678,1.674144856281201,-0.39213984009901304
2024-04-26,0.0,3584.269,92930.99185175373,100000.0,-7069.00814824627,-0.0706900814824627,1.0332086503975422,0.0,0.01529283362995737,1.674144856281201,-0.38284393580336795
2024-04-29,0.0,3623.912,93958.83415655258,100000.0,-6041.165843447423,-0.06041165843447427,1.0446362219686798,0.0,0.011060274772903389,1.674144856281201,-0.3760180201555895
2024-04-30,0.0,3604.394,93452.78198832454,100000.0,-6547.218011675461,-0.0654721801167546,1.0390099237085717,0.0,-0.005385892372662515,1.674144856281201,-0.3793787199415124
2024-05-06,1000.0,3657.877,95839.46034232291,101000.0,-5160.539657677087,-0.05109445205620877,1.0544270417455304,0.0,0.014838277946306766,1.674144856281201,-0.37016976888861186
2024-05-07,0.0,3659.008,95869.09349555554,101000.0,-5130.906504444458,-0.05080105449945005,1.0547530660990596,0.0,0.0003091957438701165,1.674144856281201,-0.3699750280617916
2024-05-08,0.0,3630.223,95114.90223489978,101000.0,-5885.097765100218,-0.05826829470396255,1.0464554436266131,0.0,-0.007866886325474054,1.674144856281201,-0.37493136289823936
2024-05-09,0.0,3664.561,96014.58677575085,101000.0,-4985.413224249147,-0.04936052697276383,1.056353785139862,0.0,0.009458923046876233,1.674144856281201,-0.36901888676087813
2024-05-10,0.0,3666.277,96059.54742203486,101000.0,-4940.452577965145,-0.048915372059060824,1.0568484427796994,0.0,0.0004682689140664831,1.674144856281201,-0.36872341792018515
2024-05-13,0.0,3664.691,96017.99288531781,101000.0,-4982.0071146821865,-0.049326803115665174,1.0563912592034859,0.0,-0.0004325914272164111,1.674144856281201,-0.3689965027577954
2024-05-14,0.0,3657.045,95817.6612410943,101000.0,-5182.338758905695,-0.051310284741640566,1.0541872077383365,0.0,-0.0020863969158654294,1.674144856281201,-0.37031302650834175
2024-05-15,0.0,3626.056,95005.72332285695,101000.0,-5994.276677143047,-0.059349274031119226,1.0452542557564486,0.0,-0.008473781427354554,1.674144856281201,-0.3756488562893625
2024-05-16,0.0,3640.359,95380.4739777522,101000.0,-5619.5260222477955,-0.055638871507403875,1.0493772675411768,0.0,0.003944506096982492,1.674144856281201,-0.37318609939633796
2024-05-17,0.0,3677.97,96365.91387716246,101000.0,-4634.086122837543,-0.045882040820173664,1.0602190906716678,0.0,0.010331673332218072,1.674144856281201,-0.3667100629352076
2024-05-20,0.0,3690.962,96706.31522711694,101000.0,-4293.684772883062,-0.04251173042458478,1.063964190937849,0.0,0.003532383352773394,1.674144856281201,-0.3644730401040409
2024-05-21,0.0,3676.161,96318.51655249593,101000.0,-4681.48344750407,-0.04635132126241648,1.059697624663238,0.0,-0.004010065668516805,1.674144856281201,-0.3670215449473365
2024-05-22,0.0,3684.451,96535.72153949736,101000.0,-4464.278460502639,-0.044200776836659794,1.0620873168743403,0.0,0.002255069894925743,1.674144856281201,-0.3655941342892106
2024-05-23,0.0,3641.792,95418.01978551735,101000.0,-5581.9802144826535,-0.05526713083646195,1.0497903470271248,0.0,-0.011578115708419157,1.674144856281201,-0.3729393588085099
2024-05-24,0.0,3601.475,94361.68040542844,101000.0,-6638.319594571556,-0.06572593657991643,1.038168486849198,0.0,-0.011070648735567512,1.674144856281201,-0.37988132690304066
2024-05-27,0.0,3635.708,95258.61385778312,101000.0,-5741.386142216885,-0.05684540734868204,1.04803656084952,0.0,0.009505272145440502,1.674144856281201,-0.3739869301527845
2024-05-28,0.0,3609.172,94563.34829263594,101000.0,-6436.651707364057,-0.06372922482538668,1.0403872396777691,0.0,-0.007298715958487523,1.674144856281201,-0.3785560217359002
2024-05-29,0.0,3613.522,94677.32195891533,101000.0,-6322.6780410846695,-0.06260077268400666,1.0416411794990352,0.0,0.0012052625920848659,1.674144856281201,-0.377807018555822
2024-05-30,0.0,3594.312,94174.00376828836,101000.0,-6825.996231711644,-0.06758412110605594,1.0361036659435134,0.0,-0.005316143086993685,1.674144856281201,-0.3811146854729025
2024-05-31,0.0,3579.925,93797.05224259601,101000.0,-7202.947757403992,-0.07131631442974251,1.0319564401484436,0.0,-0.0040027131757064405,1.674144856281201,-0.3835919058756113
2024-06-03,1000.0,3588.748,95028.22227882202,102000.0,-6971.777721177976,-0.06835076197233314,1.0344997760204044,0.0,0.002464576771859628,1.674144856281201,-0.3820727208048461
2024-06-04,0.0,3615.671,95741.12962935561,102000.0,-6258.870370644392,-0.06136147422200389,1.0422606545969435,0.0,0.007502059213965406,1.674144856281201,-0.3774369937663995
2024-06-05,0.0,3594.794,95188.31728462843,102000.0,-6811.682715371571,-0.06678120309187818,1.0362426082409502,0.0,-0.005774031984657979,1.674144856281201,-0.3810316924768572
2024-06-06,0.0,3592.245,95120.8210607117,102000.0,-6879.178939288293,-0.06744293077733621,1.035507828331891,0.0,-0.0007090809654183294,1.674144856281201,-0.38147059112191906
2024-06-07,0.0,3574.114,94640.7213997332,102000.0,-7359.2786002668,-0.07214979019869416,1.0302813495044487,0.0,-0.005047261531437863,1.674144856281201,-0.3845924708134124
2024-06-11,0.0,3542.877,93813.58152272773,102000.0,-8186.418477272266,-0.08025900467913982,1.0212769085396474,0.0,-0.008739788378322455,1.674144856281201,-0.38997100238492943
2024-06-12,0.0,3544.123,93846.57496917743,102000.0,-8153.425030822575,-0.07993553951786836,1.0216360830263824,0.0,0.00035169157721259836,1.674144856281201,-0.38975646032461275
2024-06-13,0.0,3526.131,93370.15595752194,102000.0,-8629.844042478057,-0.08460631414194175,1.016449672620815,0.0,-0.00507657324534172,1.674144856281201,-0.39285440635127145
2024-06-14,0.0,3541.533,93777.99308610785,102000.0,-8222.006913892154,-0.08060791092051134,1.0208894843741803,0.0,0.004367960237438684,1.674144856281201,-0.3902024185398778
2024-06-17,0.0,3536.199,93636.7514782727,102000.0,-8363.248521727306,-0.08199263256595402,1.019351894717483,0.0,-0.0015061274312564432,1.674144856281201,-0.39112085140482866
2024-06-18,0.0,3545.59,93885.42038325583,102000.0,-8114.579616744173,-0.07955470212494287,1.0220589634212784,0.0,0.0026556763349574464,1.674144856281201,-0.38950386545905535
2024-06-19,0.0,3528.749,93439.47926635442,102000.0,-8560.520733645579,-0.08392667385927033,1.0172043426097976,0.0,-0.0047498441726202545,1.674144856281201,-0.39240362696611186
2024-06-20,0.0,3503.282,92765.12605549238,102000.0,-9234.87394450762,-0.09053797984811396,1.0098631735458479,0.0,-0.007217005233299378,1.674144856281201,-0.3967886531700311
2024-06-21,0.0,3495.62,92562.2401913692,102000.0,-9437.759808630799,-0.09252705694736074,1.0076545098882523,0.0,-0.0021870919897399865,1.674144856281201,-0.3981079318748032
2024-06-24,0.0,3476.81,92064.16095564002,102000.0,-9935.839044359978,-0.0974101867094116,1.0022323011438814,0.0,-0.005381019676051757,1.674144856281201,-0.40134672493624435
2024-06-25,0.0,3457.902,91563.48672974063,102000.0,-10436.51327025937,-0.10231875755156239,0.9967818427207785,0.0,-0.005438318458586999,1.674144856281201,-0.4046023920923172
2024-06-26,0.0,3480.265,92155.64759888532,102000.0,-9844.35240111468,-0.0965132588344576,1.0032282464501974,0.0,0.006467216248465135,1.674144856281201,-0.40075182700815926
2024-06-27,0.0,3454.118,91463.28833378108,102000.0,-10536.711666218922,-0.10330109476685223,0.995691059207291,0.0,-0.007512933641547481,1.674144856281201,-0.4052539387666656
2024-06-28,0.0,3461.657,91662.91722044574,102000.0,-10337.082779554257,-0.10134394881915942,0.9978642666354576,0.0,0.0021826121748012017,1.674144856281201,-0.40395583877250263
2024-07-01,1000.0,3478.183,93100.51729751435,103000.0,-9899.48270248565,-0.0961114825484044,1.0026280849081568,0.0,0.004774014294310458,1.674144856281201,-0.40111031542676223
2024-07-02,0.0,3471.786,92929.28881150536,103000.0,-10070.711188494635,-0.09777389503392853,1.0007840727158261,0.0,-0.0018391786746124739,1.674144856281201,-0.4022117805630748
2024-07-03,0.0,3463.414,92705.19550450721,103000.0,-10294.80449549279,-0.09994955820866791,0.998370743018438,0.0,-0.0024114389538985037,1.674144856281201,-0.4036533103616067
2024-07-04,0.0,3445.813,92234.06957325127,103000.0,-10765.930426748731,-0.10452359637620123,0.9932970430657705,0.0,-0.00508197980374292,1.674144856281201,-0.40668393219437793
2024-07-05,0.0,3431.061,91839.20281920959,103000.0,-11160.79718079041,-0.10835725418243114,0.9890446016305254,0.0,-0.004281137716991568,1.674144856281201,-0.40922399999035763
2024-07-08,0.0,3401.76,91054.90301171399,103000.0,-11945.096988286008,-0.11597181542025248,0.9805982359516944,0.0,-0.008539923947723405,1.674144856281201,-0.4142691821005803
2024-07-09,0.0,3439.811,92073.41405144012,103000.0,-10926.585948559878,-0.1060833587238823,0.9915668943744513,0.0,0.011185680353699157,1.674144856281201,-0.40771738439824656
2024-07-10,0.0,3428.966,91783.12595846411,103000.0,-11216.874041535892,-0.10890168972364944,0.9884406926821225,0.0,-0.0031527894991906225,1.674144856281201,-0.40958472680926883
2024-07-11,0.0,3468.169,92832.47257985076,103000.0,-10167.527420149243,-0.09871385844805092,0.9997414289609942,0.0,0.011432892597943445,1.674144856281201,-0.4028345724026937
2024-07-12,0.0,3472.401,92945.75051525641,103000.0,-10054.249484743588,-0.09761407266741351,1.0009613538629707,0.0,0.001220240420809926,1.674144856281201,-0.40210588701002925
2024-07-15,0.0,3476.247,93048.69638944596,103000.0,-9951.303610554038,-0.09661459816071882,1.0020700096221864,0.0,0.0011075909723559096,1.674144856281201,-0.40144366488805683
2024-07-16,0.0,3498.283,93638.53395669532,103000.0,-9361.466043304681,-0.0908880198379095,1.0084221516684895,0.0,0.006339020213465885,1.674144856281201,-0.3976494041808841
2024-07-17,0.0,3501.584,93726.89181699164,103000.0,-9273.108183008357,-0.09003017653406176,1.0093737046225122,0.0,0.0009436057631699857,1.674144856281201,-0.39708102268722034
2024-07-18,0.0,3520.931,94244.75292670181,103000.0,-8755.24707329819,-0.08500239876988536,1.0149507100758532,0.0,0.005525213731842449,1.674144856281201,-0.39374976647458326
2024-07-19,0.0,3539.016,94728.83408497483,103000.0,-8271.165915025165,-0.0803025816992734,1.0201639288500133,0.0,0.005136425564715719,1.674144856281201,-0.3906358072764884
2024-07-22,0.0,3514.925,94083.99033689879,103000.0,-8916.009663101213,-0.08656320061263312,1.0132194083364225,0.0,-0.006807259419002398,1.674144856281201,-0.3947839074170083
2024-07-23,0.0,3439.878,92075.20744030406,103000.0,-10924.79255969594,-0.10606594718151396,0.9915862079303192,0.0,-0.021350953434283615,1.674144856281201,-0.40770584802742693
2024-07-24,0.0,3418.166,91494.04238039673,103000.0,-11505.957619603272,-0.11170832640391526,0.9853274627810483,0.0,-0.006311851757533349,1.674144856281201,-0.4114443209115317
2024-07-25,0.0,3399.272,90988.30672076662,103000.0,-12011.693279233383,-0.11661838135178038,0.9798810400263357,0.0,-0.0055275255795066425,1.674144856281201,-0.4146975774826571
2024-07-26,0.0,3409.293,91256.538807416,103000.0,-11743.461192584,-0.11401418633576699,0.9827697138076936,0.0,0.002947984156607797,1.674144856281201,-0.4129721152142519
2024-07-29,0.0,3390.742,90759.98422808932,103000.0,-12240.01577191068,-0.11883510458165703,0.9774221649285428,0.0,-0.005441304106159284,1.674144856281201,-0.4161663124541666
2024-07-30,0.0,3369.382,90188.24115146715,103000.0,-12811.758848532845,-0.12438600823818291,0.9712648880130849,0.0,-0.006299506125797882,1.674144856281201,-0.4198441763453087
2024-07-31,0.0,3442.084,92134.2554378241,103000.0,-10865.744562175896,-0.10549266565219317,0.9922221139638162,0.0,0.021577250664958747,1.674144856281201,-0.40732600871357594
2024-08-01,1000.0,3419.267,92523.51284516082,104000.0,-11476.487154839182,-0.11035083802729984,0.9856448392737411,0.0,-0.006628832997683909,1.674144856281201,-0.4112547456238844
2024-08-02,0.0,3384.392,91579.81423651897,104000.0,-12420.18576348103,-0.11942486311039446,0.9755917010515223,0.0,-0.010199554465913252,1.674144856281201,-0.4172596849124416
2024-08-05,0.0,3343.321,90468.45522417405,104000.0,-13531.544775825954,-0.13011100745986492,0.963752491304576,0.0,-0.012135414573725467,1.674144856281201,-0.42433148022485245
2024-08-06,0.0,3342.979,90459.20088943123,104000.0,-13540.799110568769,-0.1301999914477766,0.9636539056910419,0.0,-0.00010229349799195653,1.674144856281201,-0.4243903673714242
2024-08-07,0.0,3341.489,90418.8822965459,104000.0,-13581.117703454103,-0.1305876702255202,0.9632243952695049,0.0,-0.0004457102482545716,1.674144856281201,-0.42464692248368074
2024-08-08,0.0,3342.937,90458.06439218212,104000.0,-13541.935607817883,-0.1302109193059412,0.9636417986858711,0.0,0.0004333397476394829,1.674144856281201,-0.4243975991262663
2024-08-09,0.0,3331.627,90152.02191866988,104000.0,-13847.978081330119,-0.133153635397405,0.9603815551505794,0.0,-0.0033832525111899825,1.674144856281201,-0.42634500739446934
2024-08-12,0.0,3325.865,89996.10531987435,104000.0,-14003.894680125653,-0.1346528334627467,0.9587205893459507,0.0,-0.0017294853235371166,1.674144856281201,-0.42733713528495443
2024-08-13,0.0,3334.39,90226.7872019868,104000.0,-13773.212798013206,-0.1324347384424347,0.9611780231336042,0.0,0.002563242945820221,1.674144856281201,-0.4258692612366405
2024-08-14,0.0,3309.239,89546.21476597387,104000.0,-14453.78523402613,-0.13897870417332814,0.9539279448704637,0.0,-0.007542908897879341,1.674144856281201,-0.4301998770946046
2024-08-15,0.0,3341.953,90431.4378852028,104000.0,-13568.562114797198,-0.13046694341151155,0.9633581488504399,0.0,0.009885656490812522,1.674144856281201,-0.42456702881113917
2024-08-16,0.0,3345.634,90531.04375125043,104000.0,-13468.956248749571,-0.12950919469951516,0.9644192413750561,0.0,0.0011014517559044812,1.674144856281201,-0.42393321715461785
2024-08-19,0.0,3356.968,90837.73565176215,104000.0,-13162.264348237848,-0.1265602341176716,0.9676864031990167,0.0,0.0033876987142047454,1.674144856281201,-0.42198167645507645
2024-08-20,0.0,3332.703,90181.13789581392,104000.0,-13818.862104186075,-0.1328736740787123,0.9606917250925754,0.0,-0.007228248824534433,1.674144856281201,-0.4261597367227995
2024-08-21,0.0,3321.635,89881.64381121327,104000.0,-14118.356188786725,-0.13575342489218,0.9575012409680301,0.0,-0.0033210280063958875,1.674144856281201,-0.4280654763083407
2024-08-22,0.0,3313.136,89651.66547501694,104000.0,-14348.33452498306,-0.13796475504791406,0.9550513019931014,0.0,-0.0025586796863593664,1.674144856281201,-0.4295288735560381
2024-08-23,0.0,3327.191,90031.98616159646,104000.0,-13968.013838403538,-0.13430782536926478,0.9591028247949159,0.0,0.004242204364686364,1.674144856281201,-0.42710881845351
2024-08-26,0.0,3324.223,89951.67368932553,104000.0,-14048.32631067447,-0.13508006067956224,0.9582472630961764,0.0,-0.0008920437690531635,1.674144856281201,-0.42761986246235406
2024-08-27,0.0,3305.334,89440.54758126428,104000.0,-14559.452418735716,-0.1399947347955357,0.9528022816516031,0.0,-0.005682230103094765,1.674144856281201,-0.43087225811028396
2024-08-28,0.0,3286.496,88930.80150557698,104000.0,-15069.19849442302,-0.14489613936945211,0.9473720015704516,0.0,-0.005699272751255924,1.674144856281201,-0.43411587234161986
2024-08-29,0.0,3277.681,88692.27238055396,104000.0,-15307.727619446043,-0.14718968864851967,0.9448309717947136,0.0,-0.0026821879594559617,1.674144856281201,-0.43563367993527236
2024-08-30,0.0,3321.432,89876.15074117586,104000.0,-14123.849258824135,-0.135806242873309,0.957442723776371,0.0,0.013348156821850532,1.674144856281201,-0.4281004297900777
2024-09-02,1000.0,3265.011,89349.42904373696,105000.0,-15650.570956263036,-0.14905305672631464,0.9411786919015089,0.0,-0.016986950207019125,1.674144856281201,-0.4378152593126493
2024-09-03,0.0,3273.428,89579.76644359906,105000.0,-15420.23355640094,-0.14685936720381854,0.9436049933901517,0.0,0.0025779392473714857,1.674144856281201,-0.43636598120535797
2024-09-04,0.0,3252.165,88997.88879915714,105000.0,-16002.11120084286,-0.15240105905564627,0.9374756778913979,0.0,-0.006495636989724551,1.674144856281201,-0.4400271431865075
2024-09-05,0.0,3257.758,89150.94536057196,105000.0,-15849.054639428039,-0.1509433775183623,0.9390879274133153,0.0,0.0017197774405663946,1.674144856281201,-0.43906411450003013
2024-09-06,0.0,3231.346,88428.16154149658,105000.0,-16571.838458503422,-0.15782703293812783,0.9314743507330215,0.0,-0.008107416204641282,1.674144856281201,-0.44361185518789736
2024-09-09,0.0,3192.952,87377.48147374023,105000.0,-17622.518526259766,-0.16783350977390254,0.9204068184347027,0.0,-0.011881735970087903,1.674144856281201,-0.45022271222144183
2024-09-10,0.0,3195.755,87454.1876317316,105000.0,-17545.812368268394,-0.16710297493588944,0.9212148168988425,0.0,0.0008778710109014209,1.674144856281201,-0.449740078678049
2024-09-11,0.0,3186.13,87190.79242278867,105000.0,-17809.20757721133,-0.16961150073534603,0.9184402948805241,0.0,-0.003011807851352688,1.674144856281201,-0.45139735582937124
2024-09-12,0.0,3172.475,86817.11329778963,105000.0,-18182.886702210366,-0.17317034954486066,0.9145040768898602,0.0,-0.0042857636066326865,1.674144856281201,-0.45374853707626017
2024-09-13,0.0,3159.247,86455.11934206006,105000.0,-18544.88065793994,-0.1766179110279994,0.9106909467851001,0.0,-0.004169615205793509,1.674144856281201,-0.45602619548225387
2024-09-18,0.0,3171.01,86777.02249455833,105000.0,-18222.977505441668,-0.17355216671849205,0.9140817730190203,0.0,0.0037233555970774823,1.674144856281201,-0.45400078757253914
2024-09-19,0.0,3196.036,87461.87740354594,105000.0,-17538.122596454064,-0.1670297390138482,0.921295818528676,0.0,0.007892122699076687,1.674144856281201,-0.44969169479446236
2024-09-20,0.0,3201.05,87599.08920382021,105000.0,-17400.910796179785,-0.16572295996361697,0.9227411643364526,0.0,0.0015688183737605499,1.674144856281201,-0.4488283610140229
2024-09-23,0.0,3212.764,87919.65143525475,105000.0,-17080.348564745247,-0.16266998633090712,0.9261178657310066,0.0,0.003659424251417409,1.674144856281201,-0.4468113901516241
2024-09-24,0.0,3351.909,91727.45677014973,105000.0,-13272.543229850271,-0.1264051736176216,0.9662280855999857,0.0,0.04331005950016875,1.674144856281201,-0.4228527585442753
2024-09-25,0.0,3401.533,93085.4540531195,105000.0,-11914.545946880506,-0.11347186616076677,0.9805328004713662,0.0,0.014804697860234306,1.674144856281201,-0.4143082680136556
2024-09-26,0.0,3545.32,97020.29113449896,105000.0,-7979.708865501045,-0.07599722729048619,1.0219811326737516,0.0,0.04227123476385519,1.674144856281201,-0.389550355311612
2024-09-27,0.0,3703.685,101354.06591519996,105000.0,-3645.934084800043,-0.03472318176000044,1.0676317487185312,0.0,0.044668746403709436,1.674144856281201,-0.36228233494079176
2024-09-30,0.0,4017.855,109951.55919245718,105000.0,4951.559192457178,0.04715770659483032,1.158195030016725,0.0,0.08482632837295823,1.674144856281201,-0.3081870868752432
2024-10-08,1000.0,4256.096,117471.19950142057,106000.0,11471.199501420575,0.10821886322094887,1.2268708638002275,0.0,0.05929556940208136,1.674144856281201,-0.26716564627179806
2024-10-09,0.0,3955.984,109187.90029370293,106000.0,3187.900293702929,0.03007453107266911,1.140359970089932,0.0,-0.07051344706510376,1.674144856281201,-0.3188403226809011
2024-10-10,0.0,3997.788,110341.71966806793,106000.0,4341.7196680679335,0.04095961951007476,1.1524104759033125,0.0,0.010567282375257392,1.674144856281201,-0.31164231602803094
2024-10-11,0.0,3887.167,107288.50339661948,106000.0,1288.503396619475,0.012155692420938502,1.1205226421175036,0.0,-0.027670551815153988,1.674144856281201,-0.3306895529897367
2024-10-14,0.0,3961.342,109335.78480733435,106000.0,3335.7848073343484,0.03146966799372031,1.1419044780352983,0.0,0.019082020402004796,1.674144856281201,-0.3179177573846118
2024-10-15,0.0,3855.995,106428.13459129688,106000.0,428.1345912968827,0.004039005578272414,1.1115369381845142,0.0,-0.026593765446154438,1.674144856281201,-0.3360568925597124
2024-10-16,0.0,3831.589,105754.51207549093,106000.0,-245.48792450907058,-0.002315923816123333,1.1045016151321423,0.0,-0.006329365053637126,1.674144856281201,-0.3402592308615482
2024-10-17,0.0,3788.222,104557.55281781017,106000.0,-1442.4471821898333,-0.0136079922848098,1.0920005557691899,0.0,-0.011318280744620601,1.674144856281201,-0.34772636210532915
2024-10-18,0.0,3925.234,108339.17898086866,106000.0,2339.178980868659,0.022067726234610063,1.1314959127327067,0.0,0.03616789089974115,1.674144856281201,-0.3241350003331773
2024-10-21,0.0,3935.197,108614.16468622697,106000.0,2614.16468622697,0.024661931002141202,1.134367867316448,0.0,0.0025381926274969935,1.674144856281201,-0.3224195247738397
2024-10-22,0.0,3957.776,109237.36073573866,106000.0,3237.3607357386645,0.03054113901640254,1.1408765356438881,0.0,0.00573770512632521,1.674144856281201,-0.3185317678076367
2024-10-23,0.0,3973.209,109663.32223235561,106000.0,3663.322232355611,0.034559643701468135,1.1453252835201175,0.0,0.0038994121951316796,1.674144856281201,-0.3158744422724309
2024-10-24,0.0,3928.833,108438.51387533665,106000.0,2438.513875336648,0.023004847880534474,1.132533367771037,0.0,-0.011168805869512521,1.674144856281201,-0.32351530781706217
2024-10-25,0.0,3956.421,109199.96179658776,106000.0,3199.961796587755,0.030188318835733474,1.1404859405961143,0.0,0.0070219324669691385,1.674144856281201,-0.3187650779936151
2024-10-28,0.0,3964.157,109413.4807584117,106000.0,3413.4807584116934,0.03220264866426126,1.1427159356437728,0.0,0.001955302532263614,1.674144856281201,-0.31743305762554974
2024-10-29,0.0,3924.649,108323.03257540497,106000.0,2323.03257540497,0.0219154016547638,1.1313272794463987,0.0,-0.009966305572660206,1.674144856281201,-0.32423572834704983
2024-10-30,0.0,3889.449,107351.48817827438,106000.0,1351.488178274376,0.012749888474286486,1.1211804560651197,0.0,-0.008968954930746564,1.674144856281201,-0.3302966276433139
2024-10-31,0.0,3891.04,107395.40088099695,106000.0,1395.4008809969528,0.013164159254688279,1.1216390809514722,0.0,0.00040905537005353487,1.674144856281201,-0.3300226818825085
2024-11-01,1000.0,3890.02,108367.24817403464,107000.0,1367.2481740346411,0.01277802031808073,1.1213450536830376,0.0,-0.0002621407130225517,1.674144856281201,-0.33019831021438883
2024-11-04,0.0,3944.762,109892.23773695283,107000.0,2892.237736952826,0.027030259223858266,1.1371250936130937,0.0,0.014072421221484666,1.674144856281201,-0.3207725787008634
2024-11-05,0.0,4044.573,112672.74873882391,107000.0,5672.74873882391,0.05301634335349448,1.1658968148775493,0.0,0.025302160181019717,1.674144856281201,-0.3035866576878117
2024-11-06,0.0,4024.283,112107.51476433247,107000.0,5107.514764332474,0.0477337828442288,1.16004797833192,0.0,-0.005016598785582582,1.674144856281201,-0.30708028401511855
2024-11-07,0.0,4145.695,115489.78126561161,107000.0,8489.781265611615,0.07934375014590289,1.1950464476605518,0.0,0.03016984640493714,1.674144856281201,-0.28617500261290196
2024-11-08,0.0,4104.047,114329.56122768065,107000.0,7329.56122768065,0.06850057222131456,1.1830409107235202,0.0,-0.010046083949735829,1.674144856281201,-0.29334614846207274
2024-11-11,0.0,4131.131,115084.06083167899,107000.0,8084.060831678988,0.07555197038952333,1.1908481994865479,0.0,0.006599339627445966,1.674144856281201,-0.2886826996967311
2024-11-12,0.0,4085.743,113819.65276690731,107000.0,6819.652766907311,0.06373507258791888,1.1777645625652553,0.0,-0.010986821768663502,1.674144856281201,-0.29649781609613
2024-11-13,0.0,4110.89,114520.19188748574,107000.0,7520.1918874857365,0.07028216717276381,1.1850134877802845,0.0,0.006154816883979342,1.674144856281201,-0.2921678889767222
2024-11-14,0.0,4039.619,112534.74138990176,107000.0,5534.741389901756,0.05172655504581081,1.1644687647914453,0.0,-0.01733712164519119,1.674144856281201,-0.3044396603899052
2024-11-15,0.0,3968.831,110562.74619097127,107000.0,3562.746190971273,0.033296693373563224,1.144063272362071,0.0,-0.017523434759565193,1.674144856281201,-0.31662826662240384
2024-11-18,0.0,3950.381,110048.77049706457,107000.0,3048.770497064572,0.028493182215556745,1.1387448379477358,0.0,-0.0046487240197428115,1.674144856281201,-0.3198050732137695
2024-11-19,0.0,3976.891,110787.27974614136,107000.0,3787.2797461413575,0.035395137814405286,1.1463866643067617,0.0,0.006710745115471317,1.674144856281201,-0.31524045843127046
2024-11-20,0.0,3985.773,111034.71238100744,107000.0,4034.712381007441,0.03770759234586385,1.1489470076383672,0.0,0.002233402927060091,1.674144856281201,-0.31371111446679845
2024-11-21,0.0,3989.298,111132.91098919285,107000.0,4132.910989192853,0.038625336347596795,1.1499631312866345,0.0,0.000884395573957697,1.674144856281201,-0.3131041636139765
2024-11-22,0.0,3865.699,107689.71956419697,107000.0,689.7195641969738,0.006445977235485678,1.114334232903035,0.0,-0.03098264406419371,1.674144856281201,-0.3343860128219014
2024-11-25,0.0,3848.091,107199.20010521002,107000.0,199.20010521002405,0.001861683226261901,1.1092585151161725,0.0,-0.00455493301470189,1.674144856281201,-0.33741783994714625
2024-11-26,0.0,3840.185,106978.9566452628,107000.0,-21.043354737194022,-0.0001966668667027216,1.106979515523775,0.0,-0.0020545252178287843,1.674144856281201,-0.3387791317038583
2024-11-27,0.0,3907.045,108841.52655824936,107000.0,1841.5265582493594,0.017210528581769635,1.1262527147076475,0.0,0.017410619540464856,1.674144856281201,-0.3272668667337384
2024-11-28,0.0,3872.551,107880.60094385273,107000.0,880.6009438527253,0.008229915363109574,1.11630940431805,0.0,-0.008828667189653472,1.674144856281201,-0.33320620367479903
2024-11-29,0.0,3916.583,109107.23388445436,107000.0,2107.2338844543556,0.019693774621068805,1.1290021579295408,0.0,0.01137028279291874,1.674144856281201,-0.3256245696460176
2024-12-02,1000.0,3947.632,110972.18951156054,108000.0,2972.189511560544,0.027520273255190242,1.1379524056331014,0.0,0.007927573601784976,1.674144856281201,-0.3202784087866509
2024-12-03,0.0,3951.891,111091.9145910841,108000.0,3091.9145910841034,0.028628838806334267,1.1391801136098305,0.0,0.0010788746266114924,1.674144856281201,-0.3195450744087309
2024-12-04,0.0,3930.557,110492.19286143967,108000.0,2492.1928614396747,0.023075859828145084,1.1330303315070973,0.0,-0.005398428246123244,1.674144856281201,-0.3232184614992565
2024-12-05,0.0,3921.588,110240.06460639232,108000.0,2240.0646063923195,0.02074133894807706,1.1304449093790665,0.0,-0.002281864885816276,1.674144856281201,-0.32476278552733007
2024-12-06,0.0,3973.141,111689.27499020961,108000.0,3689.274990209611,0.03415995361305191,1.145305681702222,0.0,0.013145950059006761,1.674144856281201,-0.3158861508278895
2024-12-09,0.0,3966.571,111504.5852103388,108000.0,3504.5852103388024,0.032449863058692685,1.1434118001790685,0.0,-0.001653603534332193,1.674144856281201,-0.31701740390676614
2024-12-10,0.0,3995.637,112321.6617920321,108000.0,4321.6617920321005,0.040015386963260235,1.1517904242813484,0.0,0.007327739753051121,1.674144856281201,-0.31201268518673175
2024-12-11,0.0,3988.831,112130.3377978463,108000.0,4130.337797846296,0.03824386849857686,1.149828512919616,0.0,-0.0017033579376704022,1.674144856281201,-0.3131845738404354
2024-12-12,0.0,4028.505,113245.61669078303,108000.0,5245.616690783034,0.04857052491465774,1.1612650206136177,0.0,0.009946272479330442,1.674144856281201,-0.306353320468845
2024-12-13,0.0,3933.181,110565.95632907758,108000.0,2565.956329077584,0.023758854898866533,1.1337867310682472,0.0,-0.0236623759930793,1.674144856281201,-0.3227666490062622
2024-12-16,0.0,3911.842,109966.09404404514,108000.0,1966.0940440451377,0.018204574481899494,1.1276355076553748,0.0,-0.005425379610040748,1.674144856281201,-0.32644089701998324
2024-12-17,0.0,3922.033,110252.57403592693,108000.0,2252.5740359269257,0.020857166999323384,1.1305731859814716,0.0,0.002605166568588224,1.674144856281201,-0.32468616336293143
2024-12-18,0.0,3941.89,110810.77570394742,108000.0,2810.7757039474236,0.02602570096247625,1.13629720506903,0.0,0.005062935472496033,1.674144856281201,-0.3212670929843542
2024-12-19,0.0,3945.464,110911.24469531093,108000.0,2911.244695310932,0.02695596940102707,1.1373274535566635,0.0,0.000906671672725734,1.674144856281201,-0.32065170508421637
2024-12-20,0.0,3927.744,110413.11640013427,108000.0,2413.1164001342695,0.022343670371613555,1.1322194504226788,0.0,-0.004491233477228462,1.674144856281201,-0.32370281688904023
2024-12-23,0.0,3933.572,110576.94776042149,108000.0,2576.9477604214917,0.02386062741131001,1.1338994415211472,0.0,0.0014838034250703735,1.674144856281201,-0.32269932481237473
2024-12-24,0.0,3983.688,111985.76252571911,108000.0,3985.7625257191103,0.03690520857147317,1.1483459813102432,0.0,0.0127405828595486,1.674144856281201,-0.3140701194393186
2024-12-25,0.0,3985.629,112040.32612735218,108000.0,4040.3261273521784,0.037410427105112776,1.1489054979063529,0.0,0.0004872369522914699,1.674144856281201,-0.3137359090548286
2024-12-26,0.0,3987.48,112092.35973200071,108000.0,4092.35973200071,0.03789221974074741,1.1494390709199538,0.0,0.0004644185397086886,1.674144856281201,-0.3134171952878574
2024-12-27,0.0,3981.031,111911.07139252021,108000.0,3911.0713925202144,0.03621362400481676,1.1475800691021734,0.0,-0.0016173121871457807,1.674144856281201,-0.3145276140254031
2024-12-30,0.0,3999.055,112417.74545528907,108000.0,4417.74545528907,0.040905050511935936,1.1527757038926327,0.0,0.0045274703964877094,1.674144856281201,-0.31142415809029333
2024-12-31,0.0,3934.911,110614.5884933358,108000.0,2614.588493335803,0.024209152716072158,1.1342854243764748,0.0,-0.016039789400245752,1.674144856281201,-0.322468769580622
2025-01-02,1000.0,3820.395,108395.42033021779,109000.0,-604.5796697822079,-0.005546602475066109,1.1012748099920844,0.0,-0.029102564200308434,1.674144856281201,-0.34218666571161593
2025-01-03,0.0,3775.165,107112.11720016561,109000.0,-1887.8827998343913,-0.017320025686553997,1.0882367184711965,0.0,-0.011839089937035419,1.674144856281201,-0.34997457693803724
2025-01-06,0.0,3768.97,106936.34751432273,109000.0,-2063.652485677274,-0.01893259161171812,1.086450935208497,0.0,-0.0016409878773510078,1.674144856281201,-0.35104126077725184
2025-01-07,0.0,3796.106,107706.27264669276,109000.0,-1293.727353307244,-0.0118690582872224,1.0942732135969742,0.0,0.007199845050504861,1.674144856281201,-0.3463688584106772
2025-01-08,0.0,3789.215,107510.75547072128,109000.0,-1489.244529278716,-0.013662793846593746,1.092286799962872,0.0,-0.0018152812381951877,1.674144856281201,-0.34755538275870435
2025-01-09,0.0,3779.877,107245.80997816264,109000.0,-1754.190021837363,-0.01609348643887487,1.0895950091465543,0.0,-0.002464362671424025,1.674144856281201,-0.34916324291860534
2025-01-10,0.0,3732.481,105901.0512969344,109000.0,-3098.948703065602,-0.028430722046473456,1.0759325420732844,0.0,-0.012539032354756507,1.674144856281201,-0.3573241060733138
2025-01-13,0.0,3722.513,105618.2309210697,109000.0,-3381.7690789303015,-0.031025404393855927,1.073059146179404,0.0,-0.0026706097097347614,1.674144856281201,-0.3590404425558469
2025-01-14,0.0,3820.54,108399.53439066125,109000.0,-600.4656093387457,-0.005508858801272942,1.1013166079861265,0.0,0.02633355477872068,1.674144856281201,-0.34216169893894666
2025-01-15,0.0,3796.026,107704.00282024119,109000.0,-1295.9971797588078,-0.011889882383108286,1.0942501526347437,0.0,-0.0064163704607203,1.674144856281201,-0.3463826331818052
2025-01-16,0.0,3800.384,107827.65161619007,109000.0,-1172.3483838099346,-0.01075548975972418,1.0955063985522329,0.0,0.0011480427162513518,1.674144856281201,-0.34563225252461427
2025-01-17,0.0,3812.343,108166.96229786803,109000.0,-833.0377021319728,-0.007642547725981386,1.0989537241436167,0.0,0.0031467872720229995,1.674144856281201,-0.3435730964256364
2025-01-20,0.0,3829.676,108658.7485714297,109000.0,-341.2514285702928,-0.0031307470511036106,1.1039501698728131,0.0,0.004546547884070495,1.674144856281201,-0.34058862007614343
2025-01-21,0.0,3832.615,108742.13632069397,109000.0,-257.86367930602864,-0.0023657218284957038,1.1047973719727442,0.0,0.0007674278450708893,1.674144856281201,-0.34008256942183335
2025-01-22,0.0,3797.017,107732.12029540991,109000.0,-1267.8797045900865,-0.01163192389532186,1.09453582030437,0.0,-0.00928817530589432,1.674144856281201,-0.3462119982044587
2025-01-23,0.0,3803.744,107922.9843271557,109000.0,-1077.0156728442962,-0.009880877732516447,1.0964749589659004,0.0,0.0017716539062113679,1.674144856281201,-0.34505371213724356
2025-01-24,0.0,3832.864,108749.20115552447,109000.0,-250.79884447553195,-0.0023009068300507973,1.1048691492176859,0.0,0.00765561509922863,1.674144856281201,-0.34003969544669765
2025-01-27,0.0,3817.08,108301.36439663118,109000.0,-698.6356033688207,-0.00640950094833781,1.1003192213696713,0.0,-0.004118069412324732,1.674144856281201,-0.34275745779022715
2025-02-05,1000.0,3795.085,108677.30398660469,110000.0,-1322.6960133953107,-0.012024509212684609,1.0939788980665113,0.0,-0.005762258061135728,1.674144856281201,-0.34654465892719677
2025-02-06,0.0,3842.831,110044.57416794304,110000.0,44.57416794303572,0.0004052197085731013,1.1077422568495383,0.0,0.01258100938450668,1.674144856281201,-0.33832353114880387
2025-02-07,0.0,3892.703,111472.72518548807,110000.0,1472.7251854880742,0.013388410777164239,1.1221184607038321,0.0,0.012977932154705663,1.674144856281201,-0.3297363388276878
2025-02-10,0.0,3901.062,111712.09626255855,110000.0,1712.0962625585526,0.015564511477805132,1.124528042994858,0.0,0.0021473510822684894,1.674144856281201,-0.3282970474294641
2025-02-11,0.0,3883.135,111198.73278622856,110000.0,1198.7327862285601,0.010897570783896082,1.1193603696211027,0.0,-0.004595415299731176,1.674144856281201,-0.33138380145458135
2025-02-12,0.0,3919.862,112250.45925441464,110000.0,2250.4592544146435,0.020458720494678673,1.1299473691189503,0.0,0.009458079618658743,1.674144856281201,-0.32505997621441396
2025-02-13,0.0,3905.14,111828.87521366436,110000.0,1828.8752136643598,0.01662613830603954,1.1257035755445415,0.0,-0.003755744462432653,1.674144856281201,-0.3275948784712208
2025-02-14,0.0,3939.009,112798.75905255659,110000.0,2798.75905255659,0.025443264114150876,1.1354667221667158,0.0,0.008672928499362298,1.674144856281201,-0.32176315692959667
2025-02-17,0.0,3947.398,113038.9892195077,110000.0,3038.9892195076973,0.027627174722797188,1.1378849523185781,0.0,0.0021297234913655316,1.674144856281201,-0.3203186999922
2025-02-18,0.0,3912.783,112047.74267891735,110000.0,2047.7426789173478,0.018615842535612215,1.1279067622236072,0.0,-0.008769067623786708,1.674144856281201,-0.32627887127459165
2025-02-19,0.0,3940.16,112831.7194676431,110000.0,2831.7194676430954,0.02574290425130088,1.1357985117608025,0.0,0.006996810198776737,1.674144856281201,-0.3215649724099944
2025-02-20,0.0,3928.896,112509.15985379912,110000.0,2509.159853799123,0.022810544125446475,1.1325515282787932,0.0,-0.0028587671566636663,1.674144856281201,-0.32350446018479895
2025-02-21,0.0,3978.444,113928.03270063344,110000.0,3928.032700633441,0.03570938818757674,1.146834335236055,0.0,0.012611176269364366,1.674144856281201,-0.3149730556867506
2025-02-24,0.0,3969.717,113678.12345436068,110000.0,3678.1234543606843,0.033437485948733414,1.1443186725187702,0.0,-0.0021935711549542214,1.674144856281201,-0.31647571103216265
2025-02-25,0.0,3925.651,112416.23496504522,110000.0,2416.2349650452234,0.021965772409501927,1.1316161179983315,0.0,-0.011100539408728682,1.674144856281201,-0.32406319933867334
2025-02-26,0.0,3959.941,113398.17469859551,110000.0,3398.1746985955106,0.03089249725995913,1.1415006229342421,0.0,0.008734856970219695,1.674144856281201,-0.3181589880639888
2025-02-27,0.0,3968.116,113632.27669106485,110000.0,3632.2766910648497,0.03302069719149858,1.1438571650121387,0.0,0.0020644246972367775,1.674144856281201,-0.3167513786393591
2025-02-28,0.0,3890.049,111396.72436738243,110000.0,1396.7243673824269,0.012697494248931074,1.121353413281846,0.0,-0.019673568010612597,1.674144856281201,-0.330193316859855
2025-03-03,1000.0,3888.474,112351.62214864983,111000.0,1351.6221486498252,0.012176776113962395,1.1208994005879394,0.0,-0.0004048792187449912,1.674144856281201,-0.330464507666435
2025-03-04,0.0,3885.221,112257.63159429621,111000.0,1257.63159429621,0.011330014363028829,1.1199616842112545,0.0,-0.0008365749648835408,1.674144856281201,-0.3310246242974222
2025-03-05,0.0,3902.571,112758.93381318184,111000.0,1758.9338131818367,0.015846250569205633,1.1249630303949247,0.0,0.004465640435898033,1.674144856281201,-0.3280372208090647
2025-03-06,0.0,3956.237,114309.53236526923,111000.0,3309.5323652692314,0.029815606894317392,1.140432900382985,0.0,0.013751447443236753,1.674144856281201,-0.31879675996720924
2025-03-07,0.0,3944.014,113956.36711907678,111000.0,2956.367119076778,0.02663393800970071,1.1369094736162415,0.0,-0.0030895520162214085,1.674144856281201,-0.320901372810909
2025-03-10,0.0,3928.802,113516.8392024377,111000.0,2516.8392024376953,0.022674227048988138,1.1325244316481728,0.0,-0.0038569842804817567,1.674144856281201,-0.3235206455408741
2025-03-11,0.0,3941.416,113881.30180699236,111000.0,2881.3018069923564,0.025957673936868098,1.1361605688678165,0.0,0.0032106479277906885,1.674144856281201,-0.3213487085032867
2025-03-12,0.0,3927.232,113471.47640799098,111000.0,2471.47640799098,0.022265553225143897,1.1320718602644055,0.0,-0.0035987066577088944,1.674144856281201,-0.3237909754242586
2025-03-13,0.0,3911.579,113019.2064580073,111000.0,2019.2064580073056,0.018191049171236928,1.127559694742043,0.0,-0.00398575892638886,1.674144856281201,-0.32648618158006615
2025-03-14,0.0,4006.557,115763.45326753578,111000.0,4763.453267535777,0.04291399340122326,1.154938245625768,0.0,0.024281242945623838,1.674144856281201,-0.3101324289277769
2025-03-17,0.0,3996.788,115481.19266947852,111000.0,4481.192669478522,0.04037110513043718,1.1521222138754352,0.0,-0.0024382530936162272,1.674144856281201,-0.31181450066712935
2025-03-18,0.0,4007.723,115797.14308812487,111000.0,4797.143088124867,0.043217505298422276,1.1552743591502728,0.0,0.0027359469654131274,1.674144856281201,-0.3099316616385883
2025-03-19,0.0,4010.168,115867.78769476323,111000.0,4867.787694763232,0.04385394319606517,1.1559791598084326,0.0,0.000610072103286452,1.674144856281201,-0.30951067019599265
2025-03-20,0.0,3974.992,114851.42995115972,111000.0,3851.42995115972,0.03469756712756511,1.1458392547158227,0.0,-0.008771702332670328,1.674144856281201,-0.3155674370609184
2025-03-21,0.0,3914.696,113109.26749640882,111000.0,2109.267496408822,0.01900240987755697,1.1284582074829363,0.0,-0.015168835559920657,1.674144856281201,-0.3259494820599964
2025-03-24,0.0,3934.849,113691.55819480665,111000.0,2691.558194806654,0.024248272025285234,1.1342675521307466,0.0,0.005148037037869813,1.674144856281201,-0.322479445028246
2025-03-25,0.0,3932.295,113617.76419670672,111000.0,2617.7641967067175,0.02358346123159194,1.133531330911548,0.0,-0.0006490719211843521,1.674144856281201,-0.32291920459650336
2025-03-26,0.0,3919.357,113243.94009826623,111000.0,2243.9400982662337,0.02021567656095713,1.1298017967948721,0.0,-0.0032901905884478166,1.674144856281201,-0.32514692945715873
2025-03-27,0.0,3932.412,113621.14473616547,111000.0,2621.144736165472,0.023613916542031266,1.1335650575688097,0.0,0.0033309035129998055,1.674144856281201,-0.32289905899372884
2025-03-28,0.0,3915.166,113122.8474412432,111000.0,2122.847441243197,0.019124751722911615,1.1285936906360388,0.0,-0.0043856035430671625,1.674144856281201,-0.3258685552796201
2025-03-31,0.0,3887.306,112317.87454106144,111000.0,1317.8745410614356,0.011872743613166037,1.1205627105393787,0.0,-0.0071159179457525035,1.674144856281201,-0.3306656193249019
2025-04-01,1000.0,3887.684,113328.79628392823,112000.0,1328.7962839282263,0.011864252535073394,1.1206716735859164,0.0,9.723957928708948e-05,1.674144856281201,-0.3306005335313227
2025-04-02,0.0,3884.386,113232.65720211386,112000.0,1232.6572021138563,0.01100586787601654,1.119720985417977,0.0,-0.0008483199766237126,1.674144856281201,-0.3311683984710694
2025-04-03,0.0,3861.503,112565.60122601983,112000.0,565.6012260198331,0.005050010946605621,1.1131246854340622,0.0,-0.005891021129207918,1.674144856281201,-0.3351084995675583
2025-04-07,0.0,3589.441,104634.79744294536,112000.0,-7365.202557054639,-0.06576073711655928,1.0346995416057232,0.0,-0.07045494979545541,1.674144856281201,-0.381953396849951
2025-04-08,0.0,3650.759,106422.26142678199,112000.0,-5577.738573218012,-0.04980123726087515,1.0523751926311002,0.0,0.01708288282214432,1.674144856281201,-0.3713953791497143
2025-04-09,0.0,3686.794,107472.70770124548,112000.0,-4527.292298754517,-0.04042225266745103,1.0627627148056566,0.0,0.009870550206135142,1.674144856281201,-0.36519070567980305
2025-04-10,0.0,3735.115,108881.29974865358,112000.0,-3118.700251346425,-0.02784553795845024,1.076691824254713,0.0,0.013106509341178185,1.674144856281201,-0.35687057173392867
2025-04-11,0.0,3750.517,109330.2791719722,112000.0,-2669.720828027799,-0.023836793107391063,1.0811316360080783,0.0,0.004123567815180973,1.674144856281201,-0.3542185839225349
2025-04-14,0.0,3759.142,109581.70415094397,112000.0,-2418.295849056027,-0.021591927223714502,1.0836178959985194,0.0,0.002299682950377191,1.674144856281201,-0.3527334914103111
2025-04-15,0.0,3761.235,109642.71661250781,112000.0,-2357.2833874921926,-0.02104717310260884,1.0842212284228667,0.0,0.0005567759877123102,1.674144856281201,-0.35237310896067797
2025-04-16,0.0,3772.82,109980.42772919046,112000.0,-2019.5722708095418,-0.018031895275085197,1.0875607440158246,0.0,0.00308010533774139,1.674144856281201,-0.3503783499167229
2025-04-17,0.0,3772.222,109962.99559731508,112000.0,-2037.004402684921,-0.01818753930968675,1.087388363323154,0.0,-0.00015850212838142141,1.674144856281201,-0.35048131633090374
2025-04-18,0.0,3772.523,109971.76996469717,112000.0,-2028.2300353028259,-0.018109196743775202,1.087475130193545,0.0,7.979381913369998e-05,1.674144856281201,-0.35042948875453506
2025-04-21,0.0,3784.881,110332.01458964014,112000.0,-1667.9854103598627,-0.01489272687821308,1.091037472334052,0.0,0.0032757918241981265,1.674144856281201,-0.348301630984557
2025-04-22,0.0,3783.952,110304.93356871669,112000.0,-1695.0664312833105,-0.01513452170788665,1.090769676910154,0.0,-0.00024545025325750647,1.674144856281201,-0.3484615905142794
2025-04-23,0.0,3786.882,110390.3451847616,112000.0,-1609.6548152384057,-0.014371917993200034,1.0916142846518344,0.0,0.0007743227186813861,1.674144856281201,-0.347957089521721
2025-04-24,0.0,3784.357,110316.73961120754,112000.0,-1683.2603887924633,-0.01502911061421841,1.0908864230314443,0.0,-0.0006667754632967426,1.674144856281201,-0.3483918557354445
2025-04-25,0.0,3786.994,110393.61006564795,112000.0,-1606.389934352046,-0.014342767271000367,1.0916465699989566,0.0,0.0006968158659450552,1.674144856281201,-0.347937804842142
2025-04-28,0.0,3781.619,110236.92493382496,112000.0,-1763.0750661750353,-0.015741741662277153,1.0900971615991164,0.0,-0.0014193315331368916,1.674144856281201,-0.3488632972772959
2025-04-29,0.0,3775.077,110046.22090919502,112000.0,-1953.7790908049792,-0.01744445616790158,1.0882113514127434,0.0,-0.001729946882539024,1.674144856281201,-0.3499897291862778
2025-04-30,0.0,3770.571,109914.8677549635,112000.0,-2085.132245036497,-0.01861725218782584,1.0869124427151287,0.0,-0.001193618037459765,1.674144856281201,-0.3507655931700552
2025-05-06,1000.0,3808.542,112021.74982760548,113000.0,-978.250172394517,-0.008657081171632885,1.0978580401756555,0.0,0.010070358043914318,1.674144856281201,-0.3442275702388493
2025-05-07,0.0,3831.627,112700.75562425161,113000.0,-299.2443757483852,-0.0026481803163573847,1.1045125690892015,0.0,0.006061374667786001,1.674144856281201,-0.3402526878452625
2025-05-08,0.0,3852.896,113326.34688649407,113000.0,326.346886494066,0.002888025544195205,1.1106436141601228,0.0,0.005550905659658545,1.674144856281201,-0.3365904927562783
2025-05-09,0.0,3846.157,113128.13072606095,113000.0,128.13072606094647,0.0011339002306278712,1.108701016354258,0.0,-0.0017490739433402291,1.674144856281201,-0.3377508450391624
2025-05-12,0.0,3890.61,114435.63970064664,113000.0,1435.6397006466432,0.012704776111917226,1.121515128279485,0.0,0.011557770522627964,1.674144856281201,-0.3300967212773208
2025-05-13,0.0,3896.258,114601.76596183171,113000.0,1601.765961831712,0.014174920016209791,1.1231432322129358,0.0,0.0014517003760337044,1.674144856281201,-0.32912422243569295
2025-05-14,0.0,3943.211,115982.80816109209,113000.0,2982.8081610920926,0.02639653239904516,1.136677999207856,0.0,0.012050793350953493,1.674144856281201,-0.32103963707610517
2025-05-15,0.0,3907.199,114923.57676629805,113000.0,1923.5767662980506,0.017022803241575568,1.1262971070599408,0.0,-0.00913265863784607,1.674144856281201,-0.3272403502993171
2025-05-16,0.0,3889.085,114390.78443359508,113000.0,1390.7844335950795,0.012307826845974201,1.1210755286869722,0.0,-0.004636057697598894,1.674144856281201,-0.3303593028519459
2025-05-19,0.0,3877.145,114039.58975254872,113000.0,1039.5897525487235,0.009199909314590471,1.117633680074118,0.0,-0.0030701308919707238,1.674144856281201,-0.33241518744278087
2025-05-20,0.0,3898.171,114658.03358535278,113000.0,1658.0335853527795,0.014672863587192664,1.123694677472265,0.0,0.005423062588580052,1.674144856281201,-0.3287948332210977
2025-05-21,0.0,3916.381,115193.64959388327,113000.0,2193.649593883267,0.019412828264453674,1.1289439289999095,0.0,0.004671421546155852,1.674144856281201,-0.3256593509431156
2025-05-22,0.0,3913.865,115119.64575657065,113000.0,2119.6457565706514,0.018757927049297907,1.1282186617377703,0.0,-0.0006424298350952151,1.674144856281201,-0.3260925674950872
2025-05-23,0.0,3882.274,114190.45051629133,113000.0,1190.4505162913265,0.01053496032116219,1.1191121760151004,0.0,-0.008071560976170566,1.674144856281201,-0.3315320524288452
2025-05-26,0.0,3860.107,113538.44611974574,113000.0,538.4461197457422,0.004765009909254436,1.1127222716431455,0.0,-0.005709797917406112,1.674144856281201,-0.33534886932373964
2025-05-27,0.0,3839.397,112929.29688654057,113000.0,-70.703113459429,-0.0006256912695524752,1.1067523650458078,0.0,-0.005365136251404445,1.674144856281201,-0.3389148131994678
2025-05-28,0.0,3836.237,112836.35089055175,113000.0,-163.64910944824805,-0.001448222207506622,1.1058414570377157,0.0,-0.0008230459105947885,1.674144856281201,-0.33945891665901884
2025-05-29,0.0,3858.7,113497.06162089882,113000.0,497.0616208988213,0.004398775406184274,1.1123166869699221,0.0,0.005855477646453888,1.674144856281201,-0.33559113311095123
2025-05-30,0.0,3840.232,112953.85698358192,113000.0,-46.14301641807833,-0.0004083452780361263,1.1069930638390852,0.0,-0.004786067846684117,1.674144856281201,-0.33877103902582073
2025-06-03,1000.0,3852.013,114300.37495153895,114000.0,300.37495153895,0.002634867995955803,1.110389078789507,0.0,0.0030677834047525554,1.674144856281201,-0.3367425317926023
2025-06-04,0.0,3868.743,114796.80247474286,114000.0,796.8024747428572,0.006989495392481171,1.1152117025158934,0.0,0.004343183680844298,1.674144856281201,-0.3338618827804858
2025-06-05,0.0,3877.556,115058.30969303311,114000.0,1058.3096930331085,0.00928341835993951,1.1177521557675756,0.0,0.0022780008907286042,1.674144856281201,-0.3323444195561115
2025-06-06,0.0,3873.984,114952.31811425938,114000.0,952.3181142593821,0.008353667668941966,1.116722483803998,0.0,-0.0009211988169868235,1.674144856281201,-0.332959463086971
2025-06-09,0.0,3885.246,115286.49425091942,114000.0,1286.4942509194225,0.011285037288766953,1.1199688907619516,0.0,0.0029070847995242843,1.674144856281201,-0.33102031968144463
2025-06-10,0.0,3865.465,114699.53472692084,114000.0,699.5347269208432,0.00613626953439339,1.1142667795885117,0.0,-0.005091312107392998,1.674144856281201,-0.33442630402745044
2025-06-11,0.0,3894.625,115564.79632743643,114000.0,1564.7963274364301,0.01372628357400374,1.1226725003214122,0.0,0.007543723717586381,1.674144856281201,-0.32940539995134066
2025-06-12,0.0,3892.199,115492.8098856377,114000.0,1492.8098856377037,0.013094823558225555,1.121973176641782,0.0,-0.0006229097795038552,1.674144856281201,-0.3298231198857934
2025-06-13,0.0,3864.182,114661.46440341392,114000.0,661.4644034139201,0.005802319328192196,1.1138969394067453,0.0,-0.007198244488526906,1.674144856281201,-0.3346472169194137
2025-06-16,0.0,3873.795,114946.70993721901,114000.0,946.7099372190132,0.008304473133500023,1.1166680022807292,0.0,0.0024877192637406953,1.674144856281201,-0.33299200598376066
2025-06-17,0.0,3870.379,114845.34732997068,114000.0,845.347329970682,0.007415327455883247,1.1156832991935006,0.0,-0.0008818226054810863,1.674144856281201,-0.33358018871092077
2025-06-18,0.0,3874.971,114981.60526102582,114000.0,981.6052610258193,0.008610572465138855,1.1170069984255129,0.0,0.0011864471153857359,1.674144856281201,-0.3327895168481808
2025-06-19,0.0,3843.091,114035.6333877598,114000.0,35.63338775979355,0.00031257357684033593,1.1078172049767863,0.0,-0.00822715834518506,1.674144856281201,-0.3382787631426384
2025-06-20,0.0,3846.644,114141.06118154003,114000.0,141.06118154003343,0.0012373787854389473,1.108841399961834,0.0,0.0009245162292539355,1.674144856281201,-0.3376669911199217
2025-06-23,0.0,3857.902,114475.1186266225,114000.0,475.1186266224977,0.004167707251074626,1.1120866538716763,0.0,0.0029267070204574974,1.674144856281201,-0.33572853645295164
2025-06-24,0.0,3904.034,115843.98859078524,114000.0,1843.988590785244,0.016175338515659998,1.1253847577417093,0.0,0.011957794677003308,1.674144856281201,-0.3277853146820636
2025-06-25,0.0,3960.066,117506.620209444,114000.0,3506.620209443994,0.030759826398631507,1.1415366556877269,0.0,0.014352334021680901,1.674144856281201,-0.31813746498410145
2025-06-26,0.0,3946.02,117089.83473479236,114000.0,3089.8347347923554,0.027103813463090765,1.1374877272441632,0.0,-0.003546910581793239,1.674144856281201,-0.3205559704248776
2025-06-27,0.0,3921.758,116369.91097101632,114000.0,2369.9109710163175,0.020788692728213265,1.1304939139238055,0.0,-0.006148473651932829,1.674144856281201,-0.32473351413868334
2025-06-30,0.0,3936.079,116794.8564916262,114000.0,2794.8564916261967,0.024516285014264838,1.1346221144250355,0.0,0.003651678660437474,1.674144856281201,-0.32226765792215506
2025-07-01,1000.0,3942.762,117993.16044485821,115000.0,2993.1604448582075,0.026027482129201696,1.1365485695573392,0.0,0.0016978825882305593,1.674144856281201,-0.3211169479790603
2025-07-02,0.0,3943.685,118020.78262623528,115000.0,3020.7826262352755,0.026267675010741565,1.1368146354090698,0.0,0.000234099851829761,1.674144856281201,-0.32095802155717246
2025-07-03,0.0,3968.068,118750.48105366432,115000.0,3750.48105366432,0.032612878727515726,1.1438433284348006,0.0,0.006182796039744476,1.674144856281201,-0.3167596435020359
2025-07-04,0.0,3982.203,119173.49246619391,115000.0,4173.492466193915,0.0362912388364689,1.1479179121988454,0.0,0.0035621869383286597,1.674144856281201,-0.31432581362837986
2025-07-07,0.0,3965.175,118663.90362059405,115000.0,3663.90362059405,0.03186003148342653,1.1430093863881519,0.0,-0.004276025104696934,1.674144856281201,-0.3172577736629475
2025-07-08,0.0,3998.453,119659.79847635354,115000.0,4659.798476353535,0.040519986750900294,1.1526021701518507,0.0,0.008392567793350736,1.674144856281201,-0.3115278132430306
2025-07-09,0.0,3991.401,119448.75663120611,115000.0,4448.75663120611,0.038684840271357546,1.1505693463312603,0.0,-0.0017636821040538653,1.674144856281201,-0.3127420593179526
2025-07-10,0.0,4010.024,120006.07828211089,115000.0,5006.078282110888,0.04353111549661648,1.1559376500764182,0.0,0.0046657802611163035,1.674144856281201,-0.30953546478402283
2025-07-11,0.0,4014.807,120149.21684497816,115000.0,5149.21684497816,0.04477579865198411,1.1573164073557551,0.0,0.001192760941081783,1.674144856281201,-0.3087119056552151
2025-07-14,0.0,4017.668,120234.83662928997,115000.0,5234.836629289974,0.04552031851556504,1.158141125017512,0.0,0.0007126120882026132,1.674144856281201,-0.30821928540275456
2025-07-15,0.0,4019.064,120276.61405637814,115000.0,5276.614056378137,0.04588360049024476,1.1585435388084286,0.0,0.0003474652460084826,1.674144856281201,-0.3079789156465731
2025-07-16,0.0,4007.202,119921.62563222348,115000.0,4921.625632223484,0.0427967446280304,1.1551241746337488,0.0,-0.0029514334680910137,1.674144856281201,-0.3100213698355585
2025-07-17,0.0,4034.491,120738.2905375309,115000.0,5738.290537530906,0.04989817858722523,1.1629905571124908,0.0,0.006809988615497753,1.674144856281201,-0.305322623219202
2025-07-18,0.0,4058.549,121458.26284475675,115000.0,6458.262844756755,0.05615880734571088,1.1699255649791616,0.0,0.005963081836097839,1.674144856281201,-0.30118020517177235
2025-07-21,0.0,4085.607,122268.01472308899,115000.0,7268.014723088985,0.06320012802686081,1.177725358929464,0.0,0.006666914702766924,1.674144856281201,-0.2965212332070474
2025-07-22,0.0,4118.958,123266.09421507872,115000.0,8266.094215078716,0.07187908013111932,1.187339185821198,0.0,0.008163046519158446,1.674144856281201,-0.2907787033084763
2025-07-23,0.0,4119.769,123290.36462580117,115000.0,8290.364625801172,0.07209012718087981,1.1875729663258066,0.0,0.0001968944572876552,1.674144856281201,-0.29063906156616737
2025-07-24,0.0,4149.037,124166.25412151511,115000.0,9166.254121515114,0.0797065575783924,1.1960098193577178,0.0,0.007104281817742697,1.674144856281201,-0.285599561549035
2025-07-25,0.0,4127.163,123511.6413420547,115000.0,8511.641342054703,0.07401427253960602,1.1897043757599308,0.0,-0.005272066747054938,1.674144856281201,-0.2893659283446738
2025-07-28,0.0,4135.824,123770.83496383885,115000.0,8770.834963838846,0.07626813012033784,1.1922010131833756,0.0,0.0020985359676852777,1.674144856281201,-0.2878746371854424
2025-07-29,0.0,4152.025,124255.67457433706,115000.0,9255.674574337056,0.0804841267333658,1.1968711462970147,0.0,0.003917236323402573,1.674144856281201,-0.285085073847409
2025-07-30,0.0,4151.238,124232.1224001835,115000.0,9232.122400183507,0.08027932521898706,1.1966442840810756,0.0,-0.0001895460648717595,1.674144856281201,-0.2852205831583794
2025-07-31,0.0,4075.591,121968.27066168845,115000.0,6968.270661688453,0.06059365792772575,1.1748381264582455,0.0,-0.018222756681260055,1.674144856281201,-0.29824583455225717
2025-08-01,1000.0,4054.929,122349.92882895505,116000.0,6349.928828955046,0.05474076576685394,1.168882056438246,0.0,-0.00506969418668346,1.674144856281201,-0.30180351356530855
2025-08-04,0.0,4070.702,122825.84972113815,116000.0,6825.849721138147,0.05884353207877724,1.1734288134039539,0.0,0.0038898338293962276,1.674144856281201,-0.2990876452528092
2025-08-05,0.0,4103.45,123813.95961635224,116000.0,7813.9596163522365,0.06736172083062275,1.1828688182928777,0.0,0.008044804065735933,1.674144856281201,-0.2934489426916145
2025-08-06,0.0,4113.485,124116.74704759913,116000.0,8116.747047599129,0.0699719573068891,1.1857615277426259,0.0,0.00244550317415837,1.674144856281201,-0.29172106983826185
2025-08-07,0.0,4114.666,124152.38152256703,116000.0,8152.381522567026,0.07027915105661231,1.186101965197549,0.0,0.00028710448682822687,1.674144856281201,-0.2915177197794865
2025-08-08,0.0,4104.967,123859.73226540071,116000.0,7859.732265400715,0.06775631263276471,1.1833061117891674,0.0,-0.0023571779580653374,1.674144856281201,-0.2931877385941022
2025-08-11,0.0,4122.511,124389.08978346708,116000.0,8389.089783467076,0.07231973951264714,1.188363380806246,0.0,0.004273846781228885,1.674144856281201,-0.29016693128575954
2025-08-12,0.0,4143.825,125032.20002856884,116000.0,9032.200028568841,0.07786379334973148,1.1945073976684215,0.0,0.005170149940169955,1.674144856281201,-0.2864969878880159
2025-08-13,0.0,4176.578,126020.46078946868,116000.0,10020.460789468678,0.08638328266783346,1.203948843867485,0.0,0.007904050002111696,1.674144856281201,-0.2808574244036255
2025-08-14,0.0,4173.313,125921.94549669127,116000.0,9921.945496691274,0.08553401290251106,1.2030076683464657,0.0,-0.0007817404583371212,1.674144856281201,-0.2814196072502819
2025-08-15,0.0,4202.353,126798.1733993729,116000.0,10798.1733993729,0.09308770171873193,1.2113787976360209,0.0,0.006958500356910591,1.674144856281201,-0.276419365330864
2025-08-18,0.0,4239.413,127916.38986195486,116000.0,11916.389861954856,0.10272749880995558,1.2220617883891514,0.0,0.008818868857518591,1.674144856281201,-0.27003820260587685
2025-08-19,0.0,4223.374,127432.44291529128,116000.0,11432.442915291278,0.09855554237320074,1.2174383537240283,0.0,-0.003783306792709218,1.674144856281201,-0.2727998720323763
2025-08-20,0.0,4271.396,128881.41730725327,116000.0,12881.417307253272,0.11104670092459723,1.2312812728267493,0.0,0.011370529818102826,1.674144856281201,-0.2645312212935923
2025-08-21,0.0,4288.071,129384.55436914088,116000.0,13384.554369140882,0.11538408938914557,1.2360880421416025,0.0,0.003903875922532274,1.674144856281201,-0.2616600424366261
2025-08-22,0.0,4377.998,132097.93407315086,116000.0,16097.934073150856,0.13877529373405917,1.2620105815225193,0.0,0.020971434474848838,1.674144856281201,-0.24617599439642313
2025-08-25,0.0,4469.222,134850.4483360375,116000.0,18850.448336037487,0.16250386496584035,1.288306996753593,0.0,0.020836921350809057,1.674144856281201,-0.23046862287930958
2025-08-26,0.0,4452.591,134348.63889218424,116000.0,18348.638892184244,0.15817792148434684,1.2835129109679668,0.0,-0.003721229332532383,1.674144856281201,-0.23333222561215505
2025-08-27,0.0,4386.127,132343.211505,116000.0,16343.211505000014,0.14088975435344842,1.2643538635471336,0.0,-0.014927039110486429,1.674144856281201,-0.24477630546519202
2025-08-28,0.0,4463.782,134686.3064699704,116000.0,18686.306469970412,0.16108884887905517,1.2867388513219409,0.0,0.01770468570563488,1.674144856281201,-0.23140530731600484
2025-08-29,0.0,4496.759,135681.32601359065,116000.0,19681.326013590646,0.1696666035654366,1.2962448682152488,0.0,0.007387681566886517,1.674144856281201,-0.2257271744724565
2025-09-01,1000.0,4523.711,137494.55240591415,117000.0,20494.552405914146,0.17516711458046275,1.3040141063905963,0.0,0.0059936500933228665,1.674144856281201,-0.2210864540794759
2025-09-02,0.0,4490.453,136483.70228221797,117000.0,19483.70228221797,0.16652736993348705,1.294427087867455,0.0,-0.007351928538317232,1.674144856281201,-0.2268129708066109
2025-09-03,0.0,4459.83,135552.9408612681,117000.0,18552.940861268115,0.1585721441134027,1.28559963978777,0.0,-0.006819579227307471,1.674144856281201,-0.23208578100972177
2025-09-04,0.0,4365.209,132677.01177490517,117000.0,15677.011774905171,0.13399155363166804,1.2583239984479972,0.0,-0.02121627954428762,1.674144856281201,-0.2483780637458528
2025-09-05,0.0,4460.325,135567.9859875905,117000.0,18567.98598759051,0.15870073493667092,1.2857423294915693,0.0,0.02178956379866359,1.674144856281201,-0.23200054961336802
2025-09-08,0.0,4467.573,135788.28310998363,117000.0,18788.283109983633,0.16058361632464635,1.2878316526696236,0.0,0.0016249936944057186,1.674144856281201,-0.2307525553491827
2025-09-09,0.0,4436.258,134836.48890637705,117000.0,17836.488906377053,0.1524486231314277,1.2788047272666476,0.0,-0.007009398615310913,1.674144856281201,-0.2361445173225496
2025-09-10,0.0,4445.365,135113.2888365142,117000.0,18113.2888365142,0.15481443450012145,1.2814299295545257,0.0,0.0020528562585855337,1.674144856281201,-0.23457643181428023
2025-09-11,0.0,4548.035,138233.86079513739,117000.0,21233.860795137385,0.1814859897020289,1.3110257919566823,0.0,0.023095966247990818,1.674144856281201,-0.21689823491804616
2025-09-12,0.0,4521.998,137442.48715058033,117000.0,20442.48715058033,0.1747221123981224,1.3035203135368425,0.0,-0.0057248899799583475,1.674144856281201,-0.2213814063662516
2025-09-15,0.0,4533.056,137778.58615436387,117000.0,20778.586154363875,0.17759475345610154,1.306707915041109,0.0,0.002445379232808076,1.674144856281201,-0.21947738862710142
2025-09-16,0.0,4523.337,137483.18497713725,117000.0,20483.18497713725,0.1750699570695491,1.3039062963921704,0.0,-0.0021440282229028274,1.674144856281201,-0.22115085113449873
2025-09-17,0.0,4551.023,138324.6786485743,117000.0,21324.678648574307,0.18226221067157522,1.3118871188959795,0.0,0.0061207024813758615,1.674144856281201,-0.21638374721642017
2025-09-18,0.0,4498.109,136716.40023600406,117000.0,19716.40023600406,0.16851624133336807,1.2966340219528831,0.0,-0.011626836427765741,1.674144856281201,-0.2254947252096735
2025-09-19,0.0,4501.92,136832.23251158907,117000.0,19832.23251158907,0.1695062607828126,1.2977325885411233,0.0,0.0008472449200318533,1.674144856281201,-0.22483852955006944
2025-09-22,0.0,4522.608,137461.02760928066,117000.0,20461.02760928066,0.17488057785709965,1.3036961533738478,0.0,0.004595372641006623,1.674144856281201,-0.2212763737364014
2025-09-23,0.0,4519.778,137375.01203858908,117000.0,20375.012038589077,0.1741454020392228,1.302880371834955,0.0,-0.0006257451452791329,1.674144856281201,-0.22176365626505
2025-09-24,0.0,4566.071,138782.05048877455,117000.0,21782.05048877455,0.18617137169892772,1.3162248858914762,0.0,0.010242317211154983,1.674144856281201,-0.2137927127672672
2025-09-25,0.0,4593.488,139615.36812186672,117000.0,22615.36812186672,0.19329374463133941,1.3241281659097868,0.0,0.006004505843207442,1.674144856281201,-0.20907192651710593
2025-09-26,0.0,4550.049,138295.07470304298,117000.0,21295.074703042977,0.1820091854960939,1.3116063516808272,0.0,-0.009456648194139161,1.674144856281201,-0.21655145505490192
2025-09-29,0.0,4620.053,140422.78990116762,117000.0,23422.78990116762,0.2001947854800652,1.3317858466803456,0.0,0.015385328817337784,1.674144856281201,-0.20449784157945672
2025-09-30,0.0,4640.694,141050.15647171348,117000.0,24050.156471713475,0.20555689292062795,1.33773586319776,0.0,0.004467697664940484,1.674144856281201,-0.20094377844382616
2025-10-09,1000.0,4709.482,144140.91232921585,118000.0,26140.912329215847,0.22153315533233764,1.3575648315713797,0.0,0.014822782971684711,1.674144856281201,-0.18909954148952457
2025-10-10,0.0,4616.834,141305.27833688352,118000.0,23305.278336883523,0.1975023587871485,1.3308579312126088,0.0,-0.01967265189674794,1.674144856281201,-0.20505210393271445
2025-10-13,0.0,4593.979,140605.76604417615,118000.0,22605.766044176155,0.19157428850996738,1.3242697025654746,0.0,-0.004950362087958737,1.674144856281201,-0.2089873838593086
2025-10-14,0.0,4539.064,138925.0083301518,118000.0,20925.008330151788,0.1773305790690829,1.3084397933045957,0.0,-0.01195368981878242,1.674144856281201,-0.21844290331539795
2025-10-15,0.0,4606.288,140982.50184863622,118000.0,22982.501848636224,0.19476696481895095,1.3278179198666153,0.0,0.014810101818348187,1.674144856281201,-0.20686796313664635
2025-10-16,0.0,4618.422,141353.88150996686,118000.0,23353.881509966857,0.19791425008446484,1.3313156913128779,0.0,0.002634225215618402,1.674144856281201,-0.20477867472582623
2025-10-17,0.0,4514.235,138165.07874294405,118000.0,20165.078742944053,0.17089049782155974,1.3012825354144315,0.0,-0.02255900391952048,1.674144856281201,-0.22271807571957258
2025-10-20,0.0,4538.22,138899.1764170017,118000.0,20899.176417001698,0.1771116645508619,1.3081965001530673,0.0,0.005313192600739702,1.674144856281201,-0.21858822715079707
2025-10-21,0.0,4607.872,141030.98259559087,118000.0,23030.982595590875,0.19517781860670236,1.328274526918773,0.0,0.01534786766617735,1.674144856281201,-0.20659522266831443
2025-10-22,0.0,4592.57,140562.64144035094,118000.0,22562.64144035094,0.19120882576568587,1.3238635413681954,0.0,-0.0033208387732992506,1.674144856281201,-0.20922999201579828
2025-10-23,0.0,4606.345,140984.24642096984,118000.0,22984.246420969837,0.19478174933025283,1.3278343508022046,0.0,0.0029994099164520893,1.674144856281201,-0.20685814861221763
2025-10-24,0.0,4660.684,142647.37477246523,118000.0,24647.374772465235,0.20887605739377313,1.3434982211350261,0.0,0.01179655453510331,1.674144856281201,-0.19750180750824886
2025-10-27,0.0,4716.019,144340.9872300003,118000.0,26340.98723000029,0.22322870533898542,1.3594492004476135,0.0,0.011872720828101757,1.674144856281201,-0.1879739705037381
2025-10-28,0.0,4691.973,143605.0225574804,118000.0,25605.022557480406,0.2169917165888171,1.352517651725277,0.0,-0.0050987920108042095,1.674144856281201,-0.19211432233549874
2025-10-29,0.0,4747.838,145314.85647706466,118000.0,27314.856477064663,0.23148183455139537,1.3686214099126393,0.0,0.011906505003332235,1.674144856281201,-0.18249522747226588
2025-10-30,0.0,4709.911,144154.04253151608,118000.0,26154.042531516083,0.22164442823318709,1.3576884959813391,0.0,-0.007988267501966129,1.674144856281201,-0.18902567427935135
2025-10-31,0.0,4640.668,142034.75442458372,118000.0,24034.75442458372,0.20368435953037056,1.337728368385035,0.0,-0.014701551685371683,1.674144856281201,-0.20094825524444293
2025-11-03,1000.0,4653.403,143424.52861174755,119000.0,24424.528611747548,0.20524813959451715,1.3413993853100519,0.0,0.0027442169963463048,1.674144856281201,-0.19875548386552444
2025-11-04,0.0,4618.699,142354.90175137413,119000.0,23354.901751374127,0.19625967858297577,1.3313955398945998,0.0,-0.007457768003330201,1.674144856281201,-0.204730979580796
2025-11-05,0.0,4627.257,142618.67153788506,119000.0,23618.671537885064,0.19847623141079884,1.3338624863291733,0.0,0.0018529027329989844,1.674144856281201,-0.20325742343939168
2025-11-06,0.0,4693.403,144657.3857583282,119000.0,25657.385758328193,0.2156082836834301,1.3529298664251417,0.0,0.014294861945208792,1.674144856281201,-0.1918680983015879
2025-11-07,0.0,4678.794,144207.1155069683,119000.0,25207.115506968286,0.21182450005855702,1.3487186464598828,0.0,-0.0031126668645331534,1.674144856281201,-0.19438354369417676
2025-11-10,0.0,4695.051,144708.17947276734,119000.0,25708.17947276734,0.2160351216198937,1.3534049222470834,0.0,0.003474613329845333,1.674144856281201,-0.19158433801635366
2025-11-11,0.0,4652.166,143386.40250448952,119000.0,24386.402504489524,0.2049277521385675,1.3410428051815677,0.0,-0.009134086083410042,1.674144856281201,-0.1989684762640892
2025-11-12,0.0,4645.908,143193.52200390698,119000.0,24193.522003906983,0.2033069075958569,1.339238861411112,0.0,-0.001345179858156409,1.674144856281201,-0.20004600773556713
2025-11-13,0.0,4702.074,144924.6383662782,119000.0,25924.638366278203,0.21785410391830418,1.3554293864688651,0.0,0.012089348303926828,1.674144856281201,-0.1903750852959657
2025-11-14,0.0,4628.14,142645.88685939586,119000.0,23645.88685939586,0.19870493159156188,1.334117021699789,0.0,-0.015723699797153268,1.674144856281201,-0.2031053844030677
2025-11-17,0.0,4598.053,141718.56253516654,119000.0,22718.562535166537,0.19091229021148348,1.3254440820670463,0.0,-0.006500883724347206,1.674144856281201,-0.20828590363962174
2025-11-18,0.0,4568.193,140798.23467524408,119000.0,21798.23467524408,0.18317844264910987,1.3168365779146318,0.0,-0.006494053026356972,1.674144856281201,-0.21342733696310034
2025-11-19,0.0,4588.292,141417.71456997222,119000.0,22417.714569972217,0.18838415605018666,1.3226303564129367,0.0,0.004399770324940322,1.674144856281201,-0.20996659790186123
2025-11-20,0.0,4564.948,140698.21913922773,119000.0,21698.21913922773,0.18233797595989687,1.3159011676341703,0.0,-0.005087731992645672,1.674144856281201,-0.21398607611697462
2025-11-21,0.0,4453.608,137266.56127172045,119000.0,18266.56127172045,0.1535005148884072,1.2838060734503178,0.0,-0.02439020115891799,1.674144856281201,-0.23315711383419202
2025-11-24,0.0,4448.048,137095.19412834573,119000.0,18095.194128345727,0.15206045486004816,1.2822033365753203,0.0,-0.0012484259952829646,1.674144856281201,-0.23411446042757933
2025-11-25,0.0,4490.405,138400.69738228866,119000.0,19400.697382288665,0.16303107043940046,1.2944132512901168,0.0,0.009522604072617957,1.674144856281201,-0.2268212356692878
2025-11-26,0.0,4517.626,139239.68749196548,119000.0,20239.68749196548,0.17008140749550815,1.3022600319509634,0.0,0.006062036720518638,1.674144856281201,-0.2221341976083897
2025-11-27,0.0,4515.403,139171.17145604425,119000.0,20171.17145604425,0.16950564248776678,1.3016192254629921,0.0,-0.0004920726062760394,1.674144856281201,-0.22251696406110555
2025-11-28,0.0,4526.662,139518.18992137804,119000.0,20518.18992137804,0.17242176404519372,1.3048647676348621,0.0,0.0024934651458574653,1.674144856281201,-0.2205783372094965
2025-12-01,1000.0,4576.486,142053.8367831589,120000.0,22053.836783158913,0.18378197319299083,1.3192271349118179,0.0,0.01100678601583227,1.674144856281201,-0.21199940975105713
2025-12-02,0.0,4554.335,141366.27114030896,120000.0,21366.271140308963,0.17805225950257464,1.312841842732309,0.0,-0.004840176502233451,1.674144856281201,-0.21581347169172616
2025-12-03,0.0,4531.049,140643.47516904792,120000.0,20643.475169047917,0.1720289597420659,1.3061293731511594,0.0,-0.005112930866965293,1.674144856281201,-0.21982296319777184
2025-12-04,0.0,4546.566,141125.12187033013,120000.0,21125.121870330127,0.176042682252751,1.3106023350377307,0.0,0.0034245932895451414,1.674144856281201,-0.21715117415288177
2025-12-05,0.0,4584.537,142303.73931535092,120000.0,22303.73931535092,0.18586449429459106,1.3215479324982575,0.0,0.008351577872178773,1.674144856281201,-0.2106131512216759
2025-12-08,0.0,4621.755,143458.98368786633,120000.0,23458.983687866334,0.19549153073221937,1.332276468651793,0.0,0.008118158932952424,1.674144856281201,-0.20420478332371106
2025-12-09,0.0,4598.223,142728.55189212144,120000.0,22728.55189212144,0.18940459910101204,1.3254930866117856,0.0,-0.005091572357253993,1.674144856281201,-0.2082566322509749
2025-12-10,0.0,4591.827,142530.02045554214,120000.0,22530.020455542137,0.18775017046285125,1.3236493626814827,0.0,-0.0013909721211867732,1.674144856281201,-0.2093579252026484
2025-12-11,0.0,4552.185,141299.53527591788,120000.0,21299.53527591788,0.17749612729931563,1.3122220793723731,0.0,-0.008633164968976259,1.674144856281201,-0.21618366866578764
2025-12-12,0.0,4580.95,142192.39906159698,120000.0,22192.39906159698,0.18493665884664146,1.3205139366042618,0.0,0.006318943540299715,1.674144856281201,-0.21123077752212194
2025-12-15,0.0,4552.06,141295.6552838021,120000.0,21295.6552838021,0.1774637940316841,1.3121860466188884,0.0,-0.00630655213438247,1.674144856281201,-0.21620519174567498
2025-12-16,0.0,4497.555,139603.82352164527,120000.0,19603.823521645274,0.16336519601371058,1.2964743247894392,0.0,-0.011973699819422312,1.674144856281201,-0.22559011549973396
2025-12-17,0.0,4579.875,142159.03112940144,120000.0,22159.03112940144,0.18465859274501195,1.3202040549242937,0.0,0.01830327811444188,1.674144856281201,-0.21141587600915268
2025-12-18,0.0,4552.793,141318.40755756892,120000.0,21318.40755756892,0.17765339631307442,1.3123973426853222,0.0,-0.005913261824831539,1.674144856281201,-0.216078980405216
2025-12-19,0.0,4568.178,141795.9569871769,120000.0,21795.956987176905,0.1816329748931409,1.3168322539842137,0.0,0.003379244345174559,1.674144856281201,-0.21342991973268688
2025-12-22,0.0,4611.624,143144.51808686805,120000.0,23144.518086868047,0.1928709840572338,1.3293560860473683,0.0,0.009510575113316433,1.674144856281201,-0.20594918590241718
2025-12-23,0.0,4620.734,143427.2919122648,120000.0,23427.2919122648,0.19522743260220676,1.3319821531213303,0.0,0.0019754429242282434,1.674144856281201,-0.2043805838402305
2025-12-24,0.0,4634.059,143840.899071805,120000.0,23840.899071805004,0.19867415893170848,1.3358232446427944,0.0,0.002883740981411087,1.674144856281201,-0.2020862235242442
2025-12-25,0.0,4642.536,144104.02461712752,120000.0,24104.02461712752,0.200866871809396,1.3382668418531098,0.0,0.0018292818455698523,1.674144856281201,-0.20062661433860696
2025-12-26,0.0,4657.24,144560.43584968883,120000.0,24560.43584968883,0.20467029874740694,1.3425054467110167,0.0,0.0031672344597866164,1.674144856281201,-0.19809481140530394
2025-12-29,0.0,4639.372,144005.81425669335,120000.0,24005.814256693353,0.20004845213911127,1.3373547807969064,0.0,-0.003836607089177102,1.674144856281201,-0.20117140653671428
2025-12-30,0.0,4651.282,144375.49990548316,120000.0,24375.499905483157,0.2031291658790264,1.3407879815489243,0.0,0.002567157796356856,1.674144856281201,-0.19912068748505218
2025-12-31,0.0,4629.94,143713.0455716064,120000.0,23713.045571606403,0.19760871309672012,1.334635893349968,0.0,-0.004588412398990327,1.674144856281201,-0.20279545205269056
