date,cashflow,cash,equity_value,market_value,cumulative_contribution,profit,investment_return,daily_return,time_weighted_nav,cash_weight,running_peak,drawdown
2016-01-04,1000.0,6.073150871088728e-10,999.9999999993927,1000.0,1000.0,0.0,0.0,0.0,1.0,6.073150871088728e-13,1.0,0.0
2016-01-05,0.0,6.073150871088728e-10,980.8449532554711,980.8449532560784,1000.0,-19.155046743921616,-0.019155046743921655,-0.019155046743921655,0.9808449532560783,6.191754212455181e-13,1.0,-0.019155046743921655
2016-01-06,0.0,6.073150871088728e-10,1003.0983692636094,1003.0983692642167,1000.0,3.0983692642166716,0.0030983692642165828,0.022688005820149515,1.0030983692642166,6.054392128603946e-13,1.0030983692642166,0.0
2016-01-07,0.0,6.073150871088728e-10,918.8062629248941,918.8062629255014,1000.0,-81.19373707449859,-0.08119373707449862,-0.08403174496290367,0.9188062629255014,6.60982746433581e-13,1.0030983692642166,-0.08403174496290367
2016-01-08,0.0,6.073150871088728e-10,921.9522326719135,921.9522326725208,1000.0,-78.04776732747916,-0.0780477673274792,0.003423975079362762,0.9219522326725207,6.587272806405712e-13,1.0030983692642166,-0.08089549248416927
2016-01-11,0.0,6.073150871088728e-10,855.1930220546758,855.1930220552831,1000.0,-144.8069779447169,-0.14480697794471686,-0.07241070442849151,0.8551930220552829,7.101497222806076e-13,1.0030983692642166,-0.14744849731679244
2016-01-12,0.0,6.073150871088728e-10,855.0981101871743,855.0981101877816,1000.0,-144.90188981221843,-0.1449018898122184,-0.00011098297700495863,0.8550981101877814,7.102285455589476e-13,1.0030983692642166,-0.1475431160206102
2016-01-13,0.0,6.073150871088728e-10,820.264167282641,820.2641672832483,1000.0,-179.7358327167517,-0.17973583271675175,-0.04073677919470975,0.8202641672832481,7.403896346226212e-13,1.0030983692642166,-0.18226946387628895
2016-01-14,0.0,6.073150871088728e-10,853.95692155796,853.9569215585673,1000.0,-146.04307844143273,-0.14604307844143272,0.041075492041680706,0.8539569215585671,7.11177662217966e-13,1.0030983692642166,-0.14868077974750016
2016-01-15,0.0,6.073150871088728e-10,824.0380650024468,824.0380650030542,1000.0,-175.96193499694584,-0.1759619349969458,-0.03503555718116069,0.8240380650030539,7.36998826755196e-13,1.0030983692642166,-0.17850722296807775
2016-01-18,0.0,6.073150871088728e-10,844.7979477633354,844.7979477639427,1000.0,-155.20205223605728,-0.15520205223605732,0.025192868682360814,0.8447979477639426,7.188879763691987e-13,1.0030983692642166,-0.1578114633128046
2016-01-19,0.0,6.073150871088728e-10,875.9952736264042,875.9952736270116,1000.0,-124.00472637298844,-0.12400472637298843,0.03692874248291389,0.8759952736270114,6.932858034659448e-13,1.0030983692642166,-0.12671049971942105
2016-01-20,0.0,6.073150871088728e-10,867.6215862054025,867.6215862060099,1000.0,-132.37841379399015,-0.13237841379399018,-0.0095590554802093,0.8676215862060096,6.999769216952962e-13,1.0030983692642166,-0.1350583225028874
2016-01-21,0.0,6.073150871088728e-10,831.0898258345385,831.0898258351458,1000.0,-168.9101741648542,-0.1689101741648542,-0.04210563793209943,0.8310898258351456,7.307454239360876e-13,1.0030983692642166,-0.17147724360796357
2016-01-22,0.0,6.073150871088728e-10,846.0444444755282,846.0444444761355,1000.0,-153.95555552386452,-0.15395555552386453,0.0179939859400422,0.8460444444761352,7.178288222020274e-13,1.0030983692642166,-0.15656881677844026
2016-01-25,0.0,6.073150871088728e-10,855.7328128283423,855.7328128289496,1000.0,-144.2671871710504,-0.14426718717105036,0.011451370452308929,0.8557328128289494,7.097017643873703e-13,1.0030983692642166,-0.14691037384834094
2016-01-26,0.0,6.073150871088728e-10,791.5455526302195,791.5455526308268,1000.0,-208.45444736917318,-0.20845444736917318,-0.0750085298072507,0.7915455526308267,7.672522258388858e-13,1.0030983692642166,-0.21089937249979396
2016-01-27,0.0,6.073150871088728e-10,783.4627524922078,783.4627524928151,1000.0,-216.53724750718493,-0.21653724750718495,-0.01021141501098366,0.7834627524928149,7.751677858028641e-13,1.0030983692642166,-0.21895720649262618
2016-01-28,0.0,6.073150871088728e-10,745.6244981262525,745.6244981268599,1000.0,-254.37550187314014,-0.2543755018731402,-0.04829617521134444,0.7456244981268597,8.145052752887752e-13,1.0030983692642166,-0.2566785860954163
2016-01-29,0.0,6.073150871088728e-10,775.958128519989,775.9581285205963,1000.0,-224.04187147940365,-0.2240418714794037,0.04068218046743355,0.7759581285205962,7.826647660315769e-13,1.0030983692642166,-0.22643865018964215
2016-02-01,1000.0,0.0,1767.4193296178294,1767.4193296178294,2000.0,-232.58067038217064,-0.11629033519108534,-0.011004200599131098,0.7674193296178292,0.0,1.0030983692642166,-0.2349510744586899
2016-02-02,0.0,0.0,1817.8379699499449,1817.8379699499449,2000.0,-182.16203005005514,-0.09108101502502752,0.028526699627652974,0.7893112703222919,0.0,1.0030983692642166,-0.21312675355931432
2016-02-03,0.0,0.0,1820.7792559607035,1820.7792559607035,2000.0,-179.2207440392965,-0.08961037201964828,0.0016180132989738194,0.7905883864547033,0.0,1.0030983692642166,-0.21185358218196648
2016-02-04,0.0,0.0,1848.6691591787212,1848.6691591787212,2000.0,-151.3308408212788,-0.0756654204106394,0.015317564238890746,0.8026982748507442,0.0,1.0030983692642166,-0.19978109879738715
2016-02-05,0.0,0.0,1831.7577041906043,1831.7577041906043,2000.0,-168.24229580939573,-0.08412114790469782,-0.009147907782282694,0.7953552650554122,0.0,1.0030983692642166,-0.20710142751122818
2016-02-15,0.0,0.0,1827.1378579231553,1827.1378579231553,2000.0,-172.86214207684475,-0.0864310710384224,-0.0025220837105693894,0.7933493124973003,0.0,1.0030983692642166,-0.20910118408503586
2016-02-16,0.0,0.0,1896.0003727582966,1896.0003727582966,2000.0,-103.99962724170337,-0.05199981362085171,0.03768873516386728,0.8232496446284473,0.0,1.0030983692642166,-0.17929320807060056
2016-02-17,0.0,0.0,1918.5479044687381,1918.5479044687381,2000.0,-81.45209553126188,-0.040726047765630935,0.011892155737100119,0.8330398576128811,0.0,1.0030983692642166,-0.16953323508648033
2016-02-18,0.0,0.0,1909.8621774946555,1909.8621774946555,2000.0,-90.1378225053445,-0.045068911252672206,-0.0045272400829041715,0.8292684861788393,0.0,1.0030983692642166,-0.1732929575121166
2016-02-19,0.0,0.0,1917.985848300914,1917.985848300914,2000.0,-82.01415169908591,-0.041007075849542995,0.004253537717006983,0.8327958109623262,0.0,1.0030983692642166,-0.16977652792597908
2016-02-22,0.0,0.0,1952.9409748875676,1952.9409748875676,2000.0,-47.05902511243244,-0.02352951255621627,0.018224913712277413,0.8479734427570608,0.0,1.0030983692642166,-0.1546457767855226
2016-02-23,0.0,0.0,1940.2932477810136,1940.2932477810136,2000.0,-59.70675221898637,-0.029853376109493235,-0.006476246476052383,0.8424817577366194,0.0,1.0030983692642166,-0.16012049909463133
2016-02-24,0.0,0.0,1949.3305403656616,1949.3305403656616,2000.0,-50.66945963433841,-0.02533472981716922,0.004657694188743511,0.8464057801237517,0.0,1.0030983692642166,-0.15620859722401959
2016-02-25,0.0,0.0,1817.2301423093154,1817.2301423093154,2000.0,-182.7698576906846,-0.09138492884534233,-0.06776705916256065,0.7890473495465721,0.0,1.0030983692642166,-0.21338985913679953
2016-02-26,0.0,0.0,1825.4631435826818,1825.4631435826818,2000.0,-174.53685641731818,-0.0872684282086591,0.004530522074052801,0.7926221459811656,0.0,1.0030983692642166,-0.2098261045299451
2016-02-29,0.0,0.0,1740.4693190638222,1740.4693190638222,2000.0,-259.53068093617776,-0.12976534046808885,-0.04656014273290088,0.7557175457310243,0.0,1.0030983692642166,-0.24661671388684314
2016-03-01,1000.0,0.0,2773.621677744599,2773.621677744599,3000.0,-226.37832225540114,-0.07545944075180033,0.019047942022102804,0.7701124097271947,0.0,1.0030983692642166,-0.2322663127325384
2016-03-02,0.0,0.0,2891.6980101482304,2891.6980101482304,3000.0,-108.30198985176958,-0.03610066328392314,0.04257117448679826,0.8028969994961398,0.0,1.0030983692642166,-0.1995829879724823
2016-03-03,0.0,0.0,2901.6138871784174,2901.6138871784174,3000.0,-98.38611282158263,-0.032795370940527535,0.003429084570860441,0.8056502012091021,0.0,1.0030983692642166,-0.19683829034628453
2016-03-04,0.0,0.0,2893.9315994723174,2893.9315994723174,3000.0,-106.06840052768257,-0.035356133509227505,-0.0026475913077360635,0.8035171687393051,0.0,1.0030983692642166,-0.1989647343074702
2016-03-07,0.0,0.0,2927.366093518054,2927.366093518054,3000.0,-72.63390648194581,-0.024211302160648596,0.01155331178243224,0.8128004531122875,0.0,1.0030983692642166,-0.18971012413420096
2016-03-08,0.0,0.0,2932.645609302377,2932.645609302377,3000.0,-67.35439069762288,-0.02245146356587424,0.0018035037694852374,0.8142663417933149,0.0,1.0030983692642166,-0.18824876328870122
2016-03-09,0.0,0.0,2878.0851094334575,2878.0851094334575,3000.0,-121.91489056654245,-0.04063829685551412,-0.018604532268015284,0.7991172973626625,0.0,1.0030983692642166,-0.20335101536569777
2016-03-10,0.0,0.0,2836.762407405549,2836.762407405549,3000.0,-163.23759259445114,-0.05441253086481701,-0.014357706758728495,0.7876438055413018,0.0,1.0030983692642166,-0.21478906787671592
2016-03-11,0.0,0.0,2838.06516295762,2838.06516295762,3000.0,-161.93483704237997,-0.05397827901412666,0.0004592402764045378,0.7880055233002669,0.0,1.0030983692642166,-0.21442846739121169
2016-03-14,0.0,0.0,2893.907210678531,2893.907210678531,3000.0,-106.0927893214689,-0.035364263107156346,0.019676097804152137,0.8035103970469349,0.0,1.0030983692642166,-0.19897148508344353
2016-03-15,0.0,0.0,2889.6429405426666,2889.6429405426666,3000.0,-110.35705945733343,-0.036785686485777846,-0.0014735338161947498,0.8023263973052223,0.0,1.0030983692642166,-0.2001518276879093
2016-03-16,0.0,0.0,2885.723491203748,2885.723491203748,3000.0,-114.27650879625207,-0.038092169598750725,-0.0013563784244507993,0.8012381390905501,0.0,1.0030983692642166,-0.20123672449166985
2016-03-17,0.0,0.0,2937.4830753686383,2937.4830753686383,3000.0,-62.51692463136169,-0.02083897487712061,0.017936432344493047,0.8156094927641753,0.0,1.0030983692642166,-0.186909761041249
2016-03-18,0.0,0.0,3001.6685936237723,3001.6685936237723,3000.0,1.6685936237722672,0.0005561978745907137,0.021850515086654143,0.8334309802906372,0.0,1.0030983692642166,-0.16914332050806957
2016-03-21,0.0,0.0,3063.0520962548403,3063.0520962548403,3000.0,63.05209625484031,0.021017365418280143,0.02044979341205777,0.8504744716607896,0.0,1.0030983692642166,-0.1521524730574313
2016-03-22,0.0,0.0,3055.070902866454,3055.070902866454,3000.0,55.07090286645416,0.018356967622151332,-0.0026056342293834245,0.8482584462662135,0.0,1.0030983692642166,-0.15436165359493093
2016-03-23,0.0,0.0,3068.15472337684,3068.15472337684,3000.0,68.15472337684014,0.02271824112561327,0.004282656909242233,0.8518912461619386,0.0,1.0030983692642166,-0.15074007468797912
2016-03-24,0.0,0.0,3027.6483105459374,3027.6483105459374,3000.0,27.64831054593742,0.009216103515312435,-0.013202206695208996,0.8406444018482695,0.0,1.0030983692642166,-0.16195217975990617
2016-03-25,0.0,0.0,3043.8193732039476,3043.8193732039476,3000.0,43.819373203947634,0.014606457734649192,0.005341129814081524,0.845134392726022,0.0,1.0030983692642166,-0.15747605756159577
2016-03-28,0.0,0.0,3028.4595536745865,3028.4595536745865,3000.0,28.45955367458646,0.009486517891528878,-0.005046232264825035,0.8408696482853346,0.0,1.0030983692642166,-0.161727629063816
2016-03-29,0.0,0.0,2995.950772109347,2995.950772109347,3000.0,-4.049227890653128,-0.0013497426302176985,-0.010734428176792044,0.8318433934397713,0.0,1.0030983692642166,-0.17072600362221968
2016-03-30,0.0,0.0,3080.640357823038,3080.640357823038,3000.0,80.6403578230379,0.02688011927434597,0.028268016451439948,0.8553579561705484,0.0,1.0030983692642166,-0.1472840726498612
2016-03-31,0.0,0.0,3081.565501245421,3081.565501245421,3000.0,81.56550124542082,0.027188500415140204,0.0003003088043151969,0.8556148276956275,0.0,1.0030983692642166,-0.14702799454929816
2016-04-01,1000.0,0.0,4080.8405411134245,4080.8405411134245,4000.0,80.84054111342448,0.020210135278356134,-0.00023525708984717397,0.8554135382412337,0.0,1.0030983692642166,-0.1472286622610216
2016-04-05,0.0,0.0,4178.415901651171,4178.415901651171,4000.0,178.41590165117123,0.04460397541279271,0.02391060360107189,0.8758669922691101,0.0,1.0030983692642166,-0.12683838484198917
2016-04-06,0.0,0.0,4189.025641283377,4189.025641283377,4000.0,189.0256412833769,0.047256410320844155,0.002539177497389078,0.8780909740265858,0.0,1.0030983692642166,-0.12462127251719601
2016-04-07,0.0,0.0,4123.379391388176,4123.379391388176,4000.0,123.37939138817637,0.030844847847044,-0.015671006939716126,0.8643304042789131,0.0,1.0030983692642166,-0.13833933863045889
2016-04-08,0.0,0.0,4084.5304120808023,4084.5304120808023,4000.0,84.53041208080231,0.02113260302020059,-0.009421635901006753,0.8561869979116272,0.0,1.0030983692642166,-0.14645759165210326
2016-04-11,0.0,0.0,4158.492252078015,4158.492252078015,4000.0,158.49225207801464,0.03962306301950358,0.018107795152768613,0.8716906566822749,0.0,1.0030983692642166,-0.13100182056753884
2016-04-12,0.0,0.0,4129.625425491235,4129.625425491235,4000.0,129.62542549123464,0.03240635637280875,-0.006941656936442553,0.8656396791888842,0.0,1.0030983692642166,-0.1370341078075521
2016-04-13,0.0,0.0,4191.237096923429,4191.237096923429,4000.0,191.2370969234289,0.047809274230857124,0.01491943338296009,0.8785545327161897,0.0,1.0030983692642166,-0.1241591456672202
2016-04-14,0.0,0.0,4228.347390809358,4228.347390809358,4000.0,228.34739080935833,0.05708684770233963,0.008854257830741785,0.8863334810672256,0.0,1.0030983692642166,-0.11640422492426061
2016-04-15,0.0,0.0,4225.609073971302,4225.609073971302,4000.0,225.60907397130177,0.05640226849282537,-0.0006476092394888111,0.8857594833156183,0.0,1.0030983692642166,-0.11697644971217291
2016-04-18,0.0,0.0,4225.609073971302,4225.609073971302,4000.0,225.60907397130177,0.05640226849282537,0.0,0.8857594833156183,0.0,1.0030983692642166,-0.11697644971217291
2016-04-19,0.0,0.0,4225.609073971302,4225.609073971302,4000.0,225.60907397130177,0.05640226849282537,0.0,0.8857594833156183,0.0,1.0030983692642166,-0.11697644971217291
2016-04-20,0.0,0.0,4036.4501385867293,4036.4501385867293,4000.0,36.45013858672928,0.009112534646682269,-0.04476489236776404,0.8461085553812683,0.0,1.0030983692642166,-0.1565049038990084
2016-04-21,0.0,0.0,3992.2188372886253,3992.2188372886253,4000.0,-7.781162711374691,-0.0019452906778436585,-0.010957970439241072,0.8368369228430114,0.0,1.0030983692642166,-0.16574789822772795
2016-04-22,0.0,0.0,4025.16142602326,4025.16142602326,4000.0,25.161426023259992,0.006290356505814998,0.00825169913706647,0.8437422493571004,0.0,1.0030983692642166,-0.1588639008794378
2016-04-25,0.0,0.0,4000.5919451392406,4000.5919451392406,4000.0,0.591945139240579,0.0001479862848101643,-0.006103974048139782,0.8385920685637056,0.0,1.0030983692642166,-0.16399817379942316
2016-04-26,0.0,0.0,4038.733330975909,4038.733330975909,4000.0,38.73333097590921,0.009683332743977369,0.009533935567462848,0.8465871513127774,0.0,1.0030983692642166,-0.1560277862541456
2016-04-27,0.0,0.0,4020.4803479136976,4020.4803479136976,4000.0,20.480347913697642,0.005120086978424476,-0.004519482116389417,0.8427610158224542,0.0,1.0030983692642166,-0.15984210358089956
2016-04-28,0.0,0.0,4015.205198399229,4015.205198399229,4000.0,15.205198399229175,0.0038012995998073507,-0.0013120694688150136,0.8416552548240861,0.0,1.0030983692642166,-0.16094444910577488
2016-04-29,0.0,0.0,4018.1268103556436,4018.1268103556436,4000.0,18.126810355643556,0.004531702588910891,0.0007276370227800033,0.8422676743479134,0.0,1.0030983692642166,-0.16033392122277523
2016-05-03,1000.0,0.0,5131.986747891696,5131.986747891696,5000.0,131.9867478916958,0.02639734957833917,0.028336571469722793,0.8661346524987102,0.0,1.0030983692642166,-0.1365406633708025
2016-05-04,0.0,0.0,5136.159254451093,5136.159254451093,5000.0,136.15925445109315,0.027231850890218734,0.000813039231075896,0.866838853950586,0.0,1.0030983692642166,-0.1358386370556841
2016-05-05,0.0,0.0,5155.378687209636,5155.378687209636,5000.0,155.37868720963615,0.031075737441927265,0.003741985364236422,0.8700825522552206,0.0,1.0030983692642166,-0.13260495788320792
2016-05-06,0.0,0.0,4967.982663136471,4967.982663136471,5000.0,-32.017336863528726,-0.006403467372705696,-0.036349613761272215,0.8384553875403213,0.0,1.0030983692642166,-0.16413443264259575
2016-05-09,0.0,0.0,4807.566617657843,4807.566617657843,5000.0,-192.43338234215662,-0.03848667646843129,-0.03228997690932989,0.8113816824371411,0.0,1.0030983692642166,-0.19112451251187024
2016-05-10,0.0,0.0,4794.271274170805,4794.271274170805,5000.0,-205.72872582919535,-0.04114574516583902,-0.0027655037453263587,0.809137803355472,0.0,1.0030983692642166,-0.19336146070202143
2016-05-11,0.0,0.0,4766.444838568596,4766.444838568596,5000.0,-233.55516143140358,-0.04671103228628071,-0.005804101188875865,0.8044414856690522,0.0,1.0030983692642166,-0.19804327240695385
2016-05-12,0.0,0.0,4786.151438346027,4786.151438346027,5000.0,-213.84856165397287,-0.04276971233079452,0.004134444107686042,0.8077674040294548,0.0,1.0030983692642166,-0.19472762713993763
2016-05-13,0.0,0.0,4764.609672816227,4764.609672816227,5000.0,-235.39032718377257,-0.047078065436754524,-0.004500853307149888,0.804131761437621,0.0,1.0030983692642166,-0.19835203996248119
2016-05-16,0.0,0.0,4839.880031168491,4839.880031168491,5000.0,-160.11996883150914,-0.03202399376630183,0.015797801608326445,0.8168352754717666,0.0,1.0030983692642166,-0.18568776453008884
2016-05-17,0.0,0.0,4824.831452401434,4824.831452401434,5000.0,-175.16854759856597,-0.035033709519713185,-0.003109287558812457,0.8142954997121431,0.0,1.0030983692642166,-0.18821969543282424
2016-05-18,0.0,0.0,4728.214271820114,4728.214271820114,5000.0,-271.78572817988606,-0.054357145635977266,-0.020024985646541427,0.7979892440183641,0.0,1.0030983692642166,-0.20447558437992697
2016-05-19,0.0,0.0,4749.408918470641,4749.408918470641,5000.0,-250.59108152935914,-0.05011821630587188,0.00448259013489416,0.8015663027313525,0.0,1.0030983692642166,-0.200909574482401
2016-05-20,0.0,0.0,4802.9036943102155,4802.9036943102155,5000.0,-197.09630568978446,-0.03941926113795691,0.011263459676325471,0.8105947124600684,0.0,1.0030983692642166,-0.1919090516968457
2016-05-23,0.0,0.0,4863.498724632716,4863.498724632716,5000.0,-136.5012753672836,-0.02730025507345668,0.012616332572790379,0.82082144493421,0.0,1.0030983692642166,-0.18171390754399153
2016-05-24,0.0,0.0,4823.455465618804,4823.455465618804,5000.0,-176.54453438119617,-0.03530890687623922,-0.008233426444855585,0.8140632719429841,0.0,1.0030983692642166,-0.18845120589707642
2016-05-25,0.0,0.0,4807.442382244504,4807.442382244504,5000.0,-192.5576177554958,-0.038511523551099214,-0.00331983647168288,0.8113607150025303,0.0,1.0030983692642166,-0.19114541518228956
2016-05-26,0.0,0.0,4832.610639223923,4832.610639223923,5000.0,-167.3893607760774,-0.03347787215521547,0.005235269604555892,0.8156084070921138,0.0,1.0030983692642166,-0.18691084335988772
2016-05-27,0.0,0.0,4835.191612144364,4835.191612144364,5000.0,-164.80838785563628,-0.032961677571127224,0.0005340742536741327,0.8160440025434219,0.0,1.0030983692642166,-0.18647659337538458
2016-05-30,0.0,0.0,4826.500334604289,4826.500334604289,5000.0,-173.49966539571142,-0.03469993307914232,-0.0017975042639976069,0.8145771599692404,0.0,1.0030983692642166,-0.1879389051676542
2016-05-31,0.0,0.0,5029.22094910813,5029.22094910813,5000.0,29.2209491081303,0.005844189821626156,0.042001574733230074,0.8487906834296708,0.0,1.0030983692642166,-0.15383106040510475
2016-06-01,1000.0,0.0,6054.6103504146,6054.6103504146,6000.0,54.61035041460036,0.00910172506910012,0.0050483765902098465,0.8530756984458854,0.0,1.0030983692642166,-0.1495592809390912
2016-06-02,0.0,0.0,6109.389618270207,6109.389618270207,6000.0,109.3896182702074,0.01823160304503446,0.009047529846715197,0.8607939262890819,0.0,1.0030983692642166,-0.14186489315052575
2016-06-03,0.0,0.0,6131.689740561797,6131.689740561797,6000.0,131.6897405617974,0.02194829009363297,0.0036501391603673827,0.8639359439084361,0.0,1.0030983692642166,-0.13873258059212834
2016-06-06,0.0,0.0,6131.713743165058,6131.713743165058,6000.0,131.71374316505808,0.021952290527509577,3.914516923719802e-06,0.8639393258003095,0.0,1.0030983692642166,-0.13872920914623932
2016-06-07,0.0,0.0,6150.279468292111,6150.279468292111,6000.0,150.27946829211123,0.025046578048685264,0.003027819938226539,0.8665551785163856,0.0,1.0030983692642166,-0.13612143627348017
2016-06-08,0.0,0.0,6127.632369367697,6127.632369367697,6000.0,127.63236936769681,0.021272061561282696,-0.0036822877791443664,0.8633642729725804,0.0,1.0030983692642166,-0.13930248575135518
2016-06-13,0.0,0.0,5865.966148854866,5865.966148854866,6000.0,-134.03385114513367,-0.022338975190855592,-0.0427026630743893,0.8264963193133673,0.0,1.0030983692642166,-0.17605656171127937
2016-06-14,0.0,0.0,5898.220908202991,5898.220908202991,6000.0,-101.77909179700873,-0.016963181966168084,0.005498626914923754,0.8310409142198292,0.0,1.0030983692642166,-0.1715260041451302
2016-06-15,0.0,0.0,6070.280247272285,6070.280247272285,6000.0,70.28024727228512,0.011713374545380795,0.02917139621372966,0.8552835379983559,0.0,1.0030983692642166,-0.14735826095927607
2016-06-16,0.0,0.0,6056.649757337859,6056.649757337859,6000.0,56.64975733785923,0.009441626222976618,-0.0022454465657579803,0.8533630445152082,0.0,1.0030983692642166,-0.14927282242402695
2016-06-17,0.0,0.0,6094.142495630611,6094.142495630611,6000.0,94.14249563061094,0.01569041593843523,0.006190342812431471,0.8586456543042176,0.0,1.0030983692642166,-0.1440065295549794
2016-06-20,0.0,0.0,6133.866136814254,6133.866136814254,6000.0,133.86613681425388,0.022311022802375735,0.006518331530994459,0.8642425913466201,0.0,1.0030983692642166,-0.13842688032625228
2016-06-21,0.0,0.0,6083.9937703001315,6083.9937703001315,6000.0,83.99377030013147,0.013998961716688685,-0.00813065779424138,0.8572157305851723,0.0,1.0030983692642166,-0.1454320365270365
2016-06-22,0.0,0.0,6176.991736578197,6176.991736578197,6000.0,176.99173657819665,0.029498622763032722,0.015285677433144018,0.8703188537335141,0.0,1.0030983692642166,-0.1323693862926899
2016-06-23,0.0,0.0,6137.742650897148,6137.742650897148,6000.0,137.74265089714845,0.022957108482858146,-0.006354077737975139,0.864788780080066,0.0,1.0030983692642166,-0.13788237866003328
2016-06-24,0.0,0.0,6080.530238389867,6080.530238389867,6000.0,80.53023838986701,0.013421706398311084,-0.009321409475993359,0.8567277297506949,0.0,1.0030983692642166,-0.14591853002501254
2016-06-27,0.0,0.0,6216.706901123902,6216.706901123902,6000.0,216.70690112390184,0.03611781685398374,0.022395524303830294,0.875914596444092,0.0,1.0030983692642166,-0.1267909277067365
2016-06-28,0.0,0.0,6285.061308746201,6285.061308746201,6000.0,285.06130874620067,0.04751021812436673,0.010995275908848301,0.8855455191045822,0.0,1.0030983692642166,-0.11718975303076273
2016-06-29,0.0,0.0,6288.6703318553255,6288.6703318553255,6000.0,288.67033185532546,0.048111721975887534,0.0005742224191358503,0.8860540191948174,0.0,1.0030983692642166,-0.11668282359511006
2016-06-30,0.0,0.0,6283.867263788934,6283.867263788934,6000.0,283.867263788934,0.04731121063148902,-0.0007637652815193352,0.8853772818974057,0.0,1.0030983692642166,-0.11735747058701784
2016-07-01,1000.0,9.094947017729282e-13,7267.443530192884,7267.443530192885,7000.0,267.4435301928852,0.03820621859898354,-0.002613634710378343,0.8830632291016582,1.2514644221099154e-16,1.0030983692642166,-0.11966437573874777
2016-07-04,0.0,9.094947017729282e-13,7267.443530192884,7267.443530192885,7000.0,267.4435301928852,0.03820621859898354,0.0,0.8830632291016582,1.2514644221099154e-16,1.0030983692642166,-0.11966437573874777
2016-07-05,0.0,9.094947017729282e-13,7408.589937623037,7408.589937623038,7000.0,408.58993762303817,0.058369991089005424,0.01942174120015583,0.9002138546006445,1.2276218678999114e-16,1.0030983692642166,-0.10256672507506814
2016-07-06,0.0,9.094947017729282e-13,7432.671433976395,7432.671433976396,7000.0,432.67143397639575,0.061810204853770756,0.0032504830954489528,0.9031399845173128,1.2236444323576923e-16,1.0030983692642166,-0.09964963338563126
2016-07-07,0.0,9.094947017729282e-13,7463.142298791973,7463.142298791974,7000.0,463.1422987919741,0.06616318554171063,0.0040995845284226284,0.9068424832248398,1.2186484799038926e-16,1.0030983692642166,-0.09595857095249938
2016-07-08,0.0,9.094947017729282e-13,7424.756212244137,7424.756212244138,7000.0,424.7562122441377,0.060679458892019644,-0.005143421498749912,0.9021782101006415,1.2249489084545078e-16,1.0030983692642166,-0.1006084370744228
2016-07-11,0.0,9.094947017729282e-13,7394.570332707561,7394.570332707562,7000.0,394.57033270756165,0.05636719038679461,-0.004065571807838841,0.8985103398040098,1.2299493558808466e-16,1.0030983692642166,-0.10426497805686119
2016-07-12,0.0,9.094947017729282e-13,7485.179986945539,7485.17998694554,7000.0,485.1799869455399,0.06931142670650581,0.012253538767113437,0.9095202710854505,1.2150605641535998e-16,1.0030983692642166,-0.09328905424041967
2016-07-13,0.0,9.094947017729282e-13,7524.999881100028,7524.999881100029,7000.0,524.9998811000287,0.07499998301428978,0.005319831216341608,0.9143587654154663,1.2086308520180008e-16,1.0030983692642166,-0.08846550504696926
2016-07-14,0.0,9.094947017729282e-13,7526.508150031586,7526.508150031587,7000.0,526.5081500315873,0.07521545000451257,0.00020043441267647566,0.914542034377588,1.2083886493487836e-16,1.0030983692642166,-0.08828280216583906
2016-07-15,0.0,9.094947017729282e-13,7510.798855255335,7510.798855255336,7000.0,510.7988552553361,0.07297126503647666,-0.002087195610913528,0.9126332062574392,1.210916068051205e-16,1.0030983692642166,-0.0901857342995529
2016-07-18,0.0,9.094947017729282e-13,7482.174081034715,7482.1740810347155,7000.0,482.1740810347155,0.06888201157638796,-0.003811149089765875,0.909155025044121,1.2155487053933307e-16,1.0030983692642166,-0.09365317211013313
2016-07-19,0.0,9.094947017729282e-13,7502.490329005524,7502.4903290055245,7000.0,502.4903290055245,0.0717843327150749,0.0027152867269293335,0.9116236416163445,1.212257079834829e-16,1.0030983692642166,-0.0911921805983692
2016-07-20,0.0,9.094947017729282e-13,7512.697417338914,7512.697417338915,7000.0,512.6974173389153,0.07324248819127366,0.001360493367639437,0.9128638995345468,1.2106100528870786e-16,1.0030983692642166,-0.08995575358761443
2016-07-21,0.0,9.094947017729282e-13,7524.0559399655995,7524.0559399656,7000.0,524.0559399656004,0.0748651342808,0.0015119100365297289,0.9142440676262388,1.2087824825197756e-16,1.0030983692642166,-0.08857984855777745
2016-07-22,0.0,9.094947017729282e-13,7468.764969638222,7468.764969638223,7000.0,468.7649696382232,0.06696642423403198,-0.0073485591771969005,0.9075256909928862,1.2177310512115137e-16,1.0030983692642166,-0.0952774734759404
2016-07-25,0.0,9.094947017729282e-13,7478.120231634463,7478.120231634464,7000.0,478.1202316344643,0.068302890233495,0.0012525848696902653,0.908662443942279,1.216207647913336e-16,1.0030983692642166,-0.09414423172794839
2016-07-26,0.0,9.094947017729282e-13,7581.9640914192605,7581.964091419261,7000.0,581.9640914192614,0.08313772734560887,0.013886358679485955,0.9212804565574398,1.1995502627112556e-16,1.0030983692642166,-0.08156519361784131
2016-07-27,0.0,9.094947017729282e-13,7293.629730903326,7293.629730903327,7000.0,293.6297309033271,0.041947104414761016,-0.038028979963417586,0.8862451005343288,1.2469713096613226e-16,1.0030983692642166,-0.11649233246745372
2016-07-28,0.0,9.094947017729282e-13,7301.7833933224965,7301.783393322497,7000.0,301.78339332249743,0.043111913331785434,0.001117915594840646,0.8872358477530673,1.2455788576317723e-16,1.0030983692642166,-0.11550464546775774
2016-07-29,0.0,9.094947017729282e-13,7259.50535250957,7259.505352509571,7000.0,259.5053525095709,0.037072193215653026,-0.005790097916570591,0.8820986653194856,1.2528328826956797e-16,1.0030983692642166,-0.12062596017725125
2016-08-01,1000.0,0.0,8133.013842476698,8133.013842476698,8000.0,133.0138424766983,0.01662673030958728,-0.017424260178986573,0.866728748671422,0.0,1.0030983692642166,-0.1359484022417693
2016-08-02,0.0,0.0,8194.241905363717,8194.241905363717,8000.0,194.2419053637168,0.02428023817046454,0.007528336244460698,0.8732537741241612,0.0,1.0030983692642166,-0.12944353128128183
2016-08-03,0.0,0.0,8229.10833816768,8229.10833816768,8000.0,229.1083381676799,0.028638542270960077,0.004254991884135251,0.8769694618458499,0.0,1.0030983692642166,-0.12573932057220227
2016-08-04,0.0,0.0,8285.187931712364,8285.187931712364,8000.0,285.18793171236393,0.035648491464045584,0.00681478372141231,0.8829458190586127,0.0,1.0030983692642166,-0.1197814231257669
2016-08-05,0.0,0.0,8220.736640598492,8220.736640598492,8000.0,220.73664059849216,0.02759208007481151,-0.0077790982709249334,0.8760772967642534,0.0,1.0030983692642166,-0.12662872993516527
2016-08-08,0.0,0.0,8380.419655100475,8380.419655100475,8000.0,380.4196551004752,0.04755245688755938,0.019424416750365214,0.8930945872821356,0.0,1.0030983692642166,-0.10966400240763019
2016-08-09,0.0,0.0,8431.48065046815,8431.48065046815,8000.0,431.4806504681492,0.05393508130851865,0.0060928924169803,0.8985361165206331,0.0,1.0030983692642166,-0.10423928095933499
2016-08-10,0.0,0.0,8402.871727907443,8402.871727907443,8000.0,402.8717279074426,0.05035896598843026,-0.003393107776285764,0.8954872866363933,0.0,1.0030983692642166,-0.10727869362080322
2016-08-11,0.0,0.0,8268.002327928165,8268.002327928165,8000.0,268.00232792816496,0.0335002909910207,-0.016050393763759607,0.8811143630754386,0.0,1.0030983692642166,-0.12160722210948727
2016-08-12,0.0,0.0,8341.73433644836,8341.73433644836,8000.0,341.7343364483604,0.04271679205604495,0.008917753720404598,0.8889719239648565,0.0,1.0030983692642166,-0.11377393164647764
2016-08-15,0.0,0.0,8522.617446358498,8522.617446358498,8000.0,522.6174463584975,0.06532718079481215,0.02168411299312023,0.9082484916118219,0.0,1.0030983692642166,-0.09455690544285111
2016-08-16,0.0,0.0,8557.334157988973,8557.334157988973,8000.0,557.334157988973,0.06966676974862152,0.004073479990036377,0.9119482236683834,0.0,1.0030983692642166,-0.09086860111505601
2016-08-17,0.0,0.0,8603.260148926125,8603.260148926125,8000.0,603.2601489261251,0.07540751861576567,0.00536685725825925,0.9168425196117347,0.0,1.0030983692642166,-0.08598942266823895
2016-08-18,0.0,0.0,8576.232168484757,8576.232168484757,8000.0,576.2321684847575,0.07202902106059472,-0.003141597484384029,0.9139621694585461,0.0,1.0030983692642166,-0.08886087599868475
2016-08-19,0.0,0.0,8590.147975506672,8590.147975506672,8000.0,590.1479755066721,0.0737684969383341,0.00162260148145843,0.9154451658287065,0.0,1.0030983692642166,-0.08738246030626551
2016-08-22,0.0,0.0,8483.104630974585,8483.104630974585,8000.0,483.10463097458523,0.06038807887182318,-0.012461175853699213,0.9040376426328961,0.0,1.0030983692642166,-0.0987547479555595
2016-08-23,0.0,0.0,8502.745746299817,8502.745746299817,8000.0,502.74574629981726,0.06284321828747719,0.0023153215927003146,0.906130780507498,0.0,1.0030983692642166,-0.09666807536318234
2016-08-24,0.0,0.0,8543.177262359954,8543.177262359954,8000.0,543.1772623599536,0.06789715779499428,0.004755112908995551,0.9104395346791274,0.0,1.0030983692642166,-0.09237263006723395
2016-08-25,0.0,0.0,8493.631603476282,8493.631603476282,8000.0,493.6316034762822,0.06170395043453536,-0.005799441748910339,0.9051594936318508,0.0,1.0030983692642166,-0.09763636212887583
2016-08-26,0.0,0.0,8537.823485924406,8537.823485924406,8000.0,537.8234859244058,0.06722793574055075,0.005202943159205997,0.909868987027233,0.0,1.0030983692642166,-0.092941415412098
2016-08-29,0.0,0.0,8556.569984024029,8556.569984024029,8000.0,556.5699840240286,0.06957124800300352,0.002195699891257785,0.9118667862631075,0.0,1.0030983692642166,-0.09094978697655387
2016-08-30,0.0,0.0,8587.071150387788,8587.071150387788,8000.0,587.0711503877883,0.07338389379847343,0.003564648734330378,0.9151172710486382,0.0,1.0030983692642166,-0.08770934228525717
2016-08-31,0.0,0.0,8570.473839217844,8570.473839217844,8000.0,570.4738392178442,0.07130922990223043,-0.001932825625789114,0.9133485089365532,0.0,1.0030983692642166,-0.0894726410466562
2016-09-01,1000.0,0.0,9505.240286374226,9505.240286374226,9000.0,505.24028637422634,0.05613780959713632,-0.00761142896733602,0.9063966216383603,0.0,1.0030983692642166,-0.09640305536214566
2016-09-02,0.0,0.0,9458.3827494643,9458.3827494643,9000.0,458.3827494642992,0.0509314166071444,-0.0049296530648570425,0.9019284007545247,0.0,1.0030983692642166,-0.100857474809675
2016-09-05,0.0,0.0,9508.409298767032,9508.409298767032,9000.0,508.40929876703194,0.05648992208522574,0.00528912295345263,0.9066988109613263,0.0,1.0030983692642166,-0.09610179944126551
2016-09-06,0.0,0.0,9653.902127314928,9653.902127314928,9000.0,653.9021273149283,0.07265579192388083,0.015301489868212004,0.9205726536307709,0.0,1.0030983692642166,-0.08227081028352101
2016-09-07,0.0,0.0,9643.399638284965,9643.399638284965,9000.0,643.3996382849655,0.07148884869832939,-0.0010879009224930014,0.9195711617916642,0.0,1.0030983692642166,-0.08326920871561228
2016-09-08,0.0,0.0,9666.536852213898,9666.536852213898,9000.0,666.5368522138979,0.0740596502459887,0.0023992797972487434,0.9217774703022835,0.0,1.0030983692642166,-0.08106971504856775
2016-09-09,0.0,0.0,9606.298138103439,9606.298138103439,9000.0,606.2981381034388,0.06736645978927092,-0.006231674800542764,0.9160332528688927,0.0,1.0030983692642166,-0.08679618974875525
2016-09-12,0.0,0.0,9348.167689420612,9348.167689420612,9000.0,348.1676894206121,0.03868529882451255,-0.026870959548814244,0.8914185603856839,0.0,1.0030983692642166,-0.11133485239383956
2016-09-13,0.0,0.0,9394.50906408867,9394.50906408867,9000.0,394.50906408867013,0.04383434045429668,0.00495726822706688,0.8958375612921016,0.0,1.0030983692642166,-0.10692950089310982
2016-09-14,0.0,0.0,9343.049537780029,9343.049537780029,9000.0,343.0495377800289,0.0381166153088921,-0.005477617399439194,0.8909305058792968,0.0,1.0030983692642166,-0.11182139939794355
2016-09-19,0.0,0.0,9432.929659231373,9432.929659231373,9000.0,432.9296592313731,0.048103295470152574,0.009619998383600503,0.899501255905756,0.0,1.0030983692642166,-0.10327712269580314
2016-09-20,0.0,0.0,9397.577547610743,9397.577547610743,9000.0,397.57754761074284,0.04417528306786034,-0.003747734044219575,0.8961301644261798,0.0,1.0030983692642166,-0.10663780155130664
2016-09-21,0.0,0.0,9415.826627976658,9415.826627976658,9000.0,415.8266279766576,0.04620295866407309,0.0019418919688036773,0.8978703523954816,0.0,1.0030983692642166,-0.10490298867290637
2016-09-22,0.0,0.0,9462.235308579442,9462.235308579442,9000.0,462.23530857944206,0.05135947873104918,0.0049287951484677794,0.9022957714323215,0.0,1.0030983692642166,-0.10049123886606937
2016-09-23,0.0,0.0,9423.555756829926,9423.555756829926,9000.0,423.5557568299264,0.04706175075888064,-0.0040877816380707754,0.8986073833457516,0.0,1.0030983692642166,-0.10416823426311639
2016-09-26,0.0,0.0,9206.104928518189,9206.104928518189,9000.0,206.1049285181889,0.022900547613132094,-0.023075241864424223,0.877871800633891,0.0,1.0030983692642166,-0.12483976892732918
2016-09-27,0.0,0.0,9272.04282100667,9272.04282100667,9000.0,272.0428210066693,0.03022698011185221,0.0071624094012030515,0.8841594778718023,0.0,1.0030983692642166,-0.11857151306073532
2016-09-28,0.0,0.0,9261.773455140086,9261.773455140086,9000.0,261.7734551400863,0.02908593946000959,-0.0011075623856392491,0.883180216091205,0.0,1.0030983692642166,-0.11954775009850016
2016-09-29,0.0,0.0,9283.891983645397,9283.891983645397,9000.0,283.891983645397,0.03154355373837747,0.0023881526159588162,0.8852893852346263,0.0,1.0030983692642166,-0.11744509575467099
2016-09-30,0.0,0.0,9330.163774648203,9330.163774648203,9000.0,330.1637746482029,0.0366848638498003,0.004984094072218781,0.8897017508117724,0.0,1.0030983692642166,-0.1130463590880143
2016-10-10,1000.0,0.0,10551.512486201573,10551.512486201573,10000.0,551.5124862015728,0.0551512486201573,0.023723989942686208,0.9108090262000211,0.0,1.0030983692642166,-0.09200427983138948
2016-10-11,0.0,0.0,10621.26058140587,10621.26058140587,10000.0,621.2605814058697,0.062126058140586915,0.0066102461893977615,0.9168296980947289,0.0,1.0030983692642166,-0.08600220458215546
2016-10-12,0.0,0.0,10622.984006774193,10622.984006774193,10000.0,622.9840067741934,0.06229840067741943,0.00016226184783940667,0.9169784645756958,0.0,1.0030983692642166,-0.08585389761094986
2016-10-13,0.0,0.0,10622.629187960683,10622.629187960683,10000.0,622.6291879606833,0.06226291879606838,-3.3401049392867144e-05,0.9169478365327083,0.0,1.0030983692642166,-0.08588443105006804
2016-10-14,0.0,0.0,10597.571006396158,10597.571006396158,10000.0,597.5710063961578,0.05975710063961581,-0.0023589434518646035,0.914784808438018,0.0,1.0030983692642166,-0.08804077798568999
2016-10-17,0.0,0.0,10495.47753031391,10495.47753031391,10000.0,495.4775303139104,0.04954775303139103,-0.009633667565957182,0.9059720756991383,0.0,1.0030983692642166,-0.09682628996428488
2016-10-18,0.0,0.0,10642.128659010472,10642.128659010472,10000.0,642.1286590104719,0.06421286590104724,0.01397279240253635,0.9186310354353773,0.0,1.0030983692642166,-0.08420643121052729
2016-10-19,0.0,0.0,10629.367153990703,10629.367153990703,10000.0,629.3671539907027,0.06293671539907031,-0.0011991496653223077,0.9175294593366803,0.0,1.0030983692642166,-0.08530460476204538
2016-10-20,0.0,0.0,10663.897591320867,10663.897591320867,10000.0,663.8975913208669,0.06638975913208678,0.0032485882583517256,0.9205101347649732,0.0,1.0030983692642166,-0.08233313604110704
2016-10-21,0.0,0.0,10613.639661228763,10613.639661228763,10000.0,613.6396612287626,0.0613639661228762,-0.004712904419956976,0.9161718584822242,0.0,1.0030983692642166,-0.086658012260307
2016-10-24,0.0,0.0,10681.258550606713,10681.258550606713,10000.0,681.2585506067135,0.06812585506067137,0.006370942630072429,0.9220087368319012,0.0,1.0030983692642166,-0.0808391628547811
2016-10-25,0.0,0.0,10701.979898420948,10701.979898420948,10000.0,701.9798984209483,0.0701979898420948,0.0019399724963176102,0.9237974084227196,0.0,1.0030983692642166,-0.0790560161110272
2016-10-26,0.0,0.0,10659.004168068757,10659.004168068757,10000.0,659.0041680687573,0.06590041680687575,-0.004015680347010608,0.9200877333250972,0.0,1.0030983692642166,-0.08275423276782778
2016-10-27,0.0,0.0,10637.66867223782,10637.66867223782,10000.0,637.6686722378199,0.06376686722378189,-0.002001640631200119,0.9182460483338049,0.0,1.0030983692642166,-0.08459022916431602
2016-10-28,0.0,0.0,10559.665738472238,10559.665738472238,10000.0,559.6657384722384,0.05596657384722392,-0.007332709465670217,0.9115128168433733,0.0,1.0030983692642166,-0.09130266305588985
2016-10-31,0.0,0.0,10557.20190232575,10557.20190232575,10000.0,557.2019023257508,0.05572019023257502,-0.0002333252024740995,0.9113001379308255,0.0,1.0030983692642166,-0.09151468504602
2016-11-01,1000.0,0.0,11654.495576529453,11654.495576529453,11000.0,654.4955765294526,0.05949959786631398,0.009215858056315751,0.919698550648697,0.0,1.0030983692642166,-0.08314221333715677
2016-11-02,0.0,0.0,11594.254273654864,11594.254273654864,11000.0,594.2542736548639,0.05402311578680585,-0.005168932664568193,0.9149446907686929,0.0,1.0030983692642166,-0.08788138949940205
2016-11-03,0.0,0.0,11659.570941467213,11659.570941467213,11000.0,659.5709414672128,0.05996099467883753,0.005633537636031027,0.9200990661190251,0.0,1.0030983692642166,-0.08274293497862262
2016-11-04,0.0,0.0,11632.622679579481,11632.622679579481,11000.0,632.622679579481,0.05751115268904372,-0.002311256736891587,0.9179724809538499,0.0,1.0030983692642166,-0.08486295154961465
2016-11-07,0.0,0.0,11638.975381347793,11638.975381347793,11000.0,638.9753813477928,0.05808867103161752,0.0005461108765665301,0.9184737957100876,0.0,1.0030983692642166,-0.08436318525390685
2016-11-08,0.0,0.0,11728.199278918688,11728.199278918688,11000.0,728.1992789186879,0.06619993444715355,0.007665958097469838,0.9255147773416252,0.0,1.0030983692642166,-0.07734395179956255
2016-11-09,0.0,0.0,11652.252568278851,11652.252568278851,11000.0,652.252568278851,0.059295688025350124,-0.006475564477860685,0.9195215467257367,0.0,1.0030983692642166,-0.08331867053057251
2016-11-10,0.0,0.0,11797.598070434398,11797.598070434398,11000.0,797.5980704343983,0.07250891549403615,0.012473596955083543,0.9309912878911085,0.0,1.0030983692642166,-0.07188435709052077
2016-11-11,0.0,0.0,11827.418888672288,11827.418888672288,11000.0,827.4188886722877,0.07521989897020798,0.0025277025085828075,0.9333445569049796,0.0,1.0030983692642166,-0.06953835685168352
2016-11-14,0.0,0.0,11888.622763504893,11888.622763504893,11000.0,888.6227635048926,0.0807838875913538,0.005174744837288525,0.938174376832235,0.0,1.0030983692642166,-0.06472345526750678
2016-11-15,0.0,0.0,11941.578978092508,11941.578978092508,11000.0,941.5789780925079,0.08559808891750076,0.004454360748174846,0.94235334395134,0.0,1.0030983692642166,-0.06055739613796174
2016-11-16,0.0,0.0,11956.47228597016,11956.47228597016,11000.0,956.4722859701596,0.08695202599728713,0.0012471807878149388,0.9435286289372492,0.0,1.0030983692642166,-0.05938574137117025
2016-11-17,0.0,0.0,11924.346203870648,11924.346203870648,11000.0,924.3462038706475,0.08403147307914982,-0.0026869197980083914,0.94099344318417,0.0,1.0030983692642166,-0.06191309644496901
2016-11-18,0.0,0.0,11906.54921033325,11906.54921033325,11000.0,906.5492103332508,0.08241356457575,-0.0014924921864160057,0.939589017822749,0.0,1.0030983692642166,-0.0633131838187041
2016-11-21,0.0,0.0,11938.18302395587,11938.18302395587,11000.0,938.1830239558694,0.08528936581417002,0.002656841462945758,0.9420853568834289,0.0,1.0030983692642166,-0.06082455544767895
2016-11-22,0.0,0.0,12017.181174554029,12017.181174554029,11000.0,1017.181174554029,0.092471015868548,0.006617267505418356,0.9483193877028641,0.0,1.0030983692642166,-0.054609780296556054
2016-11-23,0.0,0.0,11941.759560523524,11941.759560523524,11000.0,941.7595605235238,0.08561450550213845,-0.006276148535582338,0.9423675943664684,0.0,1.0030983692642166,-0.06054318973950168
2016-11-24,0.0,0.0,11872.927083074104,11872.927083074104,11000.0,872.9270830741043,0.07935700755219122,-0.005764014683142915,0.9369357737156221,0.0,1.0030983692642166,-0.06595823258802169
2016-11-25,0.0,0.0,11921.757782964301,11921.757782964301,11000.0,921.7577829643014,0.08379616208766372,0.004112776870314416,0.9407891814947298,0.0,1.0030983692642166,-0.062116727211102174
2016-11-28,0.0,0.0,11920.19870948451,11920.19870948451,11000.0,920.1987094845099,0.08365442813495538,-0.00013077547020956537,0.9406661493471518,0.0,1.0030983692642166,-0.062239379337102774
2016-11-29,0.0,0.0,11858.422943941721,11858.422943941721,11000.0,858.4229439417213,0.07803844944924743,-0.005182444273654219,0.9357911994480472,0.0,1.0030983692642166,-0.0670992714957157
2016-11-30,0.0,0.0,11897.438157292037,11897.438157292037,11000.0,897.4381572920374,0.08158528702654877,0.0032900844854963918,0.9388700315550154,0.0,1.0030983692642166,-0.06402994928235539
2016-12-01,1000.0,0.0,12968.393377178643,12968.393377178643,12000.0,968.3933771786433,0.08069944809822038,0.005963907435242,0.9444693655169322,0.0,1.0030983692642166,-0.058447910537716696
2016-12-02,0.0,0.0,12734.452547940149,12734.452547940149,12000.0,734.4525479401491,0.06120437899501252,-0.018039306985410786,0.9274317926940561,0.0,1.0030983692642166,-0.07543285772228181
2016-12-05,0.0,0.0,12593.891681343342,12593.891681343342,12000.0,593.8916813433425,0.04949097344527864,-0.01103784132593455,0.917194947725672,0.0,1.0030983692642166,-0.08563808313391608
2016-12-06,0.0,0.0,12591.284067072791,12591.284067072791,12000.0,591.284067072791,0.049273672256065826,-0.0002070538906107089,0.9170050389432969,0.0,1.0030983692642166,-0.08582740532622946
2016-12-07,0.0,0.0,12688.90072968719,12688.90072968719,12000.0,688.9007296871896,0.05740839414059917,0.007752717045728108,0.9241143195397311,0.0,1.0030983692642166,-0.07874008386876463
2016-12-08,0.0,0.0,12627.407990053425,12627.407990053425,12000.0,627.4079900534252,0.05228399917111881,-0.004846183364796475,0.9196358920972074,0.0,1.0030983692642166,-0.08320467834897372
2016-12-09,0.0,0.0,12598.44270899852,12598.44270899852,12000.0,598.4427089985202,0.04987022574987665,-0.0022938421786736773,0.9175263924988927,0.0,1.0030983692642166,-0.08530766212698748
2016-12-12,0.0,0.0,12097.454473781676,12097.454473781676,12000.0,97.45447378167592,0.008121206148473004,-0.039765885894691544,0.8810401426694138,0.0,1.0030983692642166,-0.12168121326359427
2016-12-13,0.0,0.0,12133.356535350149,12133.356535350149,12000.0,133.356535350149,0.011113044612512502,0.002967736861195336,0.8836548379770066,0.0,1.0030983692642166,-0.11907459422431632
2016-12-14,0.0,0.0,12015.061303041584,12015.061303041584,12000.0,15.061303041584324,0.00125510858679867,-0.00974958841470741,0.8750395670060659,0.0,1.0030983692642166,-0.12766325435468828
2016-12-15,0.0,0.0,12019.398185854825,12019.398185854825,12000.0,19.398185854824987,0.0016165154879019816,0.0003609538648081667,0.8753554159196368,0.0,1.0030983692642166,-0.1273483810349334
2016-12-16,0.0,0.0,12099.349680392785,12099.349680392785,12000.0,99.34968039278465,0.008279140032732002,0.006651871691217615,0.8811781678305467,0.0,1.0030983692642166,-0.12154361443444439
2016-12-19,0.0,0.0,12073.79405244927,12073.79405244927,12000.0,73.79405244926966,0.006149504370772441,-0.00211214888556599,0.8793169883453783,0.0,1.0030983692642166,-0.12339904511023503
2016-12-20,0.0,0.0,12070.676461608038,12070.676461608038,12000.0,70.67646160803815,0.00588970513400322,-0.00025821136485260077,0.8790899387056795,0.0,1.0030983692642166,-0.12362539343922829
2016-12-21,0.0,0.0,12168.569591244133,12168.569591244133,12000.0,168.56959124413333,0.014047465937011117,0.008109995321923691,0.8862193539961328,0.0,1.0030983692642166,-0.1165179994797676
2016-12-22,0.0,0.0,12164.341882771489,12164.341882771489,12000.0,164.3418827714886,0.013695156897624017,-0.0003474285486838591,0.8859114560921584,0.0,1.0030983692642166,-0.11682494634899676
2016-12-23,0.0,0.0,12029.218106594712,12029.218106594712,12000.0,29.21810659471157,0.0024348422162259187,-0.011108186326804437,0.8760705865688361,0.0,1.0030983692642166,-0.12663541940413758
2016-12-26,0.0,0.0,12100.761043025763,12100.761043025763,12000.0,100.76104302576277,0.00839675358548031,0.005947430314845681,0.8812809553333402,0.0,1.0030983692642166,-0.12144114442158926
2016-12-27,0.0,0.0,12082.262989271047,12082.262989271047,12000.0,82.26298927104654,0.006855249105920613,-0.0015286686257950377,0.8799337687864114,0.0,1.0030983692642166,-0.12278416978002638
2016-12-28,0.0,0.0,12044.87885486931,12044.87885486931,12000.0,44.87885486931009,0.003739904572442443,-0.0030941334777212504,0.877211136254232,0.0,1.0030983692642166,-0.12549839264749707
2016-12-29,0.0,0.0,12015.69536859302,12015.69536859302,12000.0,15.695368593020248,0.0013079473827517507,-0.002422895790644808,0.8750857450846948,0.0,1.0030983692642166,-0.12761721891086353
2016-12-30,0.0,0.0,12054.876682999959,12054.876682999959,12000.0,54.876682999958575,0.004573056916663321,0.0032608445208548442,0.8779392636418324,0.0,1.0030983692642166,-0.124772514299061
2017-01-03,1000.0,0.0,13174.919514678457,13174.919514678457,13000.0,174.91951467845684,0.013455347282958163,0.009958030665530249,0.8866818097516508,0.0,1.0030983692642166,-0.11605697215713606
2017-01-04,0.0,0.0,13312.50350320431,13312.50350320431,13000.0,312.5035032043106,0.024038731015716186,0.010442871273146581,0.895941313751128,0.0,1.0030983692642166,-0.10682606890457758
2017-01-05,0.0,0.0,13325.278663717523,13325.278663717523,13000.0,325.27866371752316,0.025021435670578684,0.0009596362179462581,0.8968010914849579,0.0,1.0030983692642166,-0.10596894685137304
2017-01-06,0.0,0.0,13230.964553653472,13230.964553653472,13000.0,230.96455365347174,0.017766504127190164,-0.007077833975874248,0.8904536822500445,0.0,1.0030983692642166,-0.11229675021483498
2017-01-09,0.0,0.0,13304.021707456312,13304.021707456312,13000.0,304.02170745631156,0.02338628518894703,0.005521680109305871,0.8953704826355827,0.0,1.0030983692642166,-0.1073951368375301
2017-01-10,0.0,0.0,13239.259762380298,13239.259762380298,13000.0,239.25976238029762,0.018404597106176812,-0.0048678472194402245,0.8910119559213162,0.0,1.0030983692642166,-0.11174020093873438
2017-01-11,0.0,0.0,13099.678211417144,13099.678211417144,13000.0,99.67821141714376,0.00766755472439562,-0.010543002665434398,0.8816180144951039,0.0,1.0030983692642166,-0.12110512636783555
2017-01-12,0.0,0.0,12992.609024433435,12992.609024433435,13000.0,-7.390975566564521,-0.0005685365820434773,-0.008173421152466998,0.8744121791670336,0.0,1.0030983692642166,-0.12828870431877548
2017-01-13,0.0,0.0,12892.299320743627,12892.299320743627,13000.0,-107.7006792563734,-0.008284667635105603,-0.007720520451371282,0.8676612620548464,0.0,1.0030983692642166,-0.13501876920477374
2017-01-16,0.0,0.0,12622.256930635613,12622.256930635613,13000.0,-377.74306936438734,-0.029057159181875902,-0.020946022380469942,0.8494872098411788,0.0,1.0030983692642166,-0.15313668542369707
2017-01-17,0.0,0.0,12707.562491063656,12707.562491063656,13000.0,-292.4375089363439,-0.022495192995103386,0.006758344478078104,0.8552283370350069,0.0,1.0030983692642166,-0.14741329141794335
2017-01-18,0.0,0.0,12683.993255756435,12683.993255756435,13000.0,-316.00674424356475,-0.024308211095658838,-0.0018547408540225963,0.8536421100987902,0.0,1.0030983692642166,-0.14899461881794718
2017-01-19,0.0,0.0,12624.00296874808,12624.00296874808,13000.0,-375.9970312519199,-0.028922848557839997,-0.004729605716333074,0.8496047194951644,0.0,1.0030983692642166,-0.153019538733416
2017-01-20,0.0,0.0,12786.387042971275,12786.387042971275,13000.0,-213.61295702872485,-0.0164317659252865,0.012863120725271626,0.8605332875707912,0.0,1.0030983692642166,-0.14212472680819777
2017-01-23,0.0,0.0,12867.385007185165,12867.385007185165,13000.0,-132.6149928148352,-0.01020115329344884,0.006334702988551655,0.865984510359314,0.0,1.0030983692642166,-0.13669034175130512
2017-01-24,0.0,0.0,12822.056091525563,12822.056091525563,13000.0,-177.9439084744372,-0.013687992959572126,-0.0035227760445724066,0.8629338408712495,0.0,1.0030983692642166,-0.13973158833443156
2017-01-25,0.0,0.0,12869.998608132939,12869.998608132939,13000.0,-130.0013918670611,-0.010000107066696962,0.0037390662047611656,0.8661604076325959,0.0,1.0030983692642166,-0.13651498778934923
2017-01-26,0.0,0.0,12923.280035603524,12923.280035603524,13000.0,-76.71996439647592,-0.0059015357228058285,0.00413997150216594,0.8697462870364994,0.0,1.0030983692642166,-0.13294018444624967
2017-02-03,1000.0,0.0,13848.377799817836,13848.377799817836,14000.0,-151.6222001821643,-0.01083015715586888,-0.0057959152459231555,0.8647053112713795,0.0,1.0030983692642166,-0.1379655896503449
2017-02-06,0.0,0.0,13969.946143880039,13969.946143880039,14000.0,-30.053856119960983,-0.002146704008568645,0.008778525963077266,0.8722961492967861,0.0,1.0030983692642166,-0.13039819819802445
2017-02-07,0.0,0.0,13941.279391943453,13941.279391943453,14000.0,-58.72060805654655,-0.004194329146896214,-0.002052030239869218,0.8705061712203076,0.0,1.0030983692642166,-0.13218264739196695
2017-02-08,0.0,0.0,14115.825124815097,14115.825124815097,14000.0,115.8251248150973,0.008273223201078483,0.012520065624142873,0.8814049656102072,0.0,1.0030983692642166,-0.12131751718754447
2017-02-09,0.0,0.0,14172.8125888556,14172.8125888556,14000.0,172.81258885560055,0.012343756346828716,0.004037133042993135,0.8849633147211304,0.0,1.0030983692642166,-0.11777015910188293
2017-02-10,0.0,0.0,14151.415137224052,14151.415137224052,14000.0,151.41513722405216,0.010815366944575189,-0.0015097533744553582,0.883627238370461,0.0,1.0030983692642166,-0.11910210858122416
2017-02-13,0.0,0.0,14210.176201878781,14210.176201878781,14000.0,210.17620187878128,0.015012585848484417,0.004152310146012361,0.8872963327176395,0.0,1.0030983692642166,-0.11544434732908504
2017-02-14,0.0,0.0,14173.457870743687,14173.457870743687,14000.0,173.45787074368673,0.012389847910263319,-0.002583946223709721,0.8850036067094023,0.0,1.0030983692642166,-0.11772999156746522
2017-02-15,0.0,0.0,14036.08285919928,14036.08285919928,14000.0,36.08285919927948,0.002577347085662929,-0.009692413297955449,0.8764257859829935,0.0,1.0030983692642166,-0.12628131712958401
2017-02-16,0.0,0.0,14129.0578725217,14129.0578725217,14000.0,129.05787252170012,0.009218419465835792,0.006624000032992461,0.8822312304182602,0.0,1.0030983692642166,-0.12049380454542424
2017-02-17,0.0,0.0,14101.745179233403,14101.745179233403,14000.0,101.74517923340318,0.0072675128023860225,-0.0019330866597563334,0.8805258009959183,0.0,1.0030983692642166,-0.12219396623903056
2017-02-20,0.0,0.0,14217.146401860036,14217.146401860036,14000.0,217.14640186003635,0.015510457275716982,0.008183470993120556,0.8877315583470626,0.0,1.0030983692642166,-0.11501046602416143
2017-02-21,0.0,0.0,14304.010727541117,14304.010727541117,14000.0,304.0107275411174,0.021715051967222676,0.006109828458242372,0.8931554458855314,0.0,1.0030983692642166,-0.10960333178422921
2017-02-22,0.0,0.0,14313.630147086413,14313.630147086413,14000.0,313.63014708641276,0.02240215336331519,0.0006724980656491741,0.8937560911952135,0.0,1.0030983692642166,-0.10900454174719354
2017-02-23,0.0,0.0,14224.780969464013,14224.780969464013,14000.0,224.78096946401274,0.016055783533143853,-0.006207312659988307,0.8882082676953957,0.0,1.0030983692642166,-0.11453522913519831
2017-02-24,0.0,0.0,14285.473238753746,14285.473238753746,14000.0,285.47323875374605,0.020390945625267554,0.0042666575618999225,0.8919979482173003,0.0,1.0030983692642166,-0.1107572541747921
2017-02-27,0.0,0.0,14161.045619239552,14161.045619239552,14000.0,161.04561923955225,0.01150325851711087,-0.008710080333680925,0.884228574430849,0.0,1.0030983692642166,-0.11850262992707272
2017-02-28,0.0,0.0,14222.738650443762,14222.738650443762,14000.0,222.7386504437618,0.01590990360312583,0.004356530786144175,0.8880807434373453,0.0,1.0030983692642166,-0.11466235949644488
2017-03-01,1000.0,0.0,15281.07605575927,15281.07605575927,15000.0,281.07605575926937,0.018738403717284635,0.0041016998729486165,0.8917233841098704,0.0,1.0030983692642166,-0.11103097020887487
2017-03-02,0.0,0.0,15197.682571797164,15197.682571797164,15000.0,197.6825717971642,0.01317883811981102,-0.005457304423969189,0.8868569781408109,0.0,1.0030983692642166,-0.11588234482792548
2017-03-03,0.0,0.0,15275.389320780117,15275.389320780117,15000.0,275.3893207801175,0.018359288052007816,0.005113065667469385,0.8913915361076983,0.0,1.0030983692642166,-0.11136179319926165
2017-03-06,0.0,0.0,15460.253893520206,15460.253893520206,15000.0,460.2538935202065,0.030683592901347145,0.01210211856850063,0.9021792621686315,0.0,1.0030983692642166,-0.10060738825605942
2017-03-07,0.0,0.0,15461.60898065781,15461.60898065781,15000.0,461.6089806578093,0.030773932043854035,8.764973375829932e-05,0.9022583379407628,0.0,1.0030983692642166,-0.10052855673309591
2017-03-08,0.0,0.0,15433.943581361906,15433.943581361906,15000.0,433.9435813619057,0.02892957209079361,-0.001789296271203944,0.9006439304610228,0.0,1.0030983692642166,-0.1021379776325878
2017-03-09,0.0,0.0,15307.89668727033,15307.89668727033,15000.0,307.8966872703295,0.020526445818021877,-0.008166862437140932,0.8932884953761017,0.0,1.0030983692642166,-0.10947069325679559
2017-03-10,0.0,0.0,15301.494706235831,15301.494706235831,15000.0,301.4947062358315,0.020099647082388872,-0.0004182142828166313,0.8929149093686596,0.0,1.0030983692642166,-0.10984312533214236
2017-03-13,0.0,0.0,15414.338093834695,15414.338093834695,15000.0,414.3380938346945,0.027622539588979533,0.007374664355690452,0.8994998571234452,0.0,1.0030983692642166,-0.10327851715755654
2017-03-14,0.0,0.0,15419.84231564591,15419.84231564591,15000.0,419.8423156459103,0.027989487709727312,0.00035708453893446013,0.8998210546151977,0.0,1.0030983692642166,-0.10295831178030324
2017-03-15,0.0,0.0,15396.381615399845,15396.381615399845,15000.0,396.38161539984503,0.026425441026656227,-0.0015214617481698056,0.8984520113004029,0.0,1.0030983692642166,-0.10432312639544306
2017-03-16,0.0,0.0,15551.156841839753,15551.156841839753,15000.0,551.1568418397528,0.036743789455983444,0.010052701362318617,0.9074838810583803,0.0,1.0030983692642166,-0.09531915426796134
2017-03-17,0.0,0.0,15402.027189260089,15402.027189260089,15000.0,402.02718926008856,0.02680181261733927,-0.009589617936232031,0.8987814573557414,0.0,1.0030983692642166,-0.10399469793275884
2017-03-20,0.0,0.0,15428.521583787971,15428.521583787971,15000.0,428.5215837879714,0.028568105585864867,0.0017201887908857572,0.9003275311441408,0.0,1.0030983692642166,-0.10245339965556854
2017-03-21,0.0,0.0,15463.923637934215,15463.923637934215,15000.0,463.92363793421464,0.030928242528947658,0.0022945849966236054,0.9023934091891513,0.0,1.0030983692642166,-0.10039390269264759
2017-03-22,0.0,0.0,15384.14251987026,15384.14251987026,15000.0,384.14251987026,0.02560950132468398,-0.005159176928955178,0.8977378019316214,0.0,1.0030983692642166,-0.10503512971502316
2017-03-23,0.0,0.0,15411.534261586094,15411.534261586094,15000.0,411.53426158609363,0.027435617439072857,0.0017805179378995728,0.8993362401914913,0.0,1.0030983692642166,-0.10344162870969065
2017-03-24,0.0,0.0,15505.795305494634,15505.795305494634,15000.0,505.7953054946338,0.033719687032975676,0.006116266058175057,0.9048368199122613,0.0,1.0030983692642166,-0.0979580391741951
2017-03-27,0.0,0.0,15518.027054061422,15518.027054061422,15000.0,518.027054061422,0.034535136937428046,0.0007888501251176461,0.9055506005508601,0.0,1.0030983692642166,-0.09724646326053621
2017-03-28,0.0,0.0,15461.19920027671,15461.19920027671,15000.0,461.19920027670923,0.03074661335178064,-0.0036620540476399732,0.9022344253087701,0.0,1.0030983692642166,-0.10055239550377426
2017-03-29,0.0,0.0,15383.437281196433,15383.437281196433,15000.0,383.4372811964331,0.02556248541309558,-0.005029488209354671,0.8976966479046057,0.0,1.0030983692642166,-0.10507615662552039
2017-03-30,0.0,0.0,15072.524963981255,15072.524963981255,15000.0,72.5249639812555,0.004834997598750279,-0.020210848299502815,0.8795534371348335,0.0,1.0030983692642166,-0.12316332666357
2017-03-31,0.0,0.0,15203.817883798123,15203.817883798123,15000.0,203.81788379812315,0.013587858919874796,0.008710744890495725,0.8872150027432737,0.0,1.0030983692642166,-0.1155254260915054
2017-04-05,1000.0,0.0,16203.817883798123,16203.817883798123,16000.0,203.81788379812315,0.012738617737382718,0.0,0.8872150027432737,0.0,1.0030983692642166,-0.1155254260915054
2017-04-06,0.0,0.0,16540.25231581686,16540.25231581686,16000.0,540.2523158168588,0.03376576973855361,0.02076266435672114,0.9056359500574798,0.0,1.0030983692642166,-0.09716137738138941
2017-04-07,0.0,0.0,16588.148171457146,16588.148171457146,16000.0,588.1481714571455,0.03675926071607161,0.0028957149338335597,0.9082584136026778,0.0,1.0030983692642166,-0.09454701409903088
2017-04-10,0.0,0.0,16495.03835405109,16495.03835405109,16000.0,495.0383540510884,0.030939897128193117,-0.0056130326570309474,0.9031603294661028,0.0,1.0030983692642166,-0.0996293512782993
2017-04-11,0.0,0.0,16826.197528145552,16826.197528145552,16000.0,826.1975281455525,0.05163734550909704,0.020076290032580157,0.921292438186385,0.0,1.0030983692642166,-0.08155324899774008
2017-04-12,0.0,0.0,16639.536326895624,16639.536326895624,16000.0,639.5363268956244,0.039971020430976445,-0.01109348686402234,0.9110720926254412,0.0,1.0030983692642166,-0.09174202596528758
2017-04-13,0.0,0.0,16615.342763789784,16615.342763789784,16000.0,615.3427637897839,0.03845892273686147,-0.0014539806056215188,0.9097474114724408,0.0,1.0030983692642166,-0.09306261544443517
2017-04-14,0.0,0.0,16400.79185040716,16400.79185040716,16000.0,400.7918504071604,0.02504949065044748,-0.012912818978986107,0.8980000078314959,0.0,1.0030983692642166,-0.10477373371647636
2017-04-17,0.0,0.0,16086.220169435499,16086.220169435499,16000.0,86.22016943549897,0.005388760589718711,-0.01918027396731159,0.8807761216586398,0.0,1.0030983692642166,-0.12194441876652784
2017-04-18,0.0,0.0,15979.927889761355,15979.927889761355,16000.0,-20.07211023864511,-0.0012545068899153522,-0.006607660379789104,0.8749562521760917,0.0,1.0030983692642166,-0.1277463118418969
2017-04-19,0.0,0.0,15800.498941768703,15800.498941768703,16000.0,-199.50105823129707,-0.012468816139456051,-0.011228395348868547,0.8651318974636942,0.0,1.0030983692642166,-0.13754032109704484
2017-04-20,0.0,0.0,15805.149730185205,15805.149730185205,16000.0,-194.85026981479496,-0.012178141863424696,0.0002943444022649455,0.8653865441949335,0.0,1.0030983692642166,-0.13728646091838048
2017-04-21,0.0,0.0,15708.382824076025,15708.382824076025,16000.0,-291.6171759239751,-0.018226073495248407,-0.006122492210521191,0.8600882218190102,0.0,1.0030983692642166,-0.1425684178413188
2017-04-24,0.0,0.0,15300.135789595231,15300.135789595231,16000.0,-699.8642104047685,-0.04374151315029806,-0.025989119252624704,0.837735286454378,0.0,1.0030983692642166,-0.1648523094810075
2017-04-25,0.0,0.0,15434.19483566605,15434.19483566605,16000.0,-565.8051643339495,-0.03536282277087188,0.008761951391436984,0.8450754823131827,0.0,1.0030983692642166,-0.15753478601200932
2017-04-26,0.0,0.0,15443.562228639168,15443.562228639168,16000.0,-556.4377713608319,-0.034777360710052,0.0006069246289071017,0.8455883794366842,0.0,1.0030983692642166,-0.1570234731246425
2017-04-27,0.0,0.0,15455.586824775532,15455.586824775532,16000.0,-544.4131752244684,-0.03402582345152927,0.000778615448841391,0.8462467676122744,0.0,1.0030983692642166,-0.1563671185778066
2017-04-28,0.0,0.0,15525.693496150601,15525.693496150601,16000.0,-474.3065038493987,-0.02964415649058738,0.00453600838129864,0.8500853500428105,0.0,1.0030983692642166,-0.15254039275693643
2017-05-02,1000.0,0.0,16481.71912318222,16481.71912318222,17000.0,-518.2808768177783,-0.03048711040104579,-0.002832361271287609,0.8476776012200603,0.0,1.0030983692642166,-0.15494070452747233
2017-05-03,0.0,0.0,16475.611290661363,16475.611290661363,17000.0,-524.3887093386365,-0.030846394666978583,-0.0003705822478352605,0.8473634669491605,0.0,1.0030983692642166,-0.15525386850074263
2017-05-04,0.0,0.0,16328.450245716169,16328.450245716169,17000.0,-671.5497542838311,-0.03950292672257827,-0.00893205370950989,0.8397947709508942,0.0,1.0030983692642166,-0.16279918631819468
2017-05-05,0.0,0.0,16059.591317612252,16059.591317612252,17000.0,-940.4086823877478,-0.05531815778751459,-0.01646567335283111,0.8259669845690011,0.0,1.0030983692642166,-0.17658426144700368
2017-05-08,0.0,0.0,15709.532194253832,15709.532194253832,17000.0,-1290.4678057461679,-0.07590987092624513,-0.02179751130867924,0.8079629598822626,0.0,1.0030983692642166,-0.19453267531985707
2017-05-09,0.0,0.0,15804.837505163487,15804.837505163487,17000.0,-1195.1624948365134,-0.07030367616685373,0.006066718584052833,0.8128646437862067,0.0,1.0030983692642166,-0.18964613173237277
2017-05-10,0.0,0.0,15628.057257227016,15628.057257227016,17000.0,-1371.9427427729843,-0.0807025142807638,-0.011185198701265775,0.8037725912282243,0.0,1.0030983692642166,-0.19871010076728557
2017-05-11,0.0,0.0,15640.639857274065,15640.639857274065,17000.0,-1359.3601427259346,-0.07996236133681967,0.0008051288679040702,0.8044197317446522,0.0,1.0030983692642166,-0.19806495913785338
2017-05-12,0.0,0.0,15670.704241130787,15670.704241130787,17000.0,-1329.2957588692134,-0.07819386816877727,0.0019221965425371135,0.8059659845717604,0.0,1.0030983692642166,-0.19652348237496875
2017-05-15,0.0,0.0,15703.943335494903,15703.943335494903,17000.0,-1296.0566645050967,-0.07623862732382924,0.002121097677082906,0.8076755171494434,0.0,1.0030983692642166,-0.1948192301998436
2017-05-16,0.0,0.0,15985.482118460204,15985.482118460204,17000.0,-1014.5178815397958,-0.05967752244351743,0.01792790364500063,0.8221554459973247,0.0,1.0030983692642166,-0.18038402694205902
2017-05-17,0.0,0.0,15987.728147839334,15987.728147839334,17000.0,-1012.2718521606657,-0.059545403068274494,0.0001405043252675764,0.8222709623935296,0.0,1.0030983692642166,-0.18026886735278602
2017-05-18,0.0,0.0,15861.542179089789,15861.542179089789,17000.0,-1138.457820910211,-0.06696810711236534,-0.007892676656914399,0.8157810435629876,0.0,1.0030983692642166,-0.18673874012837666
2017-05-19,0.0,0.0,15826.992767949465,15826.992767949465,17000.0,-1173.007232050535,-0.06900042541473739,-0.002178187388731323,0.8140041195819326,0.0,1.0030983692642166,-0.1885101755483728
2017-05-22,0.0,0.0,15689.300386284594,15689.300386284594,17000.0,-1310.6996137154056,-0.07709997727737683,-0.008699844858949146,0.8069224100270244,0.0,1.0030983692642166,-0.1955700111257178
2017-05-23,0.0,0.0,15380.467230814189,15380.467230814189,17000.0,-1619.532769185811,-0.09526663348151831,-0.019684316563942095,0.7910386938655133,0.0,1.0030983692642166,-0.21140466568024763
2017-05-24,0.0,0.0,15458.163591651737,15458.163591651737,17000.0,-1541.836408348263,-0.09069625931460368,0.005051625524215897,0.7950347251220867,0.0,1.0030983692642166,-0.20742097736112042
2017-05-25,0.0,0.0,15700.119153408088,15700.119153408088,17000.0,-1299.880846591912,-0.07646357921128899,0.01565228368310323,0.8074788341776157,0.0,1.0030983692642166,-0.19501530565749992
2017-05-26,0.0,0.0,15654.41058966886,15654.41058966886,17000.0,-1345.5894103311402,-0.07915231825477298,-0.0029113513911966926,0.8051279795503707,0.0,1.0030983692642166,-0.197358898967266
2017-05-31,0.0,0.0,15673.900408014524,15673.900408014524,17000.0,-1326.0995919854759,-0.07800585835208684,0.0012450049290597676,0.8061303678534348,0.0,1.0030983692642166,-0.19635960684021436
2017-06-01,1000.0,3.637978807091713e-12,16482.250988776468,16482.25098877647,18000.0,-1517.7490112235282,-0.08431938951241824,-0.012227295966488083,0.796273573258117,2.2072099311974933e-16,1.0030983692642166,-0.20618595577800392
2017-06-02,0.0,3.637978807091713e-12,16522.150175578015,16522.15017557802,18000.0,-1477.8498244219809,-0.0821027680234434,0.0024207365140063164,0.7982011417720412,2.2018797604618916e-16,1.0030983692642166,-0.2042643411358247
2017-06-05,0.0,3.637978807091713e-12,16562.62815097122,16562.628150971224,18000.0,-1437.3718490287756,-0.07985399161270978,0.0024499217694460285,0.8001566721256651,2.1964985109433756e-16,1.0030983692642166,-0.20231485102244895
2017-06-06,0.0,3.637978807091713e-12,16670.38783778152,16670.387837781524,18000.0,-1329.6121622184764,-0.07386734234547088,0.006506194900232742,0.8053626473852363,2.1823000415423155e-16,1.0030983692642166,-0.19712495597417978
2017-06-07,0.0,3.637978807091713e-12,16917.897808487927,16917.89780848793,18000.0,-1082.102191512069,-0.06011678841733714,0.014847283285482682,0.8173200947585112,2.1503728467176882e-16,1.0030983692642166,-0.1852044427526841
2017-06-08,0.0,3.637978807091713e-12,17031.005977935773,17031.005977935776,18000.0,-968.9940220642238,-0.05383300122579027,0.006685710643735909,0.8227844604153774,2.136091556661323e-16,1.0030983692642166,-0.17975695542312697
2017-06-09,0.0,3.637978807091713e-12,17080.312205274593,17080.312205274597,18000.0,-919.6877947254034,-0.0510937663736335,0.0028950860215009033,0.8251664922054341,2.129925239872526e-16,1.0030983692642166,-0.17738228125053912
2017-06-12,0.0,3.637978807091713e-12,16995.13690450992,16995.136904509924,18000.0,-1004.8630954900764,-0.055825727527226476,-0.0049867531542174826,0.8210515905976741,2.14059988309145e-16,1.0030983692642166,-0.1814844727542283
2017-06-13,0.0,3.637978807091713e-12,17143.27102463535,17143.271024635353,18000.0,-856.7289753646473,-0.04759605418692481,0.00871626518560853,0.828208093992389,2.1221030699822907e-16,1.0030983692642166,-0.174350074360216
2017-06-14,0.0,3.637978807091713e-12,17015.12493921619,17015.124939216195,18000.0,-984.8750607838047,-0.05471528115465585,-0.007475007846227677,0.8220172319914867,2.1380852741827101e-16,1.0030983692642166,-0.18052181403261058
2017-06-15,0.0,3.637978807091713e-12,17092.044345579106,17092.04434557911,18000.0,-907.9556544208899,-0.05044198080116058,0.0045206489307423325,0.8257332833123407,2.128463239116673e-16,1.0030983692642166,-0.17681724084745054
2017-06-16,0.0,3.637978807091713e-12,17031.249061848488,17031.24906184849,18000.0,-968.7509381515083,-0.05381949656397267,-0.0035569345890646975,0.8227962040355852,2.1360610686159878e-16,1.0030983692642166,-0.17974524807660186
2017-06-19,0.0,3.637978807091713e-12,17204.328690163664,17204.328690163667,18000.0,-795.6713098363325,-0.04420396165757401,0.010162474148939005,0.831157849188942,2.1145717874895496e-16,1.0030983692642166,-0.17140943036463596
2017-06-20,0.0,3.637978807091713e-12,17190.991119598602,17190.991119598606,18000.0,-809.008880401394,-0.04494493780007747,-0.0007752450447361392,0.8305134981849647,2.1162123706435004e-16,1.0030983692642166,-0.17205179109786084
2017-06-21,0.0,3.637978807091713e-12,17336.361203023836,17336.36120302384,18000.0,-663.6387969761599,-0.03686882205423114,0.008456178146674986,0.837536468278835,2.0984673568390868e-16,1.0030983692642166,-0.16505051354716394
2017-06-22,0.0,3.637978807091713e-12,17172.472047258067,17172.47204725807,18000.0,-827.5279527419298,-0.04597377515232948,-0.00945349222056957,0.8296188237915177,2.1184945283824697e-16,1.0030983692642166,-0.17294370202191434
2017-06-23,0.0,3.637978807091713e-12,17257.15366975719,17257.153669757194,18000.0,-742.8463302428063,-0.041269240569044796,0.004931242413211301,0.833709875322197,2.1080989812747602e-16,1.0030983692642166,-0.16886528692721126
2017-06-26,0.0,3.637978807091713e-12,17519.12274601711,17519.122746017114,18000.0,-480.87725398288603,-0.026715402999049176,0.015180317755355999,0.8463658561453662,2.0765758992805672e-16,1.0030983692642166,-0.15624839788525957
2017-06-27,0.0,3.637978807091713e-12,17526.99170820107,17526.991708201072,18000.0,-473.00829179892753,-0.026278238433273704,0.00044916416752349697,0.846746013360562,2.075643594553344e-16,1.0030983692642166,-0.15586941489929917
2017-06-28,0.0,3.637978807091713e-12,17351.12894527849,17351.128945278495,18000.0,-648.8710547215051,-0.03604839192897247,-0.010033824734468788,0.8382499122678919,2.0966813275176898e-16,1.0030983692642166,-0.1643392732432042
2017-06-29,0.0,3.637978807091713e-12,17467.276336066312,17467.276336066316,18000.0,-532.7236639336843,-0.029595759107426955,0.00669393854164313,0.843861105663151,2.0827395966594051e-16,1.0030983692642166,-0.15874541169662937
2017-06-30,0.0,3.637978807091713e-12,17502.36224132852,17502.362241328523,18000.0,-497.63775867147706,-0.027646542148415443,0.0020086649221757735,0.845556139865285,2.078564457145855e-16,1.0030983692642166,-0.15705561311448502
2017-07-03,1000.0,0.0,18460.418085485588,18460.418085485588,19000.0,-539.5819145144123,-0.028399048132337512,-0.0023964854152025428,0.8435297769083628,0.0,1.0030983692642166,-0.159075717043483
2017-07-04,0.0,0.0,18383.282817817177,18383.282817817177,19000.0,-616.7171821828233,-0.03245879906225391,-0.004178413907594991,0.8400051603570584,0.0,1.0030983692642166,-0.16258944676262288
2017-07-05,0.0,0.0,18608.76205428531,18608.76205428531,19000.0,-391.237945714689,-0.020591470827088898,0.012265450012529877,0.8503082016616851,0.0,1.0030983692642166,-0.15231822948192486
2017-07-06,0.0,0.0,18670.724256775167,18670.724256775167,19000.0,-329.2757432248327,-0.017330302274991216,0.003329732644713257,0.8531395006388254,0.0,1.0030983692642166,-0.14949567581830248
2017-07-07,0.0,0.0,18686.420087103008,18686.420087103008,19000.0,-313.579912896992,-0.016504205941946903,0.0008406653171018075,0.853856705427662,0.0,1.0030983692642166,-0.1487806863309178
2017-07-10,0.0,0.0,18554.529561467563,18554.529561467563,19000.0,-445.4704385324367,-0.023445812554338752,-0.007058094863578113,0.8478301038008513,0.0,1.0030983692642166,-0.154788672996504
2017-07-11,0.0,0.0,18485.02745868551,18485.02745868551,19000.0,-514.9725413144915,-0.027103817963920585,-0.0037458294241202728,0.8446542768513792,0.0,1.0030983692642166,-0.1579546904547935
2017-07-12,0.0,0.0,18389.532415622383,18389.532415622383,19000.0,-610.4675843776167,-0.03212987286197988,-0.005166075261535785,0.8402907292871868,0.0,1.0030983692642166,-0.16230475989752724
2017-07-13,0.0,0.0,18461.432341774962,18461.432341774962,19000.0,-538.567658225038,-0.028345666222370447,0.003909828946574878,0.8435761223040924,0.0,1.0030983692642166,-0.15902951479936656
2017-07-14,0.0,0.0,18472.36573466883,18472.36573466883,19000.0,-527.6342653311694,-0.027770224491114215,0.0005922288526405417,0.8440757124231195,0.0,1.0030983692642166,-0.15853146781381167
2017-07-17,0.0,0.0,17939.900708760855,17939.900708760855,19000.0,-1060.0992912391448,-0.05579469953890237,-0.028824950391094117,0.8197452718861957,0.0,1.0030983692642166,-0.18278675650974519
2017-07-18,0.0,0.0,17947.605113815203,17947.605113815203,19000.0,-1052.3948861847966,-0.0553892045360419,0.0004294563932889517,0.8200973167340756,0.0,1.0030983692642166,-0.18243579905764795
2017-07-19,0.0,0.0,18320.63729893403,18320.63729893403,19000.0,-679.3627010659693,-0.035755931635050975,0.02078451039864282,0.837142637941634,0.0,1.0030983692642166,-0.1654431274216036
2017-07-20,0.0,0.0,18384.086163943168,18384.086163943168,19000.0,-615.9138360568322,-0.03241651768720166,0.0034632455178198462,0.8400418684302613,0.0,1.0030983692642166,-0.16255285207328074
2017-07-21,0.0,0.0,18384.086163943168,18384.086163943168,19000.0,-615.9138360568322,-0.03241651768720166,0.0,0.8400418684302613,0.0,1.0030983692642166,-0.16255285207328074
2017-07-24,0.0,0.0,18354.996085344355,18354.996085344355,19000.0,-645.0039146556446,-0.03394757445556029,-0.0015823510801351581,0.8387126272723919,0.0,1.0030983692642166,-0.1638779874723586
2017-07-25,0.0,0.0,18274.964207918427,18274.964207918427,19000.0,-725.0357920815732,-0.038159778530609145,-0.0043602230724435476,0.8350556531238091,0.0,1.0030983692642166,-0.16752366596275958
2017-07-26,0.0,0.0,18144.61531930936,18144.61531930936,19000.0,-855.3846806906404,-0.04502024635213897,-0.007132648093099325,0.8290994950119238,0.0,1.0030983692642166,-0.17346142669928055
2017-07-27,0.0,0.0,18307.825134503128,18307.825134503128,19000.0,-692.1748654968724,-0.03643025607878281,0.008994944909087144,0.8365571992937081,0.0,1.0030983692642166,-0.1660267577672051
2017-07-28,0.0,0.0,18284.133783674417,18284.133783674417,19000.0,-715.8662163255831,-0.037677169280293854,-0.0012940559927056006,0.8354746474367211,0.0,1.0030983692642166,-0.16710596583907256
2017-07-31,0.0,0.0,18363.14144187365,18363.14144187365,19000.0,-636.8585581263505,-0.03351887148033428,0.004321104796869202,0.8390848209434225,0.0,1.0030983692642166,-0.16350694343277594
2017-08-01,1000.0,-3.637978807091713e-12,19506.21068982756,19506.210689827556,20000.0,-493.78931017244395,-0.024689465508622166,0.0077911096206917385,0.8456222227644512,-1.8650361492244675e-16,1.0030983692642166,-0.15698973433211327
2017-08-02,0.0,-3.637978807091713e-12,19379.143401206613,19379.14340120661,20000.0,-620.8565987933907,-0.03104282993966956,-0.0065141964598594004,0.8401136734745406,-1.8772650223875223e-16,1.0030983692642166,-0.16248126882035208
2017-08-03,0.0,-3.637978807091713e-12,19245.14909474124,19245.149094741235,20000.0,-754.8509052587651,-0.0377425452629383,-0.006914356516760756,0.834304828021532,-1.8903354758035082e-16,1.0030983692642166,-0.16827217191719335
2017-08-04,0.0,-3.637978807091713e-12,19138.43773205728,19138.437732057275,20000.0,-861.5622679427252,-0.0430781133971363,-0.0055448446857249145,0.8296787373296022,-1.9008755354142746e-16,1.0030983692642166,-0.17288397354470786
2017-08-07,0.0,-3.637978807091713e-12,19234.596487718558,19234.596487718554,20000.0,-765.4035122814457,-0.03827017561407231,0.005024378531180318,0.8338473573652179,-1.8913725637107033e-16,1.0030983692642166,-0.16872822953859068
2017-08-08,0.0,-3.637978807091713e-12,19248.76398521508,19248.763985215075,20000.0,-751.2360147849249,-0.0375618007392462,0.0007365632809384071,0.8344615387105606,-1.8899804734922383e-16,1.0030983692642166,-0.16811594527598817
2017-08-09,0.0,-3.637978807091713e-12,19276.63369788074,19276.633697880738,20000.0,-723.3663021192624,-0.03616831510596308,0.0014478702469971072,0.8356697307447231,-1.8872479832885294e-16,1.0030983692642166,-0.16691148510420195
2017-08-10,0.0,-3.637978807091713e-12,19189.83541946609,19189.835419466086,20000.0,-810.164580533914,-0.04050822902669571,-0.004502771582166609,0.831906900829049,-1.8957842668110448e-16,1.0030983692642166,-0.17066269239450405
2017-08-11,0.0,-3.637978807091713e-12,18938.482288975578,18938.482288975574,20000.0,-1061.5177110244258,-0.053075885551221336,-0.013098243158226386,0.8210103819569835,-1.9209452751181887e-16,1.0030983692642166,-0.18152555410970972
2017-08-14,0.0,-3.637978807091713e-12,19287.313947020222,19287.31394702022,20000.0,-712.6860529797814,-0.035634302648989036,0.018419198155477545,0.8361327348699535,-1.8862029295965083e-16,1.0030983692642166,-0.16644991110566165
2017-08-15,0.0,-3.637978807091713e-12,19365.92958965791,19365.929589657906,20000.0,-634.070410342094,-0.03170352051710468,0.004076028567463252,0.8395408357834746,-1.8785459227500873e-16,1.0030983692642166,-0.16305233713091682
2017-08-16,0.0,-3.637978807091713e-12,19441.64615352692,19441.646153526915,20000.0,-558.3538464730846,-0.027917692323654264,0.003909782048853616,0.8428232574725004,-1.871229821982819e-16,1.0030983692642166,-0.15978005418280128
2017-08-17,0.0,-3.637978807091713e-12,19498.550573329627,19498.550573329623,20000.0,-501.44942667037685,-0.025072471333518864,0.002926934239690704,0.8452901457228044,-1.8657688392837716e-16,1.0030983692642166,-0.1573207856545179
2017-08-18,0.0,-3.637978807091713e-12,19487.797095711772,19487.79709571177,20000.0,-512.2029042882314,-0.025610145214411517,-0.0005515013835214466,0.8448239670379611,-1.8667983811737444e-16,1.0030983692642166,-0.15778552440709426
2017-08-21,0.0,-3.637978807091713e-12,19589.59537200809,19589.595372008087,20000.0,-410.404627991913,-0.02052023139959569,0.005223693360329573,0.8492370683852246,-1.8570974734322916e-16,1.0030983692642166,-0.15338605424296614
2017-08-22,0.0,-3.637978807091713e-12,19604.688752898666,19604.688752898663,20000.0,-395.31124710133736,-0.01976556235506688,0.0007704794613645483,0.8498913881042449,-1.8556677195672477e-16,1.0030983692642166,-0.1527337555860555
2017-08-23,0.0,-3.637978807091713e-12,19585.565889146506,19585.565889146503,20000.0,-414.43411085349726,-0.02072170554267483,-0.0009754229711671503,0.8490623845212909,-1.857479547786632e-16,1.0030983692642166,-0.1535601985435513
2017-08-24,0.0,-3.637978807091713e-12,19453.412110702637,19453.412110702633,20000.0,-546.5878892973669,-0.027329394464868373,-0.006747508812962266,0.8433333285989787,-1.8700980508659535e-16,1.0030983692642166,-0.15927155856352082
2017-08-25,0.0,-3.637978807091713e-12,19670.162894535402,19670.1628945354,20000.0,-329.83710546460134,-0.01649185527323005,0.011142044521511796,0.8527297860927032,-1.849490940465158e-16,1.0030983692642166,-0.14990412483853433
2017-08-28,0.0,-3.637978807091713e-12,20013.597224744903,20013.5972247449,20000.0,13.597224744898995,0.0006798612372449497,0.017459658674454204,0.8676181570994221,-1.8177535833456767e-16,1.0030983692642166,-0.13506174101765378
2017-08-29,0.0,-3.637978807091713e-12,19960.172073931953,19960.17207393195,20000.0,-39.82792606805015,-0.001991396303402504,-0.002669442690037438,0.8653021001522093,-1.8226189602057214e-16,1.0030983692642166,-0.13737064413042788
2017-08-30,0.0,-3.637978807091713e-12,19983.591940973107,19983.591940973103,20000.0,-16.408059026896808,-0.0008204029513448896,0.0011733299169169875,0.866317384993489,-1.8204829331170586e-16,1.0030983692642166,-0.13635849529997535
2017-08-31,0.0,-3.637978807091713e-12,20042.377642770687,20042.377642770683,20000.0,42.37764277068345,0.0021188821385340617,0.0029416984679841995,0.8688658295177124,-1.8151433287676512e-16,1.0030983692642166,-0.1338179224087117
2017-09-01,1000.0,-7.275957614183426e-12,21114.761820249165,21114.761820249158,21000.0,114.76182024915761,0.005464848583293325,0.0036115564115508647,0.8720037874750846,-3.4459103427848036e-16,1.0030983692642166,-0.13068965697281643
2017-09-04,0.0,-7.275957614183426e-12,21314.35087738316,21314.350877383153,21000.0,314.3508773831527,0.014969089399197832,0.00945258387629977,0.8802464764166439,-3.4136425997866113e-16,1.0030983692642166,-0.12247242804081704
2017-09-05,0.0,-7.275957614183426e-12,21343.800559105945,21343.800559105937,21000.0,343.8005591059373,0.016371455195520745,0.0013816832561406311,0.8814626982343855,-3.40893253478199e-16,1.0030983692642166,-0.12125996288783936
2017-09-06,0.0,-7.275957614183426e-12,21450.847924383143,21450.847924383135,21000.0,450.84792438313525,0.021468948780149377,0.005015384442932591,0.8858835725381357,-3.391920748229658e-16,1.0030983692642166,-0.11685274377632504
2017-09-07,0.0,-7.275957614183426e-12,21285.00885599822,21285.008855998214,21000.0,285.00885599821413,0.013571850285629239,-0.007731119486256377,0.8790347007879317,-3.418348408219256e-16,1.0030983692642166,-0.12368046073814964
2017-09-08,0.0,-7.275957614183426e-12,21256.326989266436,21256.32698926643,21000.0,256.3269892664284,0.012206047107925055,-0.0013475149071269232,0.877850188424738,-3.422960899057248e-16,1.0030983692642166,-0.12486131438071169
2017-09-11,0.0,-7.275957614183426e-12,21318.494426352197,21318.49442635219,21000.0,318.4944263521902,0.015166401254866235,0.002924655662154274,0.8804175979488377,-3.4129791103772687e-16,1.0030983692642166,-0.12230183506864489
2017-09-12,0.0,-7.275957614183426e-12,21371.837067706892,21371.837067706885,21000.0,371.83706770688514,0.017706527033661157,0.0025021767620116986,0.8826205584032915,-3.4044605483061116e-16,1.0030983692642166,-0.12010567911629333
2017-09-13,0.0,-7.275957614183426e-12,21326.656716823953,21326.656716823945,21000.0,326.6567168239453,0.015555081753521272,-0.0021140134439452396,0.8807546866769245,-3.4116728706209476e-16,1.0030983692642166,-0.12196578753989251
2017-09-14,0.0,-7.275957614183426e-12,21236.431709925542,21236.431709925535,21000.0,236.43170992553496,0.011258652853596951,-0.0042306212406576504,0.8770285471916603,-3.426167688417622e-16,1.0030983692642166,-0.12568041772915028
2017-09-15,0.0,-7.275957614183426e-12,21113.02233350944,21113.022333509434,21000.0,113.02233350943425,0.005382015881401525,-0.005811210569731551,0.8719319496282638,-3.4461942488619564e-16,1.0030983692642166,-0.13076127292696604
2017-09-18,0.0,-7.275957614183426e-12,21300.460467738798,21300.46046773879,21000.0,300.4604677387906,0.014307641320894682,0.008877844738119922,0.8796728260992698,-3.4158686969248537e-16,1.0030983692642166,-0.12304430646765063
2017-09-19,0.0,-7.275957614183426e-12,21137.65142091372,21137.651420913713,21000.0,137.65142091371308,0.0065548295673196755,-0.007643451984132632,0.8729490890912338,-3.4421788254983485e-16,1.0030983692642166,-0.1297472752033768
2017-09-20,0.0,-7.275957614183426e-12,21281.673080787845,21281.673080787838,21000.0,281.67308078783753,0.013413003847039917,0.006813512864141114,0.8788969389394972,-3.4188842139257567e-16,1.0030983692642166,-0.12381779706792118
2017-09-21,0.0,-7.275957614183426e-12,21214.76333138361,21214.7633313836,21000.0,214.76333138360133,0.010226825303981002,-0.0031440079522995212,0.8761336799742196,-3.429667114607824e-16,1.0030983692642166,-0.12657252088160298
2017-09-22,0.0,-7.275957614183426e-12,21321.10374142577,21321.103741425763,21000.0,321.10374142576256,0.015290654353607769,0.005012566408640895,0.8805253582279373,-3.4125614238472233e-16,1.0030983692642166,-0.12219440763939027
2017-09-25,0.0,-7.275957614183426e-12,21092.070375296655,21092.070375296647,21000.0,92.0703752966474,0.004384303585554639,-0.01074209707465168,0.8710666693531603,-3.4496175504445203e-16,1.0030983692642166,-0.13162388052520002
2017-09-26,0.0,-7.275957614183426e-12,21090.612599134573,21090.612599134565,21000.0,90.61259913456524,0.004314885673074587,-6.91148918121609e-05,0.8710064656745469,-3.4498559868678203e-16,1.0030983692642166,-0.13168389824674975
2017-09-27,0.0,-7.275957614183426e-12,21356.052783183426,21356.05278318342,21000.0,356.0527831834188,0.01695489443730569,0.012585702895123285,0.8819686942712581,-3.4069767892280153e-16,1.0030983692642166,-0.12075552977103166
2017-09-28,0.0,-7.275957614183426e-12,21400.416588770724,21400.416588770717,21000.0,400.41658877071677,0.019067456608129474,0.002077341072233674,0.8838008440642922,-3.3999140082166837e-16,1.0030983692642166,-0.11892903912049069
2017-09-29,0.0,-7.275957614183426e-12,21601.661657765842,21601.661657765835,21000.0,601.6616577658351,0.028650555131706446,0.009403792125276533,0.8921119234820167,-3.368239781483526e-16,1.0030983692642166,-0.1106436309567621
2017-10-09,1000.0,-3.637978807091713e-12,22932.18803564786,22932.188035647858,22000.0,932.1880356478578,0.04237218343853888,0.015300970041959516,0.90576210129729,-1.5864071938693817e-16,1.0030983692642166,-0.0970356157974056
2017-10-10,0.0,-3.637978807091713e-12,22882.92081300288,22882.920813002875,22000.0,882.9208130028746,0.04013276422740342,-0.0021483873483156835,0.903816173458279,-1.589822748949289e-16,1.0030983692642166,-0.09897553305640616
2017-10-11,0.0,-3.637978807091713e-12,22708.626002715882,22708.62600271588,22000.0,708.6260027158787,0.032210272850721866,-0.007616807824111116,0.8969319793567239,-1.6020250660064693e-16,1.0030983692642166,-0.1058384632659376
2017-10-12,0.0,-3.637978807091713e-12,22849.320678373286,22849.320678373282,22000.0,849.3206783732821,0.03860548538060371,0.006195648985569457,0.9024890550647502,-1.5921605978137607e-16,1.0030983692642166,-0.10029855224793593
2017-10-13,0.0,-3.637978807091713e-12,22960.60330489619,22960.603304896187,22000.0,960.6033048961872,0.04366378658619041,0.004870281619717254,0.9068844309216281,-1.5844439097625712e-16,1.0030983692642166,-0.09591675282371603
2017-10-16,0.0,-3.637978807091713e-12,22716.75888823313,22716.758888233126,22000.0,716.7588882331256,0.03257994946514198,-0.010620122364601081,0.8972532072946887,-1.601451520875243e-16,1.0030983692642166,-0.10551822753651408
2017-10-17,0.0,-3.637978807091713e-12,22711.844450830482,22711.84445083048,22000.0,711.8444508304783,0.03235656594683989,-0.0002163353243667121,0.8970590997310496,-1.6017980463751753e-16,1.0030983692642166,-0.10571173554090008
2017-10-18,0.0,-3.637978807091713e-12,22736.52067008452,22736.520670084516,22000.0,736.5206700845156,0.033478212276568886,0.0010864912053911713,0.8980337465536234,-1.6000595956963498e-16,1.0030983692642166,-0.10474009920648075
2017-10-19,0.0,-3.637978807091713e-12,22434.781147790567,22434.781147790563,22000.0,434.7811477905634,0.01976277944502569,-0.013271138828684803,0.8861158160302663,-1.6215798064292642e-16,1.0030983692642166,-0.1166212176376662
2017-10-20,0.0,-3.637978807091713e-12,22544.36289758636,22544.362897586358,22000.0,544.3628975863576,0.02474376807210721,0.004884458157800475,0.8904440116566315,-1.6136977672060105e-16,1.0030983692642166,-0.11230639093772854
2017-10-23,0.0,-3.637978807091713e-12,22648.702842613107,22648.702842613104,22000.0,648.7028426131037,0.029486492846050094,0.0046282055297255376,0.8945651695552916,-1.6062636489039561e-16,1.0030983692642166,-0.10819796246756463
2017-10-24,0.0,-3.637978807091713e-12,22657.48234107075,22657.482341070747,22000.0,657.4823410707468,0.029885560957761292,0.00038763802583541285,0.8949119370315992,-1.6056412413029777e-16,1.0030983692642166,-0.1078522660862995
2017-10-25,0.0,-3.637978807091713e-12,22863.59492932487,22863.594929324867,22000.0,863.5949293248668,0.03925431496931209,0.009096888398783198,0.9030528510495146,-1.5911665765323886e-16,1.0030983692642166,-0.09973649771565918
2017-10-26,0.0,-3.637978807091713e-12,23003.70659217555,23003.706592175546,22000.0,1003.7065921755457,0.04562302691707032,0.006128155405297653,0.9085868992599432,-1.581475051646299e-16,1.0030983692642166,-0.09421954306794311
2017-10-27,0.0,-3.637978807091713e-12,23012.999012473094,23012.99901247309,22000.0,1012.9990124730903,0.04604540965786774,0.0004039531742552338,0.908953925821986,-1.580836467737178e-16,1.0030983692642166,-0.09385365017718705
2017-10-30,0.0,-3.637978807091713e-12,22762.29736790063,22762.297367900628,22000.0,762.2973679006282,0.034649880359119534,-0.010893914540933247,0.8990518594324355,-1.598247640952968e-16,1.0030983692642166,-0.10372513107373538
2017-10-31,0.0,-3.637978807091713e-12,22906.660091335172,22906.66009133517,22000.0,906.6600913351685,0.0412118223334168,0.00634218598857772,0.9047538135383326,-1.5881751388400093e-16,1.0030983692642166,-0.09804078915811687
2017-11-01,1000.0,-3.637978807091713e-12,23831.42756865122,23831.427568651216,23000.0,831.4275686512156,0.03614902472396597,-0.003284307811962983,0.9017823235206254,-1.5265467402705036e-16,1.0030983692642166,-0.10100310084035691
2017-11-02,0.0,-3.637978807091713e-12,23717.828638410378,23717.828638410374,23000.0,717.828638410374,0.03120994080045114,-0.004766769842620477,0.8974837347362591,-1.5338582897087408e-16,1.0030983692642166,-0.10528841214788032
2017-11-03,0.0,-3.637978807091713e-12,23741.299040089478,23741.299040089474,23000.0,741.2990400894741,0.03223039304736841,0.0009895678916025386,0.8983718558233896,-1.532341933332559e-16,1.0030983692642166,-0.10440303428829711
2017-11-06,0.0,-3.637978807091713e-12,24134.740274034903,24134.7402740349,23000.0,1134.740274034899,0.049336533653691284,0.016572017954074925,0.9132596903475304,-1.5073619047832032e-16,1.0030983692642166,-0.0895611852929078
2017-11-07,0.0,-3.637978807091713e-12,24313.52783279829,24313.527832798285,23000.0,1313.527832798285,0.057109905773838454,0.007407892388041626,0.9200250198559611,-1.4962776410357772e-16,1.0030983692642166,-0.08281675252766152
2017-11-08,0.0,-3.637978807091713e-12,24241.793958839975,24241.79395883997,23000.0,1241.7939588399713,0.0539910416886944,-0.0029503688009251405,0.9173106067413075,-1.5007052750586942e-16,1.0030983692642166,-0.08552278136573521
2017-11-09,0.0,-3.637978807091713e-12,24604.348746163767,24604.348746163763,23000.0,1604.3487461637633,0.06975429331146787,0.014955773815228834,0.9310296966940408,-1.4785917906723445e-16,1.0030983692642166,-0.07184606692466156
2017-11-10,0.0,-3.637978807091713e-12,24970.663229692655,24970.66322969265,23000.0,1970.663229692651,0.08568100998663697,0.014888200752966485,0.9448910537253952,-1.456901153817087e-16,1.0030983692642166,-0.05802752483938056
2017-11-13,0.0,-3.637978807091713e-12,25084.314390244188,25084.314390244184,23000.0,2084.3143902441843,0.09062236479322539,0.0045513873422629025,0.9491916189071384,-1.4503002755006925e-16,1.0030983692642166,-0.05374024323917437
2017-11-14,0.0,-3.637978807091713e-12,24786.17869379871,24786.178693798705,23000.0,1786.1786937987054,0.07765994320863934,-0.011885343637752732,0.9379101503383522,-1.4677449283466615e-16,1.0030983692642166,-0.06498686561885314
2017-11-15,0.0,-3.637978807091713e-12,24589.291737676278,24589.291737676274,23000.0,1589.2917376762744,0.06909964076853359,-0.007943417117850848,0.9304599387951485,-1.4794971916647435e-16,1.0030983692642166,-0.07241406495591163
2017-11-16,0.0,-3.637978807091713e-12,24848.77880944605,24848.778809446045,23000.0,1848.7788094460448,0.0803816873672194,0.010552848554485905,0.9402789416152699,-1.4640473219990864e-16,1.0030983692642166,-0.06262539106212028
2017-11-17,0.0,-3.637978807091713e-12,24376.036091872495,24376.03609187249,23000.0,1376.036091872491,0.05982765616836927,-0.019024786738970234,0.9223903352758948,-1.4924406878051414e-16,1.0030983692642166,-0.08045874309168899
2017-11-20,0.0,-3.637978807091713e-12,24696.95571301847,24696.955713018466,23000.0,1696.9557130184658,0.07378068317471587,0.01316537356346359,0.9345339486111304,-1.473047467617246e-16,1.0030983692642166,-0.06835263893747423
2017-11-21,0.0,-3.637978807091713e-12,25042.44617942352,25042.446179423518,23000.0,2042.4461794235176,0.08880200780102254,0.013989192450263532,0.9476073238695562,-1.4527250177663993e-16,1.0030983692642166,-0.05531964470779038
2017-11-22,0.0,-3.637978807091713e-12,24898.559189486758,24898.559189486754,23000.0,1898.559189486754,0.08254605171681528,-0.005745724235797334,0.9421626335027797,-1.4611202115774733e-16,1.0030983692642166,-0.06074751752027452
2017-11-23,0.0,-3.637978807091713e-12,24024.864113471365,24024.86411347136,23000.0,1024.8641134713616,0.044559309281363646,-0.035090186117448297,0.9091019713402619,-1.51425572686249e-16,1.0030983692642166,-0.09370606194176356
2017-11-24,0.0,-3.637978807091713e-12,23909.098305970987,23909.098305970983,23000.0,909.0983059709833,0.03952601330308614,-0.0048185832374996185,0.9047213878199839,-1.5215876234793746e-16,1.0030983692642166,-0.0980731147199384
2017-11-27,0.0,-3.637978807091713e-12,23392.83686574997,23392.836865749967,23000.0,392.8368657499668,0.017079863728259426,-0.02159267713128632,0.8851860309990177,-1.5551678609866117e-16,1.0030983692642166,-0.11754813074981751
2017-11-28,0.0,-3.637978807091713e-12,23675.726677278966,23675.726677278963,23000.0,675.7266772789626,0.02937942075125921,0.012093010059125442,0.8958905945760861,-1.5365859120949372e-16,1.0030983692642166,-0.10687663141828108
2017-11-29,0.0,-3.637978807091713e-12,23488.895298805415,23488.89529880541,23000.0,488.8952988054116,0.021256317339365616,-0.007891262685206124,0.8888208865570807,-1.5488079625765678e-16,1.0030983692642166,-0.1139245025300556
2017-11-30,0.0,-3.637978807091713e-12,23245.343996194544,23245.34399619454,23000.0,245.34399619454052,0.010667130269327751,-0.010368784888034166,0.8796048939803786,-1.5650354787983695e-16,1.0030983692642166,-0.1231120287578793
2017-12-01,1000.0,3.637978807091713e-12,24398.155956243092,24398.155956243096,24000.0,398.1559562430957,0.01658983151012894,0.006573873893781501,0.8853873056297586,1.4910876107260936e-16,1.0030983692642166,-0.11734747781595967
2017-12-04,0.0,3.637978807091713e-12,24373.61697088585,24373.616970885854,24000.0,373.61697088585424,0.015567373786910643,-0.0010057721329944647,0.8844968077508492,1.492588814962202e-16,1.0030983692642166,-0.11823522512588969
2017-12-05,0.0,3.637978807091713e-12,24034.85876924926,24034.858769249262,24000.0,34.85876924926197,0.0014524487187193014,-0.013898560974402674,0.8722035749366595,1.5136260387542717e-16,1.0030983692642166,-0.13049048661455787
2017-12-06,0.0,3.637978807091713e-12,23990.401247297457,23990.40124729746,24000.0,-9.598752702539059,-0.00039994802927245665,-0.001849710138870475,0.87059025114094,1.5164309965434757e-16,1.0030983692642166,-0.13209882717731136
2017-12-07,0.0,3.637978807091713e-12,23717.027109420917,23717.02710942092,24000.0,-282.97289057907983,-0.011790537107461696,-0.011395146544592949,0.860669747648895,1.533910127229491e-16,1.0030983692642166,-0.14198868822784994
2017-12-08,0.0,3.637978807091713e-12,24081.488040053195,24081.4880400532,24000.0,81.48804005319835,0.0033953350022166706,0.015367057976988452,0.8738957095600556,1.5106951867097647e-16,1.0030983692642166,-0.1288035786549354
2017-12-11,0.0,3.637978807091713e-12,24524.09520525368,24524.095205253685,24000.0,524.095205253685,0.02183730021890362,0.018379560451759813,0.8899575285824481,1.483430388213615e-16,1.0030983692642166,-0.11279137136346706
2017-12-12,0.0,3.637978807091713e-12,24252.911004971604,24252.911004971607,24000.0,252.91100497160733,0.010537958540483672,-0.011057867701638302,0.8801164959713065,1.5000173819736374e-16,1.0030983692642166,-0.12260200700268176
2017-12-13,0.0,3.637978807091713e-12,24475.2571487421,24475.257148742105,24000.0,475.2571487421046,0.019802381197587593,0.009167812627726146,0.8881852390969424,1.486390432992319e-16,1.0030983692642166,-0.11455818660293926
2017-12-14,0.0,3.637978807091713e-12,24388.14344359697,24388.143443596975,24000.0,388.143443596975,0.01617264348320724,-0.0035592559708654825,0.8850239604814519,1.4916997743208092e-16,1.0030983692642166,-0.11770970066412678
2017-12-15,0.0,3.637978807091713e-12,24054.249217956363,24054.249217956367,24000.0,54.24921795636692,0.0022603840815151877,-0.01369084229034545,0.8729072370153235,1.5124058847681605e-16,1.0030983692642166,-0.1297889980066359
2017-12-18,0.0,3.637978807091713e-12,24056.73029100443,24056.730291004435,24000.0,56.73029100443455,0.002363762125184854,0.00010314489658713732,0.8729972729420156,1.5122499039082078e-16,1.0030983692642166,-0.1296992401828263
2017-12-19,0.0,3.637978807091713e-12,24259.046156939818,24259.04615693982,24000.0,259.04615693982123,0.01079358987249246,0.008409948629263253,0.8803391351609449,1.4996380251541716e-16,1.0030983692642166,-0.12238005550075504
2017-12-20,0.0,3.637978807091713e-12,23999.133114296455,23999.13311429646,24000.0,-0.8668857035409019,-3.612023764754113e-05,-0.010714066866516436,0.8709071228016193,1.5158792568738836e-16,1.0030983692642166,-0.13178293426950838
2017-12-21,0.0,3.637978807091713e-12,24286.939240388656,24286.93924038866,24000.0,286.9392403886595,0.011955801682860923,0.011992355087224071,0.881351350266249,1.4979157196728322e-16,1.0030983692642166,-0.12137096692448057
2017-12-22,0.0,3.637978807091713e-12,24277.562844697037,24277.56284469704,24000.0,277.5628446970404,0.011565118529043295,-0.00038606740844582266,0.8810110892345215,1.498494239460432e-16,1.0030983692642166,-0.12171017695826525
2017-12-25,0.0,3.637978807091713e-12,24075.810679670274,24075.810679670278,24000.0,75.81067967027775,0.0031587783195949903,-0.008310231398323098,0.8736896832184939,1.5110514264691567e-16,1.0030983692642166,-0.1290089686225343
2017-12-26,0.0,3.637978807091713e-12,24092.92655224587,24092.926552245874,24000.0,92.92655224587361,0.003871939676911351,0.0007109157321147919,0.8743108029592803,1.509977959382685e-16,1.0030983692642166,-0.12838976739579722
2017-12-27,0.0,3.637978807091713e-12,23795.947664139912,23795.947664139916,24000.0,-204.05233586008399,-0.008502180660836856,-0.012326393286508974,0.8635337041473607,1.528822830861275e-16,1.0030983692642166,-0.13913357791542225
2017-12-28,0.0,3.637978807091713e-12,24070.825651002026,24070.82565100203,24000.0,70.82565100202919,0.0029510687917511103,0.011551462070004126,0.8735087809769891,1.511364362751001e-16,1.0030983692642166,-0.12918931209337203
2017-12-29,0.0,3.637978807091713e-12,24158.22503637163,24158.225036371634,24000.0,158.2250363716339,0.006592709848818101,0.0036309259448259468,0.8766804266728718,1.5058965638471043e-16,1.0030983692642166,-0.1260274629736201
2018-01-02,1000.0,3.637978807091713e-12,25490.50322517714,25490.503225177144,25000.0,490.5032251771445,0.019620129007085874,0.013754246775383727,0.8887385056044792,1.4271898734029135e-16,1.0030983692642166,-0.11400662902445113
2018-01-03,0.0,3.637978807091713e-12,25611.52275970894,25611.522759708943,25000.0,611.5227597089433,0.024460910388357737,0.004747632224548104,0.8929579091728838,1.4204461176415643e-16,1.0030983692642166,-0.10980025834567153
2018-01-04,0.0,3.637978807091713e-12,25747.62653592168,25747.626535921685,25000.0,747.626535921685,0.02990506143686744,0.005314161812621787,0.8977032319940889,1.41293753892857e-16,1.0030983692642166,-0.10506959287296636
2018-01-05,0.0,3.637978807091713e-12,25738.437087093243,25738.437087093247,25000.0,738.4370870932471,0.029537483483729865,-0.00035690469626847854,0.8973828374947348,1.41344200301735e-16,1.0030983692642166,-0.10538899773810351
2018-01-08,0.0,3.637978807091713e-12,25887.018771229,25887.018771229003,25000.0,887.0187712290026,0.035480750849160136,0.005772754718283313,0.902563208503989,1.4053293812012782e-16,1.0030983692642166,-0.10022462785376796
2018-01-09,0.0,3.637978807091713e-12,26055.713109145643,26055.713109145647,25000.0,1055.7131091456467,0.042228524365825804,0.006516561038080404,0.9084448167429309,1.3962307582419495e-16,1.0030983692642166,-0.09436118672061555
2018-01-10,0.0,3.637978807091713e-12,26218.568295555837,26218.56829555584,25000.0,1218.5682955558405,0.04874273182223354,0.00625026786747318,0.9141228401903918,1.3875581481344142e-16,1.0030983692642166,-0.08870070154643883
2018-01-11,0.0,3.637978807091713e-12,26122.826544122167,26122.82654412217,25000.0,1122.8265441221702,0.04491306176488674,-0.0036516773286167092,0.9107847585392979,1.3926436333170406e-16,1.0030983692642166,-0.092028472534186
2018-01-12,0.0,3.637978807091713e-12,26356.655668232408,26356.65566823241,25000.0,1356.6556682324117,0.054266226729296374,0.008951141780744853,0.9189373220447246,1.380288475474738e-16,1.0030983692642166,-0.08390109065896001
2018-01-15,0.0,3.637978807091713e-12,26203.090614971406,26203.09061497141,25000.0,1203.09061497141,0.04812362459885633,-0.005826424080278669,0.9135832035032964,1.3883777530476178e-16,1.0030983692642166,-0.08923867140426178
2018-01-16,0.0,3.637978807091713e-12,26301.946335025223,26301.946335025226,25000.0,1301.9463350252263,0.05207785340100912,0.0037726740523247315,0.917029855149793,1.3831595429297812e-16,1.0030983692642166,-0.08580266577200779
2018-01-17,0.0,3.637978807091713e-12,26246.65044006489,26246.650440064892,25000.0,1246.6504400648919,0.04986601760259557,-0.0021023499271116686,0.9151019375006596,1.386073554566195e-16,1.0030983692642166,-0.08772462847098761
2018-01-18,0.0,3.637978807091713e-12,26526.283881732412,26526.283881732415,25000.0,1526.2838817324155,0.061051355269296614,0.010654062022354971,0.9248514902995688,1.3714619142702617e-16,1.0030983692642166,-0.07800519008125062
2018-01-19,0.0,3.637978807091713e-12,26564.70731178597,26564.707311785973,25000.0,1564.7073117859727,0.06258829247143893,0.001448504065811429,0.9261911414435395,1.369478219501274e-16,1.0030983692642166,-0.07666967685042625
2018-01-22,0.0,3.637978807091713e-12,27053.304893548353,27053.304893548357,25000.0,2053.3048935483566,0.08213219574193431,0.018392733487622825,0.9432263282667077,1.3447446888307145e-16,1.0030983692642166,-0.05968710829569557
2018-01-23,0.0,3.637978807091713e-12,27257.8621256892,27257.862125689204,25000.0,2257.862125689204,0.09031448502756811,0.007561265913564208,0.9503583133514071,1.3346530224258106e-16,1.0030983692642166,-0.052577152479566736
2018-01-24,0.0,3.637978807091713e-12,27255.106989591186,27255.10698959119,25000.0,2255.1069895911896,0.09020427958364752,-0.00010107674935433408,0.9502622542223716,1.334787938451707e-16,1.0030983692642166,-0.05267291490125814
2018-01-25,0.0,3.637978807091713e-12,27201.279581244526,27201.27958124453,25000.0,2201.2795812445293,0.08805118324978123,-0.001974947607698563,0.9483855360567089,1.3374292912308893e-16,1.0030983692642166,-0.05454383626168202
2018-01-26,0.0,3.637978807091713e-12,27246.637129010185,27246.63712901019,25000.0,2246.637129010189,0.08986548516040749,0.0016674784592463077,0.9499669485091443,1.3352028692077614e-16,1.0030983692642166,-0.05296730847448661
2018-01-29,0.0,3.637978807091713e-12,26959.074563207956,26959.07456320796,25000.0,1959.0745632079597,0.0783629825283183,-0.010554057164583242,0.9399409430301141,1.3494449887595906e-16,1.0030983692642166,-0.06296234563757608
2018-01-30,0.0,3.637978807091713e-12,26604.474852045747,26604.47485204575,25000.0,1604.4748520457506,0.06417899408183003,-0.013153259780146365,0.9275776556284433,1.3674311661190225e-16,1.0030983692642166,-0.07528744532918397
2018-01-31,0.0,3.637978807091713e-12,26720.28853476533,26720.288534765332,25000.0,1720.2885347653319,0.06881154139061318,0.004353165524358271,0.93161555470009,1.3615043124846493e-16,1.0030983692642166,-0.07126201851624969
2018-02-01,1000.0,-3.637978807091713e-12,27554.103438781425,27554.10343878142,26000.0,1554.1034387814216,0.05977320918390072,-0.006219434934906842,0.9258214323732857,-1.3203038215975436e-16,1.0030983692642166,-0.07703824396366465
2018-02-02,0.0,-3.637978807091713e-12,27656.726583179036,27656.726583179032,26000.0,1656.7265831790319,0.06372025319919361,0.003724423283291145,0.9292695832721868,-1.3154046977144254e-16,1.0030983692642166,-0.07360074370989556
2018-02-05,0.0,-3.637978807091713e-12,27581.575583915692,27581.57558391569,26000.0,1581.5755839156882,0.06082983015060339,-0.00271727744197503,0.9267444999960477,-1.3189887561076154e-16,1.0030983692642166,-0.07611802751127517
2018-02-06,0.0,-3.637978807091713e-12,26529.212167201233,26529.21216720123,26000.0,529.212167201229,0.020354314123124162,-0.03815457944063749,0.8913849533497746,-1.371310532767891e-16,1.0030983692642166,-0.11136835562436909
2018-02-07,0.0,-3.637978807091713e-12,26164.968335714082,26164.96833571408,26000.0,164.96833571407842,0.006344935989003098,-0.013729915128707582,0.8791463135932752,-1.3904006152096218e-16,1.0030983692642166,-0.12356919268233035
2018-02-08,0.0,-3.637978807091713e-12,26204.119818818202,26204.1198188182,26000.0,204.11981881819884,0.007850762262238353,0.0014963321415788489,0.8804618084794554,-1.3883232225488219e-16,1.0030983692642166,-0.12225776109547104
2018-02-09,0.0,-3.637978807091713e-12,25207.156754599146,25207.156754599142,26000.0,-792.843245400858,-0.030493970976956053,-0.03804604280213597,0.8469637208284,-1.4432325083343443e-16,1.0030983692642166,-0.1556523798860754
2018-02-12,0.0,-3.637978807091713e-12,25723.470740254328,25723.470740254324,26000.0,-276.5292597456755,-0.010635740759449064,0.020482833136703515,0.8643119373949697,-1.4142643672879988e-16,1.0030983692642166,-0.13835774847390914
2018-02-13,0.0,-3.637978807091713e-12,25956.424608291985,25956.42460829198,26000.0,-43.57539170801829,-0.0016759766041545276,0.009056082298922075,0.8721392174319593,-1.4015716193552837e-16,1.0030983692642166,-0.13055464533186034
2018-02-14,0.0,-3.637978807091713e-12,26162.998130186694,26162.99813018669,26000.0,162.9981301866901,0.0062691588533343445,0.007958473673169708,0.8790801144332304,-1.3905053193786067e-16,1.0030983692642166,-0.12363518736647428
2018-02-22,0.0,-3.637978807091713e-12,26652.568004858098,26652.568004858094,26000.0,652.5680048580944,0.025098769417619016,0.018712300181932928,0.895529725418473,-1.3649637087235275e-16,1.0030983692642166,-0.1072363859235923
2018-02-23,0.0,-3.637978807091713e-12,26716.263599225287,26716.263599225284,26000.0,716.2635992252835,0.027548599970203203,0.0023898483011310923,0.8976699056113767,-1.3617094297561904e-16,1.0030983692642166,-0.1051028163171801
2018-02-26,0.0,-3.637978807091713e-12,27273.521026687104,27273.5210266871,26000.0,1273.5210266871,0.04898157794950375,0.020858359380687252,0.9163938271078464,-1.3338867407446059e-16,1.0030983692642166,-0.08643672925115897
2018-02-27,0.0,-3.637978807091713e-12,26935.981234123952,26935.98123412395,26000.0,935.9812341239485,0.0359992782355365,-0.012376098862807994,0.9050524465062928,-1.3506019236763226e-16,1.0030983692642166,-0.09774307860737674
2018-02-28,0.0,-3.637978807091713e-12,26790.80147553034,26790.801475530337,26000.0,790.8014755303375,0.030415441366551388,-0.0053898076825836805,0.900174387876972,-1.3579208559379977e-16,1.0030983692642166,-0.10260606989396304
2018-03-01,1000.0,-3.637978807091713e-12,28072.995420716426,28072.995420716423,27000.0,1072.9954207164228,0.039740571137645286,0.010533240128849153,0.9096561408623199,-1.2958997615220896e-16,1.0030983692642166,-0.09315360413798446
2018-03-02,0.0,-3.637978807091713e-12,27951.930604635178,27951.930604635174,27000.0,951.930604635174,0.0352566890605619,-0.004312500831026744,0.9057332479989026,-1.3015125354126484e-16,1.0030983692642166,-0.09706437997375306
2018-03-05,0.0,-3.637978807091713e-12,27941.23420674908,27941.234206749075,27000.0,941.2342067490754,0.03486052617589164,-0.00038267116634604914,0.9053866500004926,-1.3020107773954294e-16,1.0030983692642166,-0.09740990740060385
2018-03-06,0.0,-3.637978807091713e-12,28170.8174373671,28170.817437367095,27000.0,1170.8174373670954,0.0433636087913738,0.008216646012099371,0.9128258916076272,-1.2913998023593476e-16,1.0030983692642166,-0.08999364411568656
2018-03-07,0.0,-3.637978807091713e-12,27988.435298943048,27988.435298943044,27000.0,988.4352989430445,0.036608714775668405,-0.006474151445180709,0.9069161185422773,-1.2998150015299703e-16,1.0030983692642166,-0.09588516307975858
2018-03-08,0.0,-3.637978807091713e-12,28393.95799170283,28393.957991702828,27000.0,1393.9579917028277,0.051628073766771365,0.014488937606851326,0.9200563695984841,-1.2812510352219262e-16,1.0030983692642166,-0.08278549961819259
2018-03-09,0.0,-3.637978807091713e-12,28676.216592100252,28676.21659210025,27000.0,1676.2165921002488,0.06208209600371295,0.009940797985258154,0.9292024641037127,-1.2686397438126154e-16,1.0030983692642166,-0.07366765556074761
2018-03-12,0.0,-3.637978807091713e-12,28904.8654835453,28904.865483545298,27000.0,1904.865483545298,0.07055057346464078,0.007973467863540806,0.9366114300899665,-1.2586043028509192e-16,1.0030983692642166,-0.06628157438140281
2018-03-13,0.0,-3.637978807091713e-12,28739.380206411624,28739.38020641162,27000.0,1739.3802064116207,0.06442148912635637,-0.0057251702910668945,0.9312491701561417,-1.265851518356717e-16,1.0030983692642166,-0.07162727137197622
2018-03-14,0.0,-3.637978807091713e-12,28528.62724526663,28528.627245266627,27000.0,1528.6272452666271,0.05661582389876396,-0.007333246563820284,0.9244200903790337,-1.2752028956091163e-16,1.0030983692642166,-0.07843525749413216
2018-03-15,0.0,-3.637978807091713e-12,28705.81359034869,28705.813590348687,27000.0,1705.8135903486873,0.06317828112402535,0.006210826183774998,0.9301615028811675,-1.2673317185877827e-16,1.0030983692642166,-0.07271157906133274
2018-03-16,0.0,-3.637978807091713e-12,28440.29727751004,28440.297277510035,27000.0,1440.2972775100352,0.05334434361148288,-0.009249565841531249,0.9215579128170105,-1.2791634249085529e-16,1.0030983692642166,-0.08128859436489455
2018-03-19,0.0,-3.637978807091713e-12,28473.797237509632,28473.79723750963,27000.0,1473.7972375096288,0.05458508287072705,0.0011779047058726455,0.9226434202192518,-1.277658464990143e-16,1.0030983692642166,-0.08020643987685805
2018-03-20,0.0,-3.637978807091713e-12,28449.140202983333,28449.14020298333,27000.0,1449.1402029833298,0.05367185936975294,-0.0008659552612749755,0.9218444522952323,-1.2787658189790267e-16,1.0030983692642166,-0.08100293994953345
2018-03-21,0.0,-3.637978807091713e-12,28215.723394742818,28215.723394742814,27000.0,1215.723394742814,0.04502679239788199,-0.008204705188807004,0.9142809903342126,-1.289344510575102e-16,1.0030983692642166,-0.08854303989662793
2018-03-22,0.0,-3.637978807091713e-12,27849.33252385808,27849.332523858076,27000.0,849.3325238580765,0.03145676014289167,-0.012985343872239818,0.9024087372788709,-1.3063073608586901e-16,1.0030983692642166,-0.1003786219483166
2018-03-23,0.0,-3.637978807091713e-12,26856.859864084014,26856.85986408401,27000.0,-143.14013591598996,-0.005301486515407072,-0.035637215323700566,0.8702494027984751,-1.354580850293978e-16,1.0030983692642166,-0.13243862270774864
2018-03-26,0.0,-3.637978807091713e-12,26886.957607408593,26886.95760740859,27000.0,-113.04239259141104,-0.004186755281163412,0.0011206724642007782,0.8712246673411785,-1.3530645081573986e-16,1.0030983692642166,-0.13146637056121302
2018-03-27,0.0,-3.637978807091713e-12,27214.053292149743,27214.05329214974,27000.0,214.05329214973972,0.007927899709249564,0.012165589335813243,0.8818236288632818,-1.336801529723298e-16,1.0030983692642166,-0.1209001471011174
2018-03-28,0.0,-3.637978807091713e-12,26693.376377626733,26693.37637762673,27000.0,-306.62362237327034,-0.011356430458269284,-0.019132648449439404,0.8649520073778317,-1.3628769757807464e-16,1.0030983692642166,-0.13771965553858556
2018-03-29,0.0,-3.637978807091713e-12,27096.372623699208,27096.372623699204,27000.0,96.37262369920427,0.0035693564333039163,0.01509723762072479,0.8780103933637378,-1.3426073141280322e-16,1.0030983692642166,-0.12470160428257115
2018-03-30,0.0,-3.637978807091713e-12,27307.65798318309,27307.657983183086,27000.0,307.6579831830859,0.011394740117891988,0.00779755144417682,0.8848567245745135,-1.3322192658675067e-16,1.0030983692642166,-0.11787642001295906
2018-04-02,1000.0,3.637978807091713e-12,28200.099331581925,28200.09933158193,28000.0,200.0993315819287,0.007146404699354569,-0.003938772474277874,0.8813714752640797,1.2900588626712595e-16,1.0030983692642166,-0.12135090408872351
2018-04-03,0.0,3.637978807091713e-12,28066.51736625555,28066.517366255553,28000.0,66.5173662555535,0.0023756202234126444,-0.004736932439694419,0.8771964781314799,1.2961988691427972e-16,1.0030983692642166,-0.12551300549425382
2018-04-04,0.0,3.637978807091713e-12,28071.63262303343,28071.632623033434,28000.0,71.63262303343436,0.0025583079654798446,0.00018225477394029355,0.8773563513773031,1.2959626737586562e-16,1.0030983692642166,-0.12535362606475642
2018-04-09,0.0,3.637978807091713e-12,27997.2836389389,27997.283638938905,28000.0,-2.7163610610950855,-9.701289503916133e-05,-0.0026485450665781896,0.8750326335412316,1.2994042043535877e-16,1.0030983692642166,-0.12767016640344309
2018-04-10,0.0,3.637978807091713e-12,28456.869676772738,28456.86967677274,28000.0,456.8696767727415,0.016316774170455073,0.01641537956898942,0.8893966263560633,1.278418479760312e-16,1.0030983692642166,-0.11335054107560227
2018-04-11,0.0,3.637978807091713e-12,28582.360806341556,28582.36080634156,28000.0,582.3608063415595,0.020798600226484165,0.004409871183802316,0.8933187509096019,1.2728055711495166e-16,1.0030983692642166,-0.10944053117655772
2018-04-12,0.0,3.637978807091713e-12,28261.791465772843,28261.791465772847,28000.0,261.791465772847,0.009349695206173125,-0.011215635501235055,0.8832996134129812,1.2872428173909565e-16,1.0030983692642166,-0.11942872157105489
2018-04-13,0.0,3.637978807091713e-12,28086.973673362,28086.973673362005,28000.0,86.97367336200477,0.003106202620071663,-0.006185658563879759,0.8778358235948015,1.2952548214697876e-16,1.0030983692642166,-0.12487563484057551
2018-04-16,0.0,3.637978807091713e-12,27646.43658418014,27646.436584180145,28000.0,-353.56341581985544,-0.012627264850709086,-0.015684747467103244,0.8640671903841405,1.3158942911193982e-16,1.0030983692642166,-0.1386017395104101
2018-04-17,0.0,3.637978807091713e-12,27253.227623147246,27253.22762314725,28000.0,-746.7723768527503,-0.02667044203045532,-0.014222771887278163,0.8517777598400255,1.3348799846377949e-16,1.0030983692642166,-0.1508532104734518
2018-04-18,0.0,3.637978807091713e-12,27355.800327303652,27355.800327303656,28000.0,-644.1996726963444,-0.02300713116772657,0.003763690142494891,0.8549835873983317,1.3298747481574022e-16,1.0030983692642166,-0.14765728507217957
2018-04-19,0.0,3.637978807091713e-12,27804.435534240925,27804.43553424093,28000.0,-195.56446575907103,-0.006984445205681089,0.016400002981798778,0.8690053207810533,1.3084167102085466e-16,1.0030983692642166,-0.1336788620058489
2018-04-20,0.0,3.637978807091713e-12,27458.888657473235,27458.88865747324,28000.0,-541.1113425267613,-0.0193254050902415,-0.012427760899592855,0.8582055304339123,1.3248820272635458e-16,1.0030983692642166,-0.1444452939711034
2018-04-23,0.0,3.637978807091713e-12,27503.860495510813,27503.860495510817,28000.0,-496.1395044891833,-0.017719268017470813,0.0016377879891120717,0.8596110891438465,1.3227156993780943e-16,1.0030983692642166,-0.143044076749541
2018-04-24,0.0,3.637978807091713e-12,28121.129601162487,28121.12960116249,28000.0,121.12960116249087,0.004326057184374621,0.022442998711123652,0.8789033397095695,1.2936816047892057e-16,1.0030983692642166,-0.12381141606854118
2018-04-25,0.0,3.637978807091713e-12,28045.131598920285,28045.13159892029,28000.0,45.131598920288525,0.0016118428185818434,-0.002702523096336118,0.8765280831345574,1.2971872833828213e-16,1.0030983692642166,-0.12617933595336195
2018-04-26,0.0,3.637978807091713e-12,27394.443033946613,27394.443033946616,28000.0,-605.5569660533838,-0.021627034501906617,-0.023201480181277656,0.8561913341853777,1.3279988217258538e-16,1.0030983692642166,-0.14645326877223086
2018-04-27,0.0,3.637978807091713e-12,27301.122277370047,27301.12227737005,28000.0,-698.8777226299499,-0.024959918665355407,-0.003406557908876784,0.8532746688243967,1.332538190236685e-16,1.0030983692642166,-0.1493609251400908
2018-05-02,1000.0,0.0,28396.959453734155,28396.959453734155,29000.0,-603.0405462658455,-0.020794501595373993,0.0035103749725169386,0.8562699828665206,0.0,1.0030983692642166,-0.14637486302105762
2018-05-03,0.0,0.0,28563.397392961255,28563.397392961255,29000.0,-436.6026070387452,-0.015055262311680861,0.005861118317905367,0.861288682548172,0.0,1.0030983692642166,-0.14137166509408594
2018-05-04,0.0,0.0,28447.111285994535,28447.111285994535,29000.0,-552.8887140054649,-0.019065128069153947,-0.004071158110742656,0.8577822401425252,0.0,1.0030983692642166,-0.14486727680385159
2018-05-07,0.0,0.0,28826.901847127876,28826.901847127876,29000.0,-173.09815287212405,-0.005968901823176664,0.013350760198991507,0.8692342851336219,0.0,1.0030983692642166,-0.13345060487814908
2018-05-08,0.0,0.0,29030.95580785363,29030.95580785363,29000.0,30.955807853628357,0.0010674416501250672,0.007078594911373859,0.8753872425211604,0.0,1.0030983692642166,-0.12731665273938553
2018-05-09,0.0,0.0,28978.18410956361,28978.18410956361,29000.0,-21.815890436391783,-0.0007522720840135166,-0.0018177733671360663,0.8737959869057748,0.0,1.0030983692642166,-0.12890299328597898
2018-05-10,0.0,0.0,29070.340523214647,29070.340523214647,29000.0,70.34052321464696,0.0024255352832636135,0.0031801997427651774,0.8765748326785617,0.0,1.0030983692642166,-0.12613273080930365
2018-05-11,0.0,0.0,29016.424497693915,29016.424497693915,29000.0,16.424497693915328,0.0005663619894453742,-0.0018546747148584508,0.8749490715007116,0.0,1.0030983692642166,-0.12775347033761397
2018-05-14,0.0,0.0,29073.467241053128,29073.467241053128,29000.0,73.46724105312751,0.002533353139763106,0.0019658777518831716,0.8766691144144056,0.0,1.0030983692642166,-0.12603874029079332
2018-05-15,0.0,0.0,29191.913136195424,29191.913136195424,29000.0,191.91313619542416,0.006617694351566339,0.004074020279736246,0.8802406821651484,0.0,1.0030983692642166,-0.12247820439503421
2018-05-16,0.0,0.0,28960.699351257106,28960.699351257106,29000.0,-39.30064874289383,-0.0013551947842377343,-0.007920473860674515,0.873268758850957,0.0,1.0030983692642166,-0.12942859283929553
2018-05-17,0.0,0.0,28936.698134660448,28936.698134660448,29000.0,-63.30186533955202,-0.00218282294274319,-0.0008287512779147077,0.8725450362510963,0.0,1.0030983692642166,-0.130150080005496
2018-05-18,0.0,0.0,29175.51662941821,29175.51662941821,29000.0,175.51662941820905,0.006052297566145226,0.0082531356427189,0.8797462687896577,0.0,1.0030983692642166,-0.12297109062697309
2018-05-21,0.0,0.0,29415.10991483868,29415.10991483868,29000.0,415.1099148386784,0.014314134994437122,0.00821213514275465,0.8869708640402925,0.0,1.0030983692642166,-0.11576881069909917
2018-05-22,0.0,0.0,29297.7158332884,29297.7158332884,29000.0,297.71583328839915,0.010266063216841426,-0.003990944854197487,0.8834310122346277,0.0,1.0030983692642166,-0.11929772861396049
2018-05-23,0.0,0.0,28825.051252157904,28825.051252157904,29000.0,-174.94874784209605,-0.006032715442830905,-0.01613315467390286,0.8691784830705239,0.0,1.0030983692642166,-0.13350623457988908
2018-05-24,0.0,0.0,28711.68506293642,28711.68506293642,29000.0,-288.31493706358015,-0.009941894381502725,-0.003932905035615386,0.8657600866376073,0.0,1.0030983692642166,-0.13691407227323915
2018-05-25,0.0,0.0,28501.923449409675,28501.923449409675,29000.0,-498.0765505903255,-0.017175053468631907,-0.007305792504582853,0.8594350230858833,0.0,1.0030983692642166,-0.14321959897483627
2018-05-28,0.0,0.0,28331.600716212,28331.600716212,29000.0,-668.3992837879996,-0.02304825116510345,-0.005975832946853332,0.854299182959247,0.0,1.0030983692642166,-0.14833957552350063
2018-05-29,0.0,0.0,28260.54749869719,28260.54749869719,29000.0,-739.4525013028106,-0.025498362113890005,-0.002507913980100418,0.8521566740951152,0.0,1.0030983692642166,-0.15047546660834343
2018-05-30,0.0,0.0,27512.596608016036,27512.596608016036,29000.0,-1487.403391983964,-0.051289772137378065,-0.02646625620808063,0.829603277229088,0.0,1.0030983692642166,-0.17295920056413716
2018-05-31,0.0,0.0,27953.92242791326,27953.92242791326,29000.0,-1046.0775720867387,-0.03607164041678412,0.01604086397896154,0.8429108305556205,0.0,1.0030983692642166,-0.15969275159533491
2018-06-01,1000.0,0.0,28820.868305520293,28820.868305520293,30000.0,-1179.1316944797072,-0.03930438981599027,-0.004759765744363209,0.8388987724587892,0.0,1.0030983692642166,-0.16369241725103145
2018-06-04,0.0,0.0,29197.06802656246,29197.06802656246,30000.0,-802.9319734375385,-0.026764399114584614,0.01305303216593634,0.8498489451196583,0.0,1.0030983692642166,-0.1527760674727927
2018-06-05,0.0,0.0,29505.98979823389,29505.98979823389,30000.0,-494.01020176610837,-0.016467006725536915,0.01058057512454269,0.8588408357280102,0.0,1.0030983692642166,-0.1438119510073781
2018-06-06,0.0,0.0,29429.498450476705,29429.498450476705,30000.0,-570.5015495232947,-0.019016718317443115,-0.0025924006711940395,0.85661437616902,0.0,1.0030983692642166,-0.14603153348025488
2018-06-07,0.0,0.0,29353.145442622255,29353.145442622255,30000.0,-646.8545573777446,-0.021561818579258207,-0.0025944379576476884,0.8543919433164204,0.0,1.0030983692642166,-0.1482471016844279
2018-06-08,0.0,0.0,29078.024144748983,29078.024144748983,30000.0,-921.9758552510175,-0.030732528508367274,-0.0093728046423871,0.8463838945436861,0.0,1.0030983692642166,-0.15623041520392678
2018-06-11,0.0,0.0,29151.30196459905,29151.30196459905,30000.0,-848.6980354009502,-0.028289934513365034,0.00252004123407068,0.8485168168577896,0.0,1.0030983692642166,-0.15410408105818596
2018-06-12,0.0,0.0,29453.07572180344,29453.07572180344,30000.0,-546.9242781965586,-0.01823080927321863,0.010351982136882265,0.8573006477887456,0.0,1.0030983692642166,-0.14534738161563876
2018-06-13,0.0,0.0,29188.630290262197,29188.630290262197,30000.0,-811.3697097378026,-0.027045656991260048,-0.008978533652615472,0.8496033450721653,0.0,1.0030983692642166,-0.15302090891109865
2018-06-14,0.0,0.0,28954.657209617493,28954.657209617493,30000.0,-1045.3427903825068,-0.034844759679416915,-0.00801589791360513,0.8427930113910094,0.0,1.0030983692642166,-0.1598102068402254
2018-06-15,0.0,0.0,28767.79251217792,28767.79251217792,30000.0,-1232.207487822081,-0.04107358292740271,-0.006453700905065696,0.8373538773706122,0.0,1.0030983692642166,-0.16523254046876756
2018-06-19,0.0,0.0,27681.34859156185,27681.34859156185,30000.0,-2318.651408438149,-0.07728838028127161,-0.03776598152799371,0.8057303863054397,0.0,1.0030983692642166,-0.1967583529255943
2018-06-20,0.0,0.0,27799.46102345906,27799.46102345906,30000.0,-2200.538976540942,-0.07335129921803141,0.004266859741552276,0.8091683248533117,0.0,1.0030983692642166,-0.19333103347895442
2018-06-21,0.0,0.0,27546.544600347304,27546.544600347304,30000.0,-2453.4553996526956,-0.08178184665508981,-0.00909788944822798,0.8018066008887884,0.0,1.0030983692642166,-0.2006700185576793
2018-06-22,0.0,0.0,27675.079449525678,27675.079449525678,30000.0,-2324.920550474322,-0.0774973516824774,0.0046660970021172865,0.8055479082654734,0.0,1.0030983692642166,-0.19694026732756886
2018-06-25,0.0,0.0,27383.239866802418,27383.239866802418,30000.0,-2616.760133197582,-0.0872253377732527,-0.01054521210157755,0.7970532347148318,0.0,1.0030983692642166,-0.2054087025388358
2018-06-26,0.0,0.0,27223.37343611211,27223.37343611211,30000.0,-2776.6265638878904,-0.09255421879626302,-0.005838112344190516,0.7923999483862662,0.0,1.0030983692642166,-0.21004761580113018
2018-06-27,0.0,0.0,26716.943953774226,26716.943953774226,30000.0,-3283.0560462257745,-0.10943520154085917,-0.018602745303640478,0.7776591339678186,0.0,1.0030983692642166,-0.22474289880638532
2018-06-28,0.0,0.0,26401.972493202593,26401.972493202593,30000.0,-3598.027506797407,-0.11993425022658022,-0.011789202429611567,0.7684911530162356,0.0,1.0030983692642166,-0.23388256170735067
2018-06-29,0.0,0.0,27164.220329862463,27164.220329862463,30000.0,-2835.7796701375373,-0.09452598900458453,0.02887086701026287,0.7906781588935309,0.0,1.0030983692642166,-0.21176408703216032
2018-07-02,1000.0,0.0,27364.13167142598,27364.13167142598,31000.0,-3635.868328574019,-0.11728607511529099,-0.02945376854998194,0.767389707403955,0.0,1.0030983692642166,-0.2349806051754989
2018-07-03,0.0,0.0,27365.410100633195,27365.410100633195,31000.0,-3634.589899366805,-0.11724483546344533,4.6719158589114684e-05,0.7674255592053948,0.0,1.0030983692642166,-0.23494486411306836
2018-07-04,0.0,0.0,26965.17098663322,26965.17098663322,31000.0,-4034.8290133667797,-0.13015577462473482,-0.014625730530919867,0.7562013997739162,0.0,1.0030983692642166,-0.24613435437184683
2018-07-05,0.0,0.0,26510.919958150094,26510.919958150094,31000.0,-4489.080041849906,-0.14480903360806152,-0.016845842687528312,0.7434625499532361,0.0,1.0030983692642166,-0.2588338564456306
2018-07-06,0.0,0.0,26714.424176796012,26714.424176796012,31000.0,-4285.575823203988,-0.138244381393677,0.007676241298573139,0.7491695478831296,0.0,1.0030983692642166,-0.25314448628537445
2018-07-09,0.0,0.0,27506.905358769458,27506.905358769458,31000.0,-3493.094641230542,-0.11268047229775946,0.02966491722706821,0.7713936005101227,0.0,1.0030983692642166,-0.23098907929045065
2018-07-10,0.0,0.0,27673.363969790054,27673.363969790054,31000.0,-3326.6360302099456,-0.10731083968419175,0.0060515208399307685,0.776061704959399,0.0,1.0030983692642166,-0.22633539367764244
2018-07-11,0.0,0.0,27220.734771553143,27220.734771553143,31000.0,-3779.265228446857,-0.1219117815628018,-0.01635613215404641,0.7633683371533885,0.0,1.0030983692642166,-0.2389895542215592
2018-07-12,0.0,0.0,27760.32624054693,27760.32624054693,31000.0,-3239.6737594530714,-0.10450560514364748,0.01982281057150903,0.7785004430970679,0.0,1.0030983692642166,-0.22390418831195358
2018-07-13,0.0,0.0,27924.308930232302,27924.308930232302,31000.0,-3075.6910697676976,-0.09921584096024827,0.0059070879882476834,0.7830991137133321,0.0,1.0030983692642166,-0.21931972206500183
2018-07-16,0.0,0.0,27845.520413611273,27845.520413611273,31000.0,-3154.4795863887266,-0.10175740601253958,-0.0028215028281587395,0.7808895973492613,0.0,1.0030983692642166,-0.22152241367708314
2018-07-17,0.0,0.0,27636.74113638229,27636.74113638229,31000.0,-3363.2588636177097,-0.10849222140702286,-0.007497768909606295,0.7750346676044211,0.0,1.0030983692642166,-0.22735925872064044
2018-07-18,0.0,0.0,27444.795032292866,27444.795032292866,31000.0,-3555.2049677071336,-0.11468403121635917,-0.00694532337015441,0.7696518012148282,0.0,1.0030983692642166,-0.23272549851778135
2018-07-19,0.0,0.0,27537.13888693056,27537.13888693056,31000.0,-3462.8611130694408,-0.11170519719578842,0.0033647128546245852,0.7722414585239608,0.0,1.0030983692642166,-0.23014384013961842
2018-07-20,0.0,0.0,27753.830774486607,27753.830774486607,31000.0,-3246.169225513393,-0.10471513630688367,0.007869077773322797,0.77831828662087,0.0,1.0030983692642166,-0.22408578214340558
2018-07-23,0.0,0.0,28092.285052437088,28092.285052437088,31000.0,-2907.714947562912,-0.09379725637299718,0.01219486710503448,0.7878097746916296,0.0,1.0030983692642166,-0.21462361137173758
2018-07-24,0.0,0.0,28725.481038875678,28725.481038875678,31000.0,-2274.5189611243222,-0.07337157939110717,0.022539853388809927,0.8055668915114503,0.0,1.0030983692642166,-0.19692134271702355
2018-07-25,0.0,0.0,28767.415512348278,28767.415512348278,31000.0,-2232.584487651722,-0.07201885444037814,0.001459835378069041,0.8067428865590799,0.0,1.0030983692642166,-0.19574898008174968
2018-07-26,0.0,0.0,28572.226748466823,28572.226748466823,31000.0,-2427.7732515331772,-0.0783152661784896,-0.0067850642960147756,0.801269084203424,0.0,1.0030983692642166,-0.20120587496203035
2018-07-27,0.0,0.0,28562.64016966635,28562.64016966635,31000.0,-2437.359830333651,-0.07862451065592424,-0.0003355208848392355,0.8010002416912978,0.0,1.0030983692642166,-0.20147388707366753
2018-07-30,0.0,0.0,28564.937293575313,28564.937293575313,31000.0,-2435.0627064246873,-0.07855040988466733,8.042407478159319e-05,0.8010646613946356,0.0,1.0030983692642166,-0.20140966634984647
2018-07-31,0.0,0.0,28521.65898696096,28521.65898696096,31000.0,-2478.3410130390403,-0.07994648429158191,-0.0015150849508108744,0.7998509803815302,0.0,1.0030983692642166,-0.2026195985462228
2018-08-01,1000.0,-3.637978807091713e-12,28875.8186626957,28875.818662695696,32000.0,-3124.181337304304,-0.09763066679075949,-0.022643855484020703,0.7817392703730186,-1.259870360590528e-16,1.0030983692642166,-0.2206753651225326
2018-08-02,0.0,-3.637978807091713e-12,28647.78439261629,28647.784392616286,32000.0,-3352.215607383714,-0.10475673773074101,-0.007897066841398459,0.7755658231023368,-1.269898836584853e-16,1.0030983692642166,-0.2268297438553084
2018-08-03,0.0,-3.637978807091713e-12,28101.06594301318,28101.065943013175,32000.0,-3898.9340569868255,-0.12184168928083827,-0.019084144243420864,0.7607648130639844,-1.2946052703015813e-16,1.0030983692642166,-0.24158503654829633
2018-08-06,0.0,-3.637978807091713e-12,27766.691326568085,27766.69132656808,32000.0,-4233.308673431919,-0.13229089604474742,-0.011899001166830403,0.7517124716656525,-1.3101952855329131e-16,1.0030983692642166,-0.25060941708334983
2018-08-07,0.0,-3.637978807091713e-12,28702.753975996875,28702.75397599687,32000.0,-3297.2460240031287,-0.1030389382500978,0.03371171013570251,0.7770539846158374,-1.2674668117679683e-16,1.0030983692642166,-0.22534617897363862
2018-08-08,0.0,-3.637978807091713e-12,28607.059736501928,28607.059736501924,32000.0,-3392.940263498076,-0.10602938323431488,-0.0033339741397279132,0.7744633067259556,-1.2717066488485494e-16,1.0030983692642166,-0.227928854780182
2018-08-09,0.0,-3.637978807091713e-12,28948.002661407932,28948.00266140793,32000.0,-3051.997338592071,-0.09537491683100219,0.011918139370016068,0.7836934683524791,-1.2567287800970426e-16,1.0030983692642166,-0.2187272032678842
2018-08-10,0.0,-3.637978807091713e-12,28955.91409658919,28955.914096589186,32000.0,-3044.0859034108144,-0.09512768448158793,0.0002732981364481635,0.7839076503169264,-1.2563854123051992e-16,1.0030983692642166,-0.21851368286847972
2018-08-13,0.0,-3.637978807091713e-12,29089.754435480103,29089.7544354801,32000.0,-2910.2455645199007,-0.0909451738912469,0.004622210801028759,0.7875310367252304,-1.2506048530456326e-16,1.0030983692642166,-0.21490148837257816
2018-08-14,0.0,-3.637978807091713e-12,28974.485997618183,28974.48599761818,32000.0,-3025.5140023818203,-0.09454731257443183,-0.003962509828592031,0.7844104372518854,-1.2555801015385638e-16,1.0030983692642166,-0.21801244894131477
2018-08-15,0.0,-3.637978807091713e-12,28285.493247453865,28285.493247453862,32000.0,-3714.506752546138,-0.11607833601706685,-0.02377929155398839,0.7657577127664813,-1.286164174428596e-16,1.0030983692642166,-0.23660755890952867
2018-08-16,0.0,-3.637978807091713e-12,27930.63098381172,27930.630983811716,32000.0,-4069.369016188284,-0.12716778175588384,-0.012545733621742272,0.7561507204833184,-1.3025050559009015e-16,1.0030983692642166,-0.24618487712430126
2018-08-17,0.0,-3.637978807091713e-12,27475.685875455645,27475.68587545564,32000.0,-4524.3141245443585,-0.14138481639201117,-0.016288393506747267,0.7438342399976757,-1.324072062689275e-16,1.0030983692642166,-0.25846331447703763
2018-08-20,0.0,-3.637978807091713e-12,27809.914968162724,27809.91496816272,32000.0,-4190.0850318372795,-0.13094015724491503,0.012164540467601181,0.7528826417113148,-1.3081589106822278e-16,1.0030983692642166,-0.24944286145778272
2018-08-21,0.0,-3.637978807091713e-12,28070.85028621542,28070.850286215416,32000.0,-3929.1497137845836,-0.1227859285557682,0.00938281610538616,0.7599468010874294,-1.2959987923408908e-16,1.0030983692642166,-0.2424005218502563
2018-08-22,0.0,-3.637978807091713e-12,27866.820853582743,27866.82085358274,32000.0,-4133.17914641726,-0.12916184832553934,-0.00726837379531986,0.7544232236725684,-1.3054875639407538e-16,1.0030983692642166,-0.2479070380445878
2018-08-23,0.0,-3.637978807091713e-12,27799.033038019646,27799.033038019643,32000.0,-4200.966961980357,-0.13128021756188613,-0.002432563654076847,0.752588041158871,-1.3086709894247733e-16,1.0030983692642166,-0.24973655204832756
2018-08-24,0.0,-3.637978807091713e-12,27708.001477110505,27708.0014771105,32000.0,-4291.998522889498,-0.13412495384029688,-0.003274630480299079,0.7501235934201836,-1.3129704825867852e-16,1.0030983692642166,-0.2521933876032444
2018-08-27,0.0,-3.637978807091713e-12,28248.226146194236,28248.226146194233,32000.0,-3751.7738538057674,-0.11724293293143018,0.019497063674188464,0.7647488008846081,-1.2878609751507681e-16,1.0030983692642166,-0.2376133544653657
2018-08-28,0.0,-3.637978807091713e-12,28222.796071602585,28222.79607160258,32000.0,-3777.203928397419,-0.11803762276241936,-0.0009002361585482843,0.7640603463618453,-1.2890213988231311e-16,1.0030983692642166,-0.2382996824904703
2018-08-29,0.0,-3.637978807091713e-12,28056.959994547986,28056.959994547982,32000.0,-3943.040005452018,-0.1232200001703756,-0.005875961993059287,0.7595707568062193,-1.2966404085826275e-16,1.0030983692642166,-0.24277540460625746
2018-08-30,0.0,-3.637978807091713e-12,27570.87339674184,27570.873396741837,32000.0,-4429.1266032581625,-0.13841020635181756,-0.017324991656280653,0.7464111997821968,-1.319500748032751e-16,1.0030983692642166,-0.2558943144033845
2018-08-31,0.0,-3.637978807091713e-12,27399.89927292511,27399.899272925108,32000.0,-4600.100727074892,-0.14375314772109038,-0.0062012588921805945,0.7417825106923243,-1.3277343726173986e-16,1.0030983692642166,-0.2605087064029127
2018-09-03,1000.0,0.0,28301.642119680528,28301.642119680528,33000.0,-4698.357880319472,-0.14237448122180218,-0.0035860406735754857,0.7391224484380347,0.0,1.0030983692642166,-0.26316055225950685
2018-09-04,0.0,0.0,28575.720063854365,28575.720063854365,33000.0,-4424.279936145635,-0.13406908897411018,0.009684171081481008,0.7462802366788717,0.0,1.0030983692642166,-0.2560248729880039
2018-09-05,0.0,0.0,28044.34963963161,28044.34963963161,33000.0,-4955.650360368389,-0.15017122304146635,-0.018595171811431888,0.732403027458352,0.0,1.0030983692642166,-0.2698592182982239
2018-09-06,0.0,0.0,27800.390108678326,27800.390108678326,33000.0,-5199.609891321674,-0.15756393610065678,-0.008699061810601871,0.7260318082522198,0.0,1.0030983692642166,-0.2762107580886888
2018-09-07,0.0,0.0,27987.538444152262,27987.538444152262,33000.0,-5012.461555847738,-0.15189277441962845,0.006731860047370919,0.7309193527753134,0.0,1.0030983692642166,-0.2713383102083492
2018-09-10,0.0,0.0,27655.95033635035,27655.95033635035,33000.0,-5344.04966364965,-0.1619408988984743,-0.011847705308688727,0.722259635679214,0.0,1.0030983692642166,-0.27997127917873177
2018-09-11,0.0,0.0,27383.370653826383,27383.370653826383,33000.0,-5616.629346173617,-0.17020088927798838,-0.009856095314348834,0.7151409758682529,0.0,1.0030983692642166,-0.28706795088021486
2018-09-12,0.0,0.0,27254.097967619775,27254.097967619775,33000.0,-5745.902032380225,-0.17411824340546134,-0.004720846379389965,0.7117649051815719,0.0,1.0030983692642166,-0.290433593563053
2018-09-13,0.0,0.0,27479.23570620477,27479.23570620477,33000.0,-5520.76429379523,-0.16729588769076453,0.008260693083751214,0.7176445766110621,0.0,1.0030983692642166,-0.28457208325693717
2018-09-14,0.0,0.0,27554.873124400554,27554.873124400554,33000.0,-5445.126875599446,-0.16500384471513474,0.0027525299103825507,0.7196199147732079,0.0,1.0030983692642166,-0.2826028465173792
2018-09-17,0.0,0.0,27281.59500538435,27281.59500538435,33000.0,-5718.404994615648,-0.17328499983683787,-0.0099175967090267,0.712483014674703,0.0,1.0030983692642166,-0.2897177021658236
2018-09-18,0.0,0.0,27909.437705160224,27909.437705160224,33000.0,-5090.562294839776,-0.1542594634799932,0.023013416174969326,0.7288796828090087,0.0,1.0030983692642166,-0.2733716800440521
2018-09-19,0.0,0.0,28193.61302982126,28193.61302982126,33000.0,-4806.386970178741,-0.14564809000541634,0.01018205123525262,0.7363011730837047,0.0,1.0030983692642166,-0.26597311326127515
2018-09-20,0.0,0.0,28230.05108980766,28230.05108980766,33000.0,-4769.948910192339,-0.1445439063694648,0.001292422505333457,0.7372527852905015,0.0,1.0030983692642166,-0.26502444039333417
2018-09-21,0.0,0.0,28888.54379579137,28888.54379579137,33000.0,-4111.456204208629,-0.12458958194571601,0.023325948078834813,0.7544499054811641,0.0,1.0030983692642166,-0.2478804386507365
2018-09-25,0.0,0.0,28671.605749809398,28671.605749809398,33000.0,-4328.394250190602,-0.13116346212698793,-0.007509483604139944,0.7487843762858084,0.0,1.0030983692642166,-0.2535284681650417
2018-09-26,0.0,0.0,28975.904987079273,28975.904987079273,33000.0,-4024.0950129207267,-0.1219422731188099,0.010613261075267832,0.7567314203604113,0.0,1.0030983692642166,-0.2456059709124222
2018-09-27,0.0,0.0,28836.73444926401,28836.73444926401,33000.0,-4163.265550735989,-0.12615956214351476,-0.004802974674210203,0.7530968585132412,0.0,1.0030983692642166,-0.24922930632850515
2018-09-28,0.0,0.0,29127.298292230113,29127.298292230113,33000.0,-3872.7017077698874,-0.11735459720514807,0.010076170152945929,0.7606851906012696,0.0,1.0030983692642166,-0.24166441307322595
2018-10-08,1000.0,-3.637978807091713e-12,29068.798612770577,29068.798612770574,34000.0,-4931.2013872294265,-0.1450353349185125,-0.03634046895938514,0.7330415340443602,-1.2515064194959427e-16,1.0030983692642166,-0.26922268393073545
2018-10-09,0.0,-3.637978807091713e-12,29092.997822471785,29092.99782247178,34000.0,-4907.002177528218,-0.1443235934567123,0.0008324805584010164,0.7336517768699526,-1.2504654313354034e-16,1.0030983692642166,-0.2686143260225873
2018-10-10,0.0,-3.637978807091713e-12,29209.153420678114,29209.15342067811,34000.0,-4790.846579321889,-0.14090725233299672,0.00399256202180065,0.7365809270915101,-1.2454927243855925e-16,1.0030983692642166,-0.265694223357376
2018-10-11,0.0,-3.637978807091713e-12,27729.76869479432,27729.768694794315,34000.0,-6270.231305205685,-0.1844185678001672,-0.05064798368433687,0.6992745883139856,-1.3119398315697699e-16,1.0030983692642166,-0.302885330352086
2018-10-12,0.0,-3.637978807091713e-12,28108.638325318527,28108.638325318523,34000.0,-5891.361674681477,-0.17327534337298467,0.013662920693432667,0.7088287215570523,-1.2942565075501528e-16,1.0030983692642166,-0.2933607079064581
2018-10-15,0.0,-3.637978807091713e-12,27664.311872466107,27664.311872466104,34000.0,-6335.6881275338965,-0.18634376845687928,-0.01580746985001391,0.6976239329122154,-1.3150440263480912e-16,1.0030983692642166,-0.3045308872110618
2018-10-16,0.0,-3.637978807091713e-12,27367.231233578023,27367.23123357802,34000.0,-6632.768766421981,-0.1950814343065289,-0.010738768426904688,0.6901323110476046,-1.3293192782425582e-16,1.0030983692642166,-0.31199936896136704
2018-10-17,0.0,-3.637978807091713e-12,27622.44699169183,27622.446991691828,34000.0,-6377.553008308172,-0.1875750884796521,0.009325596584307538,0.6965682065702304,-1.317037121362177e-16,1.0030983692642166,-0.3055833526265518
2018-10-18,0.0,-3.637978807091713e-12,26800.902984047818,26800.902984047814,34000.0,-7199.097015952186,-0.21173814752800546,-0.02974189824279927,0.6758509458512495,-1.3574090429927219e-16,1.0030983692642166,-0.3262366218908387
2018-10-19,0.0,-3.637978807091713e-12,27431.91418261592,27431.914182615918,34000.0,-6568.0858173840825,-0.1931789946289436,0.023544400684696543,0.6917634513235025,-1.3261848162958907e-16,1.0030983692642166,-0.3103732669499618
2018-10-22,0.0,-3.637978807091713e-12,28487.894766237623,28487.89476623762,34000.0,-5512.1052337623805,-0.1621207421694818,0.03849460072643773,0.7183926091793432,-1.2770262025129557e-16,1.0030983692642166,-0.283826361210923
2018-10-23,0.0,-3.637978807091713e-12,27853.552040471743,27853.55204047174,34000.0,-6146.447959528261,-0.18077788116259597,-0.022267097339803144,0.7023960910225516,-1.3061094692000722e-16,1.0030983692642166,-0.2997734693380404
2018-10-24,0.0,-3.637978807091713e-12,27934.045562401836,27934.045562401832,34000.0,-6065.954437598168,-0.17841042463524026,0.0028898835528456956,0.7044259339335808,-1.3023458413729714e-16,1.0030983692642166,-0.2977498962038142
2018-10-25,0.0,-3.637978807091713e-12,27902.1938008597,27902.193800859695,34000.0,-6097.806199140305,-0.1793472411511854,-0.0011402487860551203,0.7036227131175473,-1.3038325348380396e-16,1.0030983692642166,-0.2985506360321749
2018-10-26,0.0,-3.637978807091713e-12,27928.589343797823,27928.58934379782,34000.0,-6071.410656202181,-0.17857090165300527,0.0009460024228384878,0.7042883419089208,-1.302600271824903e-16,1.0030983692642166,-0.29788706323436276
2018-10-29,0.0,-3.637978807091713e-12,27325.80652694842,27325.806526948418,34000.0,-6674.193473051582,-0.19629980803092884,-0.021583002615320535,0.6890876847835607,-1.3313344671104135e-16,1.0030983692642166,-0.3130407685848259
2018-10-30,0.0,-3.637978807091713e-12,27587.035789331083,27587.03578933108,34000.0,-6412.964210668921,-0.18861659443143886,0.009559800627477966,0.695675225664942,-1.318727693280716e-16,1.0030983692642166,-0.30647357529329133
2018-10-31,0.0,-3.637978807091713e-12,28016.336557485658,28016.336557485654,34000.0,-5983.663442514346,-0.17599010125042192,0.015561685257993618,0.7065011045685236,-1.298520525560893e-16,1.0030983692642166,-0.29568113535390383
2018-11-01,1000.0,0.0,28963.738302879534,28963.738302879534,35000.0,-6036.261697120466,-0.17246461991772766,-0.0018774137188920514,0.7051747097023943,0.0,1.0030983692642166,-0.2970034332528648
2018-11-02,0.0,0.0,29846.424638092773,29846.424638092773,35000.0,-5153.5753619072275,-0.14724501034020654,0.030475566585459912,0.7266653085223119,0.0,1.0030983692642166,-0.2755792145736128
2018-11-05,0.0,0.0,29797.00263933702,29797.00263933702,35000.0,-5202.997360662979,-0.14865706744751372,-0.0016558766872423192,0.725462040378502,0.0,1.0030983692642166,-0.27677876606395424
2018-11-06,0.0,0.0,29617.53208355548,29617.53208355548,35000.0,-5382.467916444519,-0.15378479761270059,-0.0060231076915302495,0.7210925043831851,0.0,1.0030983692642166,-0.2811348054407524
2018-11-07,0.0,0.0,29492.872492996754,29492.872492996754,35000.0,-5507.127507003246,-0.15734650020009278,-0.004208979674844127,0.7180574406885538,0.0,1.0030983692642166,-0.28416049443360514
2018-11-08,0.0,0.0,29413.946524406496,29413.946524406496,35000.0,-5586.053475593504,-0.1596015278741001,-0.002676103136749375,0.7161358449191609,0.0,1.0030983692642166,-0.2860761547798605
2018-11-09,0.0,0.0,29055.51096669285,29055.51096669285,35000.0,-5944.489033307149,-0.16984254380877573,-0.012185904989533758,0.7074090815533766,0.0,1.0030983692642166,-0.29477596292747565
2018-11-12,0.0,0.0,29587.044450957423,29587.044450957423,35000.0,-5412.955549042577,-0.15465587282978788,0.018293723516818572,0.7203502277046006,0.0,1.0030983692642166,-0.2818747893758563
2018-11-13,0.0,0.0,29988.461547737887,29988.461547737887,35000.0,-5011.538452262113,-0.1431868129217747,0.013567326653591172,0.7301234545488576,0.0,1.0030983692642166,-0.2721317500651397
2018-11-14,0.0,0.0,29892.702486093887,29892.702486093887,35000.0,-5107.297513906113,-0.14592278611160325,-0.0031931968731228055,0.7277920266167986,0.0,1.0030983692642166,-0.274455976684877
2018-11-15,0.0,0.0,30177.938680895608,30177.938680895608,35000.0,-4822.061319104392,-0.13777318054583976,0.009542000925958805,0.7347366188086816,0.0,1.0030983692642166,-0.2675328349425802
2018-11-16,0.0,0.0,30322.10012783052,30322.10012783052,35000.0,-4677.899872169481,-0.13365428206198515,0.004777047513393473,0.7382464905465607,0.0,1.0030983692642166,-0.2640338044931003
2018-11-19,0.0,0.0,30541.751685569547,30541.751685569547,35000.0,-4458.248314430453,-0.12737852326944155,0.007243942761650191,0.7435943058680691,0.0,1.0030983692642166,-0.2587025074983389
2018-11-20,0.0,0.0,29817.28821325544,29817.28821325544,35000.0,-5182.7117867445595,-0.14807747962127316,-0.023720429652252184,0.7259559294459103,0.0,1.0030983692642166,-0.27628640252061554
2018-11-21,0.0,0.0,29905.084888689402,29905.084888689402,35000.0,-5094.915111310598,-0.14556900318030286,0.002944488942322021,0.7280934986527768,0.0,1.0030983692642166,-0.27415543583542934
2018-11-22,0.0,0.0,29834.13699989396,29834.13699989396,35000.0,-5165.863000106041,-0.14759608571731542,-0.002372435626232794,0.7263661436973445,0.0,1.0030983692642166,-0.2758774553385608
2018-11-23,0.0,0.0,28994.556967507327,28994.556967507327,35000.0,-6005.4430324926725,-0.1715840866426478,-0.0281415893608592,0.705925045955783,0.0,1.0030983692642166,-0.2962554146373635
2018-11-26,0.0,0.0,28936.052551301837,28936.052551301837,35000.0,-6063.9474486981635,-0.17325564139137606,-0.0020177723795212765,0.7045006498960411,0.0,1.0030983692642166,-0.2976754110239458
2018-11-27,0.0,0.0,28859.16677868833,28859.16677868833,35000.0,-6140.83322131167,-0.17545237775176203,-0.0026570926520538274,0.7026287263958352,0.0,1.0030983692642166,-0.2995415525286709
2018-11-28,0.0,0.0,29139.75122497358,29139.75122497358,35000.0,-5860.248775026419,-0.16743567928646907,0.00972254148697238,0.7094600633381573,0.0,1.0030983692642166,-0.29273131621323056
2018-11-29,0.0,0.0,28637.700087275625,28637.700087275625,35000.0,-6362.299912724375,-0.18177999750641072,-0.01722908112090138,0.6972367183548643,0.0,1.0030983692642166,-0.3049169057404659
2018-11-30,0.0,0.0,28788.360837598,28788.360837598,35000.0,-6211.639162402,-0.17747540464005718,0.0052609235330778326,0.7009048274145834,0.0,1.0030983692642166,-0.3012601267324314
2018-12-03,1000.0,3.637978807091713e-12,30589.681281287496,30589.6812812875,36000.0,-5410.3187187125,-0.15028663107534723,0.027834875636370437,0.7204144261186,1.1892830048272386e-16,1.0030983692642166,-0.2818107892578555
2018-12-04,0.0,3.637978807091713e-12,30786.977687876435,30786.97768787644,36000.0,-5213.022312123561,-0.14480617533676554,0.006449769933027483,0.725060933423499,1.1816615596289297e-16,1.0030983692642166,-0.27717863408018606
2018-12-05,0.0,3.637978807091713e-12,30502.298194798463,30502.298194798466,36000.0,-5497.701805201534,-0.15271393903337593,-0.009246750232000722,0.7183564760691505,1.1926900667806385e-16,1.0030983692642166,-0.2838623827132002
2018-12-06,0.0,3.637978807091713e-12,30051.273504626668,30051.27350462667,36000.0,-5948.726495373328,-0.16524240264925916,-0.014786580581285791,0.7077344401496656,1.2105905616717415e-16,1.0030983692642166,-0.29445160929850145
2018-12-07,0.0,3.637978807091713e-12,30235.72670607053,30235.726706070534,36000.0,-5764.273293929466,-0.16011870260915184,0.0061379495752638125,0.7120784784559818,1.203205347917536e-16,1.0030983692642166,-0.29012098885346704
2018-12-10,0.0,3.637978807091713e-12,29894.2413486362,29894.241348636202,36000.0,-6105.758651363798,-0.1696044069823277,-0.01129410120530594,0.7040361920541797,1.216949701002424e-16,1.0030983692642166,-0.29813843424887854
2018-12-11,0.0,3.637978807091713e-12,29943.53857698526,29943.538576985262,36000.0,-6056.461423014738,-0.1682350395281872,0.001649054337059086,0.7051971859901331,1.2149461887206208e-16,1.0030983692642166,-0.29698102638986157
2018-12-12,0.0,3.637978807091713e-12,30042.422002076433,30042.422002076437,36000.0,-5957.577997923563,-0.165488277720099,0.003302329310109542,0.7075259793268351,1.210947242149873e-16,1.0030983692642166,-0.29465942622774566
2018-12-13,0.0,3.637978807091713e-12,30681.865084599005,30681.86508459901,36000.0,-5318.134915400991,-0.14772596987224973,0.021284671471507144,0.7225854373543632,1.185709798625581e-16,1.0030983692642166,-0.2796464838394789
2018-12-14,0.0,3.637978807091713e-12,30207.3780075207,30207.378007520703,36000.0,-5792.621992479297,-0.16090616645775824,-0.015464740352974071,0.7114108411828378,1.2043345192641244e-16,1.0030983692642166,-0.2907865639292532
2018-12-17,0.0,3.637978807091713e-12,30370.660305667327,30370.66030566733,36000.0,-5629.33969433267,-0.15637054706479636,0.005405378053864096,0.7152562857310485,1.1978596350810478e-16,1.0030983692642166,-0.2869529971864109
2018-12-18,0.0,3.637978807091713e-12,29986.263389190593,29986.263389190597,36000.0,-6013.736610809403,-0.16704823918915013,-0.01265685080956247,0.7062033936319488,1.2132151178272935e-16,1.0030983692642166,-0.29597792672122814
2018-12-19,0.0,3.637978807091713e-12,29693.00393479092,29693.003934790922,36000.0,-6306.996065209078,-0.17519433514469662,-0.009779793187082775,0.6992968704942124,1.2251972939757497e-16,1.0030983692642166,-0.3028631169970357
2018-12-20,0.0,3.637978807091713e-12,29439.98338478981,29439.983384789815,36000.0,-6560.016615210185,-0.1822226837558385,-0.008521217676620618,0.6933380096401517,1.23572719438805e-16,1.0030983692642166,-0.30880357212750476
2018-12-21,0.0,3.637978807091713e-12,29131.677542248013,29131.677542248017,36000.0,-6868.322457751983,-0.19078673493755505,-0.010472351105370703,0.6860771305685012,1.2488051200675824e-16,1.0030983692642166,-0.31604202380296353
2018-12-24,0.0,3.637978807091713e-12,29162.547432392297,29162.5474323923,36000.0,-6837.452567607699,-0.18992923798910277,0.0010596674393197336,0.6868041441646265,1.247483202736544e-16,1.0030983692642166,-0.31531725580572445
2018-12-25,0.0,3.637978807091713e-12,28822.6837587278,28822.683758727802,36000.0,-7177.316241272198,-0.19936989559089435,-0.011654114732343124,0.6788000498698833,1.2621929441216924e-16,1.0030983692642166,-0.32329662706182005
2018-12-26,0.0,3.637978807091713e-12,28752.36191936281,28752.361919362815,36000.0,-7247.638080637185,-0.2013232800176996,-0.0024398088656020223,0.6771439074902397,1.2652799854476563e-16,1.0030983692642166,-0.3249476539504974
2018-12-27,0.0,3.637978807091713e-12,28517.802137429902,28517.802137429906,36000.0,-7482.197862570094,-0.207838829515836,-0.008157930906363187,0.6716198142792695,1.2756869514557815e-16,1.0030983692642166,-0.3304546843477476
2018-12-28,0.0,3.637978807091713e-12,28675.373391334666,28675.37339133467,36000.0,-7324.62660866533,-0.20346185024070362,0.005525364582635639,0.6753307586140845,1.2686770482267072e-16,1.0030983692642166,-0.326755202374173
2019-01-02,1000.0,3.637978807091713e-12,29403.078657992024,29403.078657992028,37000.0,-7596.921342007972,-0.20532219843264787,-0.009495769405566845,0.6689179734577987,1.237278194371281e-16,1.0030983692642166,-0.33314817972592536
2019-01-03,0.0,3.637978807091713e-12,29301.22291072292,29301.222910722925,37000.0,-7698.777089277075,-0.20807505646694802,-0.0034641184501071898,0.6666007623643352,1.2415791716871915e-16,1.0030983692642166,-0.33545823342002445
2019-01-04,0.0,3.637978807091713e-12,29915.812322908918,29915.81232290892,37000.0,-7084.1876770910785,-0.1914645318132724,0.020974872416027468,0.6805826283073537,1.2160722121878746e-16,1.0030983692642166,-0.321519554650888
2019-01-07,0.0,3.637978807091713e-12,30196.69558920797,30196.695589207975,37000.0,-6803.304410792025,-0.1838730921835683,0.009389123827467039,0.6869727028793544,1.2047605660507747e-16,1.0030983692642166,-0.31514921773499016
2019-01-08,0.0,3.637978807091713e-12,30204.300126218208,30204.30012621821,37000.0,-6795.6998737817885,-0.1836675641562645,0.00025183341626799916,0.6871457055620034,1.2044572434684032e-16,1.0030983692642166,-0.3149767494228586
2019-01-09,0.0,3.637978807091713e-12,30328.19749738611,30328.197497386114,37000.0,-6671.802502613886,-0.18031898655713208,0.004101977885604402,0.6899643620504068,1.1995367701642204e-16,1.0030983692642166,-0.3121667991978663
2019-01-10,0.0,3.637978807091713e-12,30258.34060967157,30258.340609671573,37000.0,-6741.6593903284265,-0.1822070105494169,-0.0023033643104098944,0.6883751227634052,1.2023061191693022e-16,1.0030983692642166,-0.3137511296441089
2019-01-11,0.0,3.637978807091713e-12,30538.609471349886,30538.60947134989,37000.0,-6461.39052865011,-0.17463217645000295,0.009262532446631777,0.6947512196734553,1.1912719243175497e-16,1.0030983692642166,-0.30739472721597305
2019-01-14,0.0,3.637978807091713e-12,30388.221453109836,30388.22145310984,37000.0,-6611.77854689016,-0.1786967174835179,-0.004924520822768286,0.6913299028255298,1.1971674001077194e-16,1.0030983692642166,-0.3108054763037571
2019-01-15,0.0,3.637978807091713e-12,30770.277367263512,30770.277367263516,37000.0,-6229.722632736484,-0.16837088196585093,0.012572499997842934,0.7000216480273125,1.1823028969385102e-16,1.0030983692642166,-0.30214057815607265
2019-01-16,0.0,3.637978807091713e-12,30722.206737516673,30722.206737516677,37000.0,-6277.793262483323,-0.169670088175225,-0.001562242327980523,0.6989280445782615,1.184152830613292e-16,1.0030983692642166,-0.30323080368385735
2019-01-17,0.0,3.637978807091713e-12,30525.591611625852,30525.591611625856,37000.0,-6474.408388374144,-0.1749840104965985,-0.00639977224196997,0.6944550642794353,1.191779950861351e-16,1.0030983692642166,-0.30768996784550107
2019-01-18,0.0,3.637978807091713e-12,31004.600998272756,31004.60099827276,37000.0,-5995.399001727241,-0.16203781085749303,0.01569205906772564,0.7053524941679894,1.1733674003075808e-16,1.0030983692642166,-0.29682619792775355
2019-01-21,0.0,3.637978807091713e-12,31097.781136797217,31097.78113679722,37000.0,-5902.218863202779,-0.1595194287352103,0.0030053648659968957,0.7074723357721051,1.1698515695021677e-16,1.0030983692642166,-0.2947129040883162
2019-01-22,0.0,3.637978807091713e-12,30709.03328062175,30709.033280621752,37000.0,-6290.966719378248,-0.1700261275507634,-0.012500822951495794,0.6986283493595369,1.184660804476505e-16,1.0030983692642166,-0.30352957320428275
2019-01-23,0.0,3.637978807091713e-12,30793.61914721277,30793.619147212772,37000.0,-6206.380852787228,-0.1677400230483035,0.002754429480670062,0.7005526718810446,1.1814067030250317e-16,1.0030983692642166,-0.30161119452830176
2019-01-24,0.0,3.637978807091713e-12,30824.26238276175,30824.262382761754,37000.0,-6175.7376172382465,-0.16691182749292555,0.0009951164039045945,0.7012498033366327,1.180232234567996e-16,1.0030983692642166,-0.30091621637167354
2019-01-25,0.0,3.637978807091713e-12,31040.08835816484,31040.088358164845,37000.0,-5959.911641835155,-0.16107869302257172,0.007001821251164442,0.70615982911201,1.1720259185843366e-16,1.0030983692642166,-0.2960213566791202
2019-01-28,0.0,3.637978807091713e-12,30976.512959141786,30976.51295914179,37000.0,-6023.48704085821,-0.16279694705022185,-0.002048170684615047,0.70471349325137,1.1744313544556256e-16,1.0030983692642166,-0.29746322509896517
2019-01-29,0.0,3.637978807091713e-12,30962.857237868768,30962.85723786877,37000.0,-6037.142762131229,-0.16316602059814134,-0.00044084113957665316,0.70440282655193,1.174949320452999e-16,1.0030983692642166,-0.2977729322114071
2019-01-30,0.0,3.637978807091713e-12,30699.286644789252,30699.286644789256,37000.0,-6300.713355210744,-0.17028955014083091,-0.008512476450563411,0.6984066140791964,1.1850369193217736e-16,1.0030983692642166,-0.3037506235889057
2019-01-31,0.0,3.637978807091713e-12,30783.332144748165,30783.33214474817,37000.0,-6216.6678552518315,-0.16801805014194138,0.0027377020492813653,0.7003186432977926,1.181801498936292e-16,1.0030983692642166,-0.3018445002442942
2019-02-01,1000.0,0.0,32193.607776275578,32193.607776275578,38000.0,-5806.392223724422,-0.15279979536116906,0.013327849941592751,0.7096523850869654,0.0,1.0030983692642166,-0.2925395885076525
2019-02-11,0.0,0.0,32768.52366081468,32768.52366081468,38000.0,-5231.476339185319,-0.13767042997856105,0.01785807569423059,0.7223254110964397,0.0,1.0030983692642166,-0.27990570692855066
2019-02-12,0.0,0.0,32943.52717631142,32943.52717631142,38000.0,-5056.4728236885785,-0.13306507430759418,0.005340598108971584,0.7261830608210035,0.0,1.0030983692642166,-0.276059972708692
2019-02-13,0.0,0.0,33432.166261392325,33432.166261392325,38000.0,-4567.833738607675,-0.12020615101599141,0.014832628044524343,0.7369542640543956,0.0,1.0030983692642166,-0.26532203955733735
2019-02-14,0.0,0.0,33506.64838512245,33506.64838512245,38000.0,-4493.3516148775525,-0.1182460951283566,0.0022278581396064645,0.7385960936100868,0.0,1.0030983692642166,-0.2636852812831757
2019-02-15,0.0,0.0,32770.912879531425,32770.912879531425,38000.0,-5229.087120468575,-0.13760755580180462,-0.02195789615047572,0.7223780772894495,0.0,1.0030983692642166,-0.2798532034108264
2019-02-18,0.0,0.0,33702.67243360642,33702.67243360642,38000.0,-4297.327566393578,-0.11308756753667315,0.02843251750417264,0.7429171046166123,0.0,1.0030983692642166,-0.25937761701123097
2019-02-19,0.0,0.0,33699.792859732195,33699.792859732195,38000.0,-4300.207140267805,-0.11316334579652121,-8.544052047798623e-05,0.7428536293925219,0.0,1.0030983692642166,-0.25944089617311117
2019-02-20,0.0,0.0,33809.681604372105,33809.681604372105,38000.0,-4190.318395627895,-0.11027153672704992,0.003260813652395278,0.7452759366489764,0.0,1.0030983692642166,-0.25702607093694685
2019-02-21,0.0,0.0,33566.51697276327,33566.51697276327,38000.0,-4433.483027236733,-0.11667060597991397,-0.0071921597622318645,0.7399157930456499,0.0,1.0030983692642166,-0.2623696581339414
2019-02-22,0.0,0.0,33854.02999330612,33854.02999330612,38000.0,-4145.970006693882,-0.10910447386036537,0.00856547078674108,0.7462535201556308,0.0,1.0030983692642166,-0.2560515069892738
2019-02-25,0.0,0.0,35690.85824339606,35690.85824339606,38000.0,-2309.141756603938,-0.060766888331682534,0.05425729966131465,0.7867432210220259,0.0,1.0030983692642166,-0.21568687067140735
2019-02-26,0.0,0.0,35114.1501343996,35114.1501343996,38000.0,-2885.8498656004012,-0.07594341751580003,-0.016158426481749588,0.7740306885251266,0.0,1.0030983692642166,-0.2283601367103344
2019-02-27,0.0,0.0,35259.74686903823,35259.74686903823,38000.0,-2740.25313096177,-0.07211192449899395,0.004146383554247013,0.7772401166425097,0.0,1.0030983692642166,-0.22516062187138863
2019-02-28,0.0,0.0,35411.22022398901,35411.22022398901,38000.0,-2588.7797760109897,-0.0681257835792366,0.004295928598505805,0.7805790846875003,0.0,1.0030983692642166,-0.22183196722763754
2019-03-01,1000.0,7.275957614183426e-12,37307.038927344765,37307.03892734477,39000.0,-1692.9610726552273,-0.04340925827321096,0.025297594877820684,0.8003258581420247,1.9502908360948475e-16,1.0030983692642166,-0.20214618758769154
2019-03-04,0.0,7.275957614183426e-12,37831.87948197917,37831.87948197918,39000.0,-1168.1205180208199,-0.029951808154380033,0.014068137534488656,0.8115849523867744,1.9232345085179424e-16,1.0030983692642166,-0.19092187042225905
2019-03-05,0.0,7.275957614183426e-12,38210.00897988652,38210.00897988653,39000.0,-789.9910201134699,-0.02025618000290952,0.009994996365101816,0.8196967410358516,1.904202016286737e-16,1.0030983692642166,-0.18283513745804625
2019-03-06,0.0,7.275957614183426e-12,38611.739959150356,38611.73995915036,39000.0,-388.2600408496364,-0.009955385662811178,0.010513763016263722,0.8283148383163061,1.8843899865380556e-16,1.0030983692642166,-0.17424365974806244
2019-03-07,0.0,7.275957614183426e-12,38383.68966275903,38383.68966275904,39000.0,-616.3103372409605,-0.015802829160024623,-0.005906242418305729,0.8234226100825304,1.895585775653759e-16,1.0030983692642166,-0.1791207768720433
2019-03-08,0.0,7.275957614183426e-12,36725.54728532864,36725.54728532865,39000.0,-2274.4527146713517,-0.05831930037618849,-0.0431991398429622,0.7878514615997182,1.981170643327641e-16,1.0030983692642166,-0.2145820532261301
2019-03-11,0.0,7.275957614183426e-12,37605.41808886888,37605.418088868886,39000.0,-1394.5819111311139,-0.03575851054182344,0.02395800385775959,0.8067268099560658,1.934816306785615e-16,1.0030983692642166,-0.195765007027368
2019-03-12,0.0,7.275957614183426e-12,37620.34209528138,37620.34209528139,39000.0,-1379.6579047186096,-0.035375843710733545,0.00039685787769294656,0.807046965845743,1.9340487642976612e-16,1.0030983692642166,-0.19544584003489052
2019-03-13,0.0,7.275957614183426e-12,37414.751477960956,37414.75147796096,39000.0,-1585.2485220390372,-0.04064739800100092,-0.005464878995510625,0.802636551833702,1.9446761843304786e-16,1.0030983692642166,-0.19984263116443457
2019-03-14,0.0,7.275957614183426e-12,37245.21930512176,37245.21930512177,39000.0,-1754.7806948782309,-0.04499437679174956,-0.0045311585976738344,0.7989996783210535,1.9535279292026814e-16,1.0030983692642166,-0.20346827110572585
2019-03-15,0.0,7.275957614183426e-12,37938.45937144307,37938.459371443074,39000.0,-1061.540628556926,-0.02721899047581866,0.018612860368524498,0.8138713477681392,1.917831597468653e-16,1.0030983692642166,-0.1886425372567173
2019-03-18,0.0,7.275957614183426e-12,39017.198193206845,39017.19819320685,39000.0,17.19819320685201,0.00044097931299624804,0.028433912173454257,0.8370128941910693,1.8648078158134424e-16,1.0030983692642166,-0.16557247041979817
2019-03-19,0.0,7.275957614183426e-12,38823.03265136093,38823.03265136094,39000.0,-176.96734863906022,-0.004537624324078449,-0.004976409143589322,0.8328475755711147,1.8741342747546455e-16,1.0030983692642166,-0.16972492320766375
2019-03-20,0.0,7.275957614183426e-12,38667.43431927262,38667.43431927263,39000.0,-332.5656807273699,-0.008527325146855613,-0.004007887108810282,0.8295096165093793,1.8816758190126263e-16,1.0030983692642166,-0.17305257198470625
2019-03-21,0.0,7.275957614183426e-12,38655.70526563588,38655.70526563589,39000.0,-344.29473436411354,-0.008828070111900344,-0.00030333157198636496,0.8292580000534256,1.8822467638823809e-16,1.0030983692642166,-0.1733034112479963
2019-03-22,0.0,7.275957614183426e-12,38782.268891934014,38782.26889193402,39000.0,-217.73110806597833,-0.00558284892476868,0.003274125395679839,0.8319730947309713,1.8761041635954123e-16,1.0030983692642166,-0.17059670295224139
2019-03-25,0.0,7.275957614183426e-12,37987.969320999895,37987.9693209999,39000.0,-1012.0306790000977,-0.025949504589746097,-0.020480997982542437,0.8149334554562566,1.9153320759794462e-16,1.0030983692642166,-0.18758371020579068
2019-03-26,0.0,7.275957614183426e-12,37552.36501400666,37552.36501400667,39000.0,-1447.6349859933325,-0.03711884579470082,-0.01146690162120434,0.8055886936947116,1.9375497685617308e-16,1.0030983692642166,-0.19689960787632466
2019-03-27,0.0,7.275957614183426e-12,38062.835292939504,38062.83529293951,39000.0,-937.1647070604886,-0.02402986428360232,0.013593558721067156,0.8165395109074784,1.9115648002010728e-16,1.0030983692642166,-0.1859826155370794
2019-03-28,0.0,7.275957614183426e-12,37862.239648522554,37862.23964852256,39000.0,-1137.7603514774382,-0.029173342345575337,-0.005270118289221637,0.8122362510971729,1.9216923461809381e-16,1.0030983692642166,-0.19027258344268183
2019-03-29,0.0,7.275957614183426e-12,39056.18690022963,39056.18690022964,39000.0,56.186900229637104,0.0014406897494778637,0.03153398379996952,0.8378492958810191,1.8629462299456187e-16,1.0030983692642166,-0.16473865220657224
2019-04-01,1000.0,0.0,41365.72532264697,41365.72532264697,40000.0,1365.7253226469693,0.034143133066174336,0.033529602512467394,0.8659420497372603,0.0,1.0030983692642166,-0.13673267122103083
2019-04-02,0.0,0.0,41199.32692248894,41199.32692248894,40000.0,1199.3269224889373,0.029983173062223534,-0.0040226153140104914,0.8624586979869415,0.0,1.0030983692642166,-0.140205263597862
2019-04-03,0.0,0.0,41715.97091940161,41715.97091940161,40000.0,1715.9709194016104,0.04289927298504037,0.012540107703328918,0.8732740229493706,0.0,1.0030983692642166,-0.1294233450006239
2019-04-04,0.0,0.0,42394.41131032202,42394.41131032202,40000.0,2394.4113103220225,0.059860282758050554,0.016263324956075298,0.8874763621602954,0.0,1.0030983692642166,-0.11526487396119611
2019-04-08,0.0,0.0,42520.015263248046,42520.015263248046,40000.0,2520.015263248046,0.06300038158120125,0.002962747896335216,0.890105730885333,0.0,1.0030983692642166,-0.11264362682771079
2019-04-09,0.0,0.0,43087.53712289853,43087.53712289853,40000.0,3087.5371228985314,0.07718842807246329,0.013347169706710238,0.9019861231323748,0.0,1.0030983692642166,-0.10079993072464932
2019-04-10,0.0,0.0,43653.95448377574,43653.95448377574,40000.0,3653.954483775742,0.09134886209439363,0.013145735372658285,0.913843394016883,0.0,1.0030983692642166,-0.08897928456687965
2019-04-11,0.0,0.0,42313.10845541036,42313.10845541036,40000.0,2313.108455410358,0.057827711385258995,-0.03071533940559079,0.8857743840060974,0.0,1.0030983692642166,-0.11696159504693204
2019-04-12,0.0,0.0,42036.629650396375,42036.629650396375,40000.0,2036.629650396375,0.050915741259909275,-0.00653411708821483,0.8799866304672602,0.0,1.0030983692642166,-0.12273147137828577
2019-04-15,0.0,0.0,42073.06842460291,42073.06842460291,40000.0,2073.0684246029123,0.05182671061507271,0.0008668338663109232,0.88074943268045,0.0,1.0030983692642166,-0.12197102530782777
2019-04-16,0.0,0.0,42951.31489439364,42951.31489439364,40000.0,2951.3148943936394,0.07378287235984105,0.020874314678630768,0.8991344734912473,0.0,1.0030983692642166,-0.10364277219314777
2019-04-17,0.0,0.0,43106.013519544664,43106.013519544664,40000.0,3106.0135195446637,0.07765033798861665,0.003601720355509208,0.9023729044267608,0.0,1.0030983692642166,-0.1004143441199481
2019-04-18,0.0,0.0,43251.05087215651,43251.05087215651,40000.0,3251.050872156513,0.08127627180391284,0.003364666337008604,0.9054090881617142,0.0,1.0030983692642166,-0.09738753854635274
2019-04-19,0.0,0.0,43990.87554705471,43990.87554705471,40000.0,3990.875547054711,0.09977188867636788,0.01710535721051043,0.9208964340363628,0.0,1.0030983692642166,-0.08194802997052997
2019-04-22,0.0,0.0,42947.82452930045,42947.82452930045,40000.0,2947.824529300451,0.07369561323251128,-0.023710621913823116,0.8990614068671386,0.0,1.0030983692642166,-0.10371561312913924
2019-04-23,0.0,0.0,42793.52274136232,42793.52274136232,40000.0,2793.5227413623215,0.06983806853405805,-0.0035927730829034,0.8958312832446691,0.0,1.0030983692642166,-0.10693575954891543
2019-04-24,0.0,0.0,42752.37100442832,42752.37100442832,40000.0,2752.3710044283216,0.06880927511070811,-0.0009616347124006275,0.8949698207862467,0.0,1.0030983692642166,-0.10779456112293695
2019-04-25,0.0,0.0,41512.64462368209,41512.64462368209,40000.0,1512.644623682092,0.037816115592052224,-0.028997839222012267,0.8690176298145339,0.0,1.0030983692642166,-0.1336665909924989
2019-04-26,0.0,0.0,40934.42164618155,40934.42164618155,40000.0,934.4216461815522,0.023360541154538783,-0.013928839820787409,0.856913222447407,0.0,1.0030983692642166,-0.14573361027796106
2019-04-29,0.0,0.0,41058.8618251319,41058.8618251319,40000.0,1058.8618251318985,0.026471545628297566,0.003039988692791429,0.8595182289543506,0.0,1.0030983692642166,-0.14313665011257426
2019-04-30,0.0,0.0,41304.78781913532,41304.78781913532,40000.0,1304.787819135323,0.03261969547838306,0.005989595986630514,0.8646663958889313,0.0,1.0030983692642166,-0.13800438483099775
2019-05-06,1000.0,7.275957614183426e-12,39527.867113343695,39527.8671133437,41000.0,-1472.132886656298,-0.03590568016234874,-0.06722999565936894,0.8065348778465163,1.8407159671226555e-16,1.0030983692642166,-0.19595634629720482
2019-05-07,0.0,7.275957614183426e-12,40293.57421994689,40293.574219946895,41000.0,-706.425780053105,-0.017229897074465983,0.019371323638778026,0.8221585259912435,1.805736461716405e-16,1.0030983692642166,-0.18038095646162244
2019-05-08,0.0,7.275957614183426e-12,39904.139924036535,39904.13992403654,41000.0,-1095.8600759634573,-0.02672829453569403,-0.009664923091324273,0.8142124270686616,1.823359087060714e-16,1.0030983692642166,-0.1883025114816056
2019-05-09,0.0,7.275957614183426e-12,39365.36607995639,39365.366079956395,41000.0,-1634.633920043605,-0.039869120001063574,-0.013501702958785278,0.8032191727330289,1.8483144801460678e-16,1.0030983692642166,-0.19926180986397302
2019-05-10,0.0,7.275957614183426e-12,40797.29334298809,40797.293342988094,41000.0,-202.70665701190592,-0.004944064805168402,0.036375306662289386,0.8324365164582233,1.783441257490666e-16,1.0030983692642166,-0.17013471264156832
2019-05-13,0.0,7.275957614183426e-12,40451.50455759895,40451.50455759896,41000.0,-548.495442401043,-0.01337793761953765,-0.008475777608138002,0.8253809696718303,1.798686524458733e-16,1.0030983692642166,-0.17716846626193195
2019-05-14,0.0,7.275957614183426e-12,40083.49936639195,40083.49936639196,41000.0,-916.5006336080405,-0.02235367399043997,-0.00909744137410251,0.8178721146889409,1.815200201877573e-16,1.0030983692642166,-0.18465412790087687
2019-05-15,0.0,7.275957614183426e-12,41190.00699552088,41190.00699552089,41000.0,190.00699552088918,0.004634316963924023,0.027605065591071565,0.8404495280600376,1.766437576709961e-16,1.0030983692642166,-0.16214645162217112
2019-05-16,0.0,7.275957614183426e-12,41604.200303493744,41604.20030349375,41000.0,604.2003034937516,0.014736592768140211,0.010055674620737642,0.8489008150493619,1.7488516931239802e-16,1.0030983692642166,-0.15372126895985316
2019-05-17,0.0,7.275957614183426e-12,40441.32923189537,40441.329231895375,41000.0,-558.6707681046246,-0.013626116295234691,-0.027950809368176288,0.8251733501954277,1.7991390867649831e-16,1.0030983692642166,-0.1773754444434984
2019-05-20,0.0,7.275957614183426e-12,40007.59129064169,40007.5912906417,41000.0,-992.4087093583003,-0.02420509047215369,-0.010725115852809108,0.8163232704159311,1.8186442571176156e-16,1.0030983692642166,-0.1861981881052075
2019-05-21,0.0,7.275957614183426e-12,40723.78430561108,40723.78430561109,41000.0,-276.2156943889131,-0.006736968155827139,0.0179014280006633,0.8309366226665479,1.786660483117458e-16,1.0030983692642166,-0.17162997356276355
2019-05-22,0.0,7.275957614183426e-12,40517.82694436294,40517.82694436295,41000.0,-482.17305563705304,-0.011760318430172001,-0.005057421965074194,0.8267342255394895,1.79574230971824e-16,1.0030983692642166,-0.1758193903296763
2019-05-23,0.0,7.275957614183426e-12,39603.03362137947,39603.03362137948,41000.0,-1396.9663786205201,-0.03407235069806147,-0.022577551462461543,0.8080685910165933,1.837222290530678e-16,1.0030983692642166,-0.19442737045887104
2019-05-24,0.0,7.275957614183426e-12,39633.864313171296,39633.8643131713,41000.0,-1366.1356868286966,-0.033320382605578014,0.0007784931853094257,0.8086976669079623,1.8357931380830426e-16,1.0030983692642166,-0.19380023765650156
2019-05-27,0.0,7.275957614183426e-12,40083.79467939406,40083.794679394065,41000.0,-916.2053206059354,-0.02234647123429112,0.011352170019748531,0.8178781403172755,1.8151868285873115e-16,1.0030983692642166,-0.18464812088449722
2019-05-28,0.0,7.275957614183426e-12,40371.02079980218,40371.02079980219,41000.0,-628.979200197813,-0.015340956102385728,0.007165641943470469,0.8237387622241805,1.8022723899562821e-16,1.0030983692642166,-0.1788056012608198
2019-05-29,0.0,7.275957614183426e-12,40324.59616233633,40324.59616233634,41000.0,-675.4038376636599,-0.016473264333260018,-0.00114994955654113,0.8227915041998551,1.804347298331845e-16,1.0030983692642166,-0.17974993339548395
2019-05-30,0.0,7.275957614183426e-12,39918.80689577247,39918.806895772475,41000.0,-1081.1931042275246,-0.026370563517744472,-0.010063070809940955,0.8145116950312742,1.8226891482956552e-16,1.0030983692642166,-0.1880041678975839
2019-05-31,0.0,7.275957614183426e-12,39721.8612492303,39721.86124923031,41000.0,-1278.1387507696927,-0.031174115872431574,-0.004933655633956979,0.8104931748181593,1.8317262548527764e-16,1.0030983692642166,-0.19201027570938556
2019-06-03,1000.0,7.275957614183426e-12,40543.469289205816,40543.46928920582,42000.0,-1456.5307107941771,-0.0346793026379566,-0.004491027218115118,0.8068532279099544,1.7946065646929124e-16,1.0030983692642166,-0.19563897955313203
2019-06-04,0.0,7.275957614183426e-12,39837.99803343501,39837.99803343502,42000.0,-2162.0019665649816,-0.05147623729916617,-0.017400367263553984,0.7928136854165372,1.8263863580888024e-16,1.0030983692642166,-0.20963515672139466
2019-06-05,0.0,7.275957614183426e-12,39829.987186222694,39829.9871862227,42000.0,-2170.012813777299,-0.0516669717566024,-0.0002010855868207484,0.7926542620113657,1.8267536919269206e-16,1.0030983692642166,-0.20979408769970775
2019-06-06,0.0,7.275957614183426e-12,39372.22278432071,39372.222784320715,42000.0,-2627.7772156792853,-0.06256612418284013,-0.011492958804172781,0.7835443192321171,1.847992594688087e-16,1.0030983692642166,-0.21887589169658883
2019-06-10,0.0,7.275957614183426e-12,39914.72631342335,39914.72631342336,42000.0,-2085.273686576642,-0.049649373489920046,0.01377883926123391,0.7943406504608694,1.8228754863681766e-16,1.0030983692642166,-0.20811290816520134
2019-06-11,0.0,7.275957614183426e-12,41395.49879785889,41395.4987978589,42000.0,-604.5012021411021,-0.014392885765264318,0.03709840004433529,0.8238094176831443,1.757668786578255e-16,1.0030983692642166,-0.17873516404236867
2019-06-12,0.0,7.275957614183426e-12,41126.966308894065,41126.96630889407,42000.0,-873.0336911059276,-0.020786516454903037,-0.006486997300747976,0.8184653682143029,1.7691452268897197e-16,1.0030983692642166,-0.18406270681642511
2019-06-13,0.0,7.275957614183426e-12,40906.41916094209,40906.419160942096,42000.0,-1093.580839057904,-0.026037639025188186,-0.005362592180894299,0.8140762722303841,1.7786835815564593e-16,1.0030983692642166,-0.18843824576495138
2019-06-14,0.0,7.275957614183426e-12,40532.24517761522,40532.24517761523,42000.0,-1467.7548223847698,-0.034946543390113605,-0.009147072537801892,0.8066298575169895,1.7951035237006124e-16,1.0030983692642166,-0.19586165999984517
2019-06-17,0.0,7.275957614183426e-12,40481.17485285745,40481.17485285746,42000.0,-1518.8251471425392,-0.036162503503393784,-0.0012599924957025221,0.8056135099497085,1.79736819413724e-16,1.0030983692642166,-0.196874868273752
2019-06-18,0.0,7.275957614183426e-12,40512.90260541359,40512.9026054136,42000.0,-1487.0973945864025,-0.03540708082348576,0.0007837656063951481,0.8062449221108543,1.7959605820026248e-16,1.0030983692642166,-0.19624540641787347
2019-06-19,0.0,7.275957614183426e-12,41067.7843214835,41067.78432148351,42000.0,-932.2156785164916,-0.02219561139324977,0.013696419668428383,0.8172875909196239,1.7716947077607993e-16,1.0030983692642166,-0.18523684619374559
2019-06-20,0.0,7.275957614183426e-12,42145.47708168221,42145.47708168222,42000.0,145.47708168222016,0.0034637400400527874,0.02624180432434353,0.8387346919572508,1.7263910905746494e-16,1.0030983692642166,-0.16385599094087677
2019-06-21,0.0,7.275957614183426e-12,42174.98141151622,42174.98141151623,42000.0,174.98141151622985,0.004166224083719694,0.0007000592205144152,0.8393218559119208,1.725183360056364e-16,1.0030983692642166,-0.16327064061765717
2019-06-24,0.0,7.275957614183426e-12,42465.14166969171,42465.141669691715,42000.0,465.1416696917149,0.011074801659326505,0.00687991431091084,0.8450963183598694,1.713395346889054e-16,1.0030983692642166,-0.15751401432368328
2019-06-25,0.0,7.275957614183426e-12,42201.36703036909,42201.367030369096,42000.0,201.36703036909603,0.004794453104026042,-0.00621155679579144,0.8398469545804629,1.7241047212872218e-16,1.0030983692642166,-0.16274716387337007
2019-06-26,0.0,7.275957614183426e-12,42175.636505260656,42175.63650526066,42000.0,175.6365052606634,0.0041818215538254044,-0.0006097083321949803,0.8393348928944866,1.7251565636184007e-16,1.0030983692642166,-0.16325764390371034
2019-06-27,0.0,7.275957614183426e-12,42566.564399072115,42566.56439907212,42000.0,566.5643990721219,0.013489628549336219,0.009269045501250295,0.8471147262075126,1.7093128648977904e-16,1.0030983692642166,-0.1555018409322304
2019-06-28,0.0,7.275957614183426e-12,42508.829818422346,42508.82981842235,42000.0,508.8298184223531,0.012114995676722584,-0.00135633639841104,0.8459657536707273,1.711634416958284e-16,1.0030983692642166,-0.1566472645237652
2019-07-01,1000.0,0.0,44974.27659695071,44974.27659695071,43000.0,1974.276596950709,0.04591340923141174,0.03447393835088031,0.875129524909728,0.0,1.0030983692642166,-0.12757357431291128
2019-07-02,0.0,0.0,45132.87582972204,45132.87582972204,43000.0,2132.875829722041,0.04960176348190792,0.0035264432198134354,0.8782156194893044,0.0,1.0030983692642166,-0.124497012059261
2019-07-03,0.0,0.0,44594.23275211199,44594.23275211199,43000.0,1594.2327521119878,0.037075180281674225,-0.011934605710530288,0.8677344623418705,0.0,1.0030983692642166,-0.13494579501872483
2019-07-04,0.0,0.0,44486.13060798661,44486.13060798661,43000.0,1486.1306079866117,0.03456117692992122,-0.0024241283559308657,0.8656309626262891,0.0,1.0030983692642166,-0.1370427974464371
2019-07-05,0.0,0.0,44808.22658248175,44808.22658248175,43000.0,1808.2265824817514,0.04205178098794771,0.007240368404558772,0.8718984496980963,0.0,1.0030983692642166,-0.130794669382582
2019-07-08,0.0,0.0,43711.630991907514,43711.630991907514,43000.0,711.6309919075138,0.0165495579513375,-0.024473086176612147,0.8505604038013802,0.0,1.0030983692642166,-0.15206680634395275
2019-07-09,0.0,0.0,43548.18277495149,43548.18277495149,43000.0,548.1827749514923,0.012748436626778936,-0.0037392385790016025,0.8473799555257149,0.0,1.0030983692642166,-0.15523743085408748
2019-07-10,0.0,0.0,43308.51083669269,43308.51083669269,43000.0,308.510836692687,0.007174670620760271,-0.005503603663495782,0.8427163120981107,0.0,1.0030983692642166,-0.15988666922442296
2019-07-11,0.0,0.0,43353.2859141021,43353.2859141021,43000.0,353.28591410210356,0.008215951490746498,0.0010338632417599136,0.8435875655164204,0.0,1.0030983692642166,-0.1590181069328216
2019-07-12,0.0,0.0,43638.08988179601,43638.08988179601,43000.0,638.0898817960115,0.014839299576651532,0.006569374424310048,0.84912940809399,0.0,1.0030983692642166,-0.15349338199319829
2019-07-15,0.0,0.0,43683.88541470776,43683.88541470776,43000.0,683.8854147077582,0.015904311969947793,0.001049439446955569,0.8500205179904138,0.0,1.0030983692642166,-0.152605024556153
2019-07-16,0.0,0.0,43342.079376079855,43342.079376079855,43000.0,342.07937607985514,0.007955334327438557,-0.007824533815685264,0.8433695037033715,0.0,1.0030983692642166,-0.15923549519675517
2019-07-17,0.0,0.0,43147.382129176025,43147.382129176025,43000.0,147.38212917602505,0.0034274913761866976,-0.004492106740298207,0.8395809978712236,0.0,1.0030983692642166,-0.1630122990957853
2019-07-18,0.0,0.0,42733.68428046478,42733.68428046478,43000.0,-266.3157195352178,-0.0061933888264004144,-0.009588017355785405,0.8315310806920467,0.0,1.0030983692642166,-0.17103735169863377
2019-07-19,0.0,0.0,42982.789783004104,42982.789783004104,43000.0,-17.21021699589619,-0.0004002376045557643,0.00582925405879875,0.8363782866191881,0.0,1.0030983692642166,-0.16620511781643055
2019-07-22,0.0,0.0,42649.697900432875,42649.697900432875,43000.0,-350.30209956712497,-0.008146560455049467,-0.007749424461576893,0.8298968362657296,0.0,1.0030983692642166,-0.1726665482723615
2019-07-23,0.0,0.0,42773.24369387987,42773.24369387987,43000.0,-226.756306120129,-0.005273402467909971,0.002896756589821914,0.8323008453950548,0.0,1.0030983692642166,-0.17026996464408928
2019-07-24,0.0,0.0,42998.497875976405,42998.497875976405,43000.0,-1.5021240235946607,-3.493311682778444e-05,0.005266240355972007,0.8366839416953838,0.0,1.0030983692642166,-0.16590040684733587
2019-07-25,0.0,0.0,43310.89656390689,43310.89656390689,43000.0,310.89656390689197,0.007230152648997512,0.007265339566781215,0.8427627346418738,0.0,1.0030983692642166,-0.15984039007056772
2019-07-26,0.0,0.0,43463.78640701755,43463.78640701755,43000.0,463.7864070175492,0.010785730395757032,0.003530054910894309,0.8457377333720151,0.0,1.0030983692642166,-0.15687458051360126
2019-07-29,0.0,0.0,43411.712965446946,43411.712965446946,43000.0,411.7129654469463,0.009574720126673153,-0.0011980880147661743,0.8447244651300265,0.0,1.0030983692642166,-0.15788471897363265
2019-07-30,0.0,0.0,43622.595030789715,43622.595030789715,43000.0,622.5950307897147,0.01447895420441192,0.004857722742030779,0.8488279023750385,0.0,1.0030983692642166,-0.15379395642157923
2019-07-31,0.0,0.0,43184.877210438455,43184.877210438455,43000.0,184.87721043845522,0.004299470010196593,-0.010034199479474148,0.8403105938788638,0.0,1.0030983692642166,-0.16228495666358167
2019-08-01,1000.0,0.0,43665.57724204149,43665.57724204149,44000.0,-334.4227579585131,-0.007600517226329817,-0.01202504214302702,0.8302058235742383,0.0,1.0030983692642166,-0.17235851536354985
2019-08-02,0.0,0.0,43141.08974358657,43141.08974358657,44000.0,-858.91025641343,-0.01952068764575976,-0.012011463756625651,0.8202338364138368,0.0,1.0030983692642166,-0.18229970105974036
2019-08-05,0.0,0.0,42672.15909573618,42672.15909573618,44000.0,-1327.8409042638232,-0.030178202369632312,-0.010869698717337228,0.8113181417342528,0.0,1.0030983692642166,-0.1911878569502976
2019-08-06,0.0,0.0,41899.777383831926,41899.777383831926,44000.0,-2100.2226161680737,-0.04773233218563799,-0.018100366334203755,0.7966329861552773,0.0,1.0030983692642166,-0.20582765303504957
2019-08-07,0.0,0.0,41929.379571582656,41929.379571582656,44000.0,-2070.6204284173436,-0.047059555191303226,0.0007064998813610668,0.7971958072654843,0.0,1.0030983692642166,-0.2052665703661386
2019-08-08,0.0,0.0,42247.48466670338,42247.48466670338,44000.0,-1752.515333296622,-0.039829893938559624,0.007586687386529123,0.8032438826410593,0.0,1.0030983692642166,-0.19923717627988247
2019-08-09,0.0,0.0,41727.50184974262,41727.50184974262,44000.0,-2272.498150257379,-0.05164768523312224,-0.012308018360453366,0.7933575421855913,0.0,1.0030983692642166,-0.20909297981659813
2019-08-12,0.0,0.0,42202.474967710295,42202.474967710295,44000.0,-1797.5250322897045,-0.04085284164294778,0.01138273553202418,0.8023881212706266,0.0,1.0030983692642166,-0.20009029437542902
2019-08-13,0.0,0.0,42050.74268908204,42050.74268908204,44000.0,-1949.2573109179575,-0.04430130252086262,-0.0035953407648330327,0.7995032625490046,0.0,1.0030983692642166,-0.20296624234824667
2019-08-14,0.0,0.0,42189.83623784153,42189.83623784153,44000.0,-1810.1637621584669,-0.04114008550360149,0.0033077548662561185,0.8021478233562888,0.0,1.0030983692642166,-0.20032985005780357
2019-08-15,0.0,0.0,42253.093130841924,42253.093130841924,44000.0,-1746.906869158076,-0.0397024288445017,0.0014993396192339858,0.8033505153683291,0.0,1.0030983692642166,-0.19913087291967646
2019-08-16,0.0,0.0,42525.70642173891,42525.70642173891,44000.0,-1474.2935782610875,-0.03350667223320658,0.006451913237518703,0.8085336631928015,0.0,1.0030983692642166,-0.1939637347971469
2019-08-19,0.0,0.0,43628.07637542143,43628.07637542143,44000.0,-371.92362457857234,-0.008452809649513005,0.02592243719010834,0.8294928262930051,0.0,1.0030983692642166,-0.17306931033947648
2019-08-20,0.0,0.0,43788.37338951403,43788.37338951403,44000.0,-211.62661048596783,-0.004809695692862936,0.0036741710249437176,0.8325405248007696,0.0,1.0030983692642166,-0.17003102555988903
2019-08-21,0.0,0.0,43855.18237038112,43855.18237038112,44000.0,-144.81762961888307,-0.003291309764065553,0.0015257241979005354,0.833810752025191,0.0,1.0030983692642166,-0.16876472181207902
2019-08-22,0.0,0.0,43950.656820468794,43950.656820468794,44000.0,-49.34317953120626,-0.0011214358984364958,0.002177039175925488,0.8356259906976576,0.0,1.0030983692642166,-0.16695509004705267
2019-08-23,0.0,0.0,44049.14356475911,44049.14356475911,44000.0,49.14356475911336,0.0011168991990706534,0.002240848064970269,0.8374985015819514,0.0,1.0030983692642166,-0.16508836297255125
2019-08-26,0.0,0.0,43634.581786957235,43634.581786957235,44000.0,-365.4182130427653,-0.008304959387335553,-0.009411347060412356,0.8296165125209883,0.0,1.0030983692642166,-0.1729460061533935
2019-08-27,0.0,0.0,44330.38966193462,44330.38966193462,44000.0,330.38966193461965,0.007508855953059612,0.01594624828478053,0.8428457834108017,0.0,1.0030983692642166,-0.15975759782259624
2019-08-28,0.0,0.0,44216.715787259964,44216.715787259964,44000.0,216.7157872599637,0.004925358801362911,-0.002564242623210311,0.8406845223281867,0.0,1.0030983692642166,-0.16191218320408818
2019-08-29,0.0,0.0,44153.67724041546,44153.67724041546,44000.0,153.6772404154617,0.0034926645548969404,-0.001425672298860925,0.8394859816926222,0.0,1.0030983692642166,-0.1631070217885069
2019-08-30,0.0,0.0,44202.727702236094,44202.727702236094,44000.0,202.72770223609405,0.004607447778093077,0.0011109032109275496,0.8404185693652132,0.0,1.0030983692642166,-0.16217731469180907
2019-09-02,1000.0,7.275957614183426e-12,46289.499218967576,46289.49921896758,45000.0,1289.4992189675831,0.028655538199279684,0.02458607360279519,0.8610811621687822,1.5718376169431598e-16,1.0030983692642166,-0.1415785444847304
2019-09-03,0.0,7.275957614183426e-12,46566.55780483792,46566.557804837925,45000.0,1566.5578048379248,0.03481239566306504,0.005985344204303189,0.8662350293122038,1.5624856027961566e-16,1.0030983692642166,-0.13644059660111252
2019-09-04,0.0,7.275957614183426e-12,47177.45320127917,47177.453201279175,45000.0,2177.453201279175,0.04838784891731507,0.013118757864850839,0.8775989569158025,1.542253157062354e-16,1.0030983692642166,-0.12511176988600758
2019-09-05,0.0,7.275957614183426e-12,47309.11781024265,47309.11781024266,45000.0,2309.1178102426566,0.05131372911650356,0.002790837572383298,0.8800481930582474,1.5379609578363657e-16,1.0030983692642166,-0.1226700989417695
2019-09-06,0.0,7.275957614183426e-12,47250.11287868113,47250.11287868114,45000.0,2250.1128786811387,0.050002508415136315,-0.0012472211339511485,0.8789505783529696,1.5398815306251423e-16,1.0030983692642166,-0.12376432333581666
2019-09-09,0.0,7.275957614183426e-12,47718.2929794686,47718.292979468606,45000.0,2718.292979468606,0.060406510654857914,0.009908549890442764,0.8876597040098135,1.5247732389157337e-16,1.0030983692642166,-0.11508209841780381
2019-09-10,0.0,7.275957614183426e-12,47692.510344824776,47692.51034482478,45000.0,2692.510344824783,0.059833563218328445,-0.0005403092406284227,0.8871800932692036,1.5255975333604882e-16,1.0030983692642166,-0.11556022773722618
2019-09-11,0.0,7.275957614183426e-12,47359.19991947735,47359.19991947736,45000.0,2359.19991947736,0.052426664877274654,-0.0069887372867885045,0.8809798246712766,1.5363345720692911e-16,1.0030983692642166,-0.12174134495155775
2019-09-12,0.0,7.275957614183426e-12,47721.67513705851,47721.67513705852,45000.0,2721.675137058519,0.060481669712411534,0.007653744535327078,0.8877226191900878,1.5246651743231122e-16,1.0030983692642166,-0.11501937756987701
2019-09-16,0.0,7.275957614183426e-12,47648.79772027804,47648.797720278046,45000.0,2648.7977202780457,0.058862171561734344,-0.0015271345058858188,0.8863669473466672,1.5269971042914635e-16,1.0030983692642166,-0.11637086201543034
2019-09-17,0.0,7.275957614183426e-12,46661.464583252455,46661.46458325246,45000.0,1661.464583252462,0.036921435183387974,-0.020721050357276893,0.8680004931956711,1.5593075955003097e-16,1.0030983692642166,-0.1346805858807658
2019-09-18,0.0,7.275957614183426e-12,46771.2686693681,46771.26866936811,45000.0,1771.2686693681098,0.0393615259859581,0.0023532070220328993,0.8700430780513871,1.5556468364409935e-16,1.0030983692642166,-0.13264431015915912
2019-09-19,0.0,7.275957614183426e-12,47116.57325757912,47116.573257579126,45000.0,2116.573257579126,0.047034961279536214,0.007382835617567141,0.8764664630768426,1.5442459226410363e-16,1.0030983692642166,-0.1262407656791027
2019-09-20,0.0,7.275957614183426e-12,47206.15417970706,47206.15417970707,45000.0,2206.1541797070677,0.04902564843793478,0.0019012614019744412,0.8781328549332157,1.541315479012524e-16,1.0030983692642166,-0.12457952097226954
2019-09-23,0.0,7.275957614183426e-12,46672.68689705154,46672.68689705155,45000.0,1672.6868970515497,0.037170819934478905,-0.011300799481031354,0.8682092516219099,1.5589326644579935e-16,1.0030983692642166,-0.13447247226735037
2019-09-24,0.0,7.275957614183426e-12,46738.23745417345,46738.23745417346,45000.0,1738.2374541734607,0.038627498981632424,0.001404473611440027,0.8694286286050209,1.5567462554225446e-16,1.0030983692642166,-0.133256861694675
2019-09-25,0.0,7.275957614183426e-12,46241.47899417473,46241.47899417474,45000.0,1241.4789941747367,0.027588422092772014,-0.010628523604164442,0.8601878859037562,1.5734699175820077e-16,1.0030983692642166,-0.1424690615989006
2019-09-26,0.0,7.275957614183426e-12,45443.507340420045,45443.50734042005,45000.0,443.50734042005206,0.009855718676001102,-0.01725662048688381,0.8453439500093002,1.6010994837345607e-16,1.0030983692642166,-0.15726714755864968
2019-09-27,0.0,7.275957614183426e-12,45442.11126089026,45442.11126089027,45000.0,442.1112608902695,0.00982469468645042,-3.072120994807026e-05,0.8453179800203336,1.6011486729591006e-16,1.0030983692642166,-0.15729303733153965
2019-09-30,0.0,7.275957614183426e-12,45149.81896068782,45149.81896068783,45000.0,149.81896068782953,0.003329310237507377,-0.006432190144607164,0.8398807340401876,1.6115142389648645e-16,1.0030983692642166,-0.16271348875160752
2019-10-08,1000.0,0.0,46654.289343150434,46654.289343150434,46000.0,654.2893431504344,0.014223681372835584,0.011173253715631715,0.8492649345724896,0.0,1.0030983692642166,-0.15335827412875314
2019-10-09,0.0,0.0,46828.121829190655,46828.121829190655,46000.0,828.1218291906553,0.01800264846066635,0.003725970076655871,0.8524292703058598,0.0,1.0030983692642166,-0.15020371239250863
2019-10-10,0.0,0.0,47393.536702157515,47393.536702157515,46000.0,1393.5367021575148,0.030294276133858933,0.012074259032409218,0.8627217221223403,0.0,1.0030983692642166,-0.13994305189115608
2019-10-11,0.0,0.0,47867.94058060125,47867.94058060125,46000.0,1867.940580601251,0.04060740392611417,0.010009885555178233,0.8713574678267513,0.0,1.0030983692642166,-0.1313339802696506
2019-10-14,0.0,0.0,48534.53673947405,48534.53673947405,46000.0,2534.5367394740533,0.05509862477117511,0.0139257329809368,0.8834917592546518,0.0,1.0030983692642166,-0.11923716922927252
2019-10-15,0.0,0.0,48041.58130458964,48041.58130458964,46000.0,2041.581304589643,0.04438220227368794,-0.01015679695328131,0.874518312846005,0.0,1.0030983692642166,-0.1281828984654082
2019-10-16,0.0,0.0,48017.43066526264,48017.43066526264,46000.0,2017.43066526264,0.04385718837527475,-0.0005027028393150834,0.8740786900071043,0.0,1.0030983692642166,-0.12862116339771312
2019-10-17,0.0,0.0,47994.6621862708,47994.6621862708,46000.0,1994.662186270798,0.04336222144066948,-0.0004741711223693601,0.8736642271336245,0.0,1.0030983692642166,-0.1290343460786737
2019-10-18,0.0,0.0,47292.39866265952,47292.39866265952,46000.0,1292.3986626595215,0.028095623101293876,-0.01463211723182345,0.8608806697409548,0.0,1.0030983692642166,-0.14177841763174237
2019-10-21,0.0,0.0,47294.35807487797,47294.35807487797,46000.0,1294.3580748779714,0.02813821901908642,4.1431863763596866e-05,0.8609163376315802,0.0,1.0030983692642166,-0.1417428599120627
2019-10-22,0.0,0.0,47751.00426849176,47751.00426849176,46000.0,1751.004268491757,0.03806531018460335,0.009655405257658956,0.8692288337643526,0.0,1.0030983692642166,-0.13345603940923434
2019-10-23,0.0,0.0,47467.1322372943,47467.1322372943,46000.0,1467.1322372943032,0.03189417907161518,-0.005944838973465649,0.8640614083165301,0.0,1.0030983692642166,-0.1386075037183757
2019-10-24,0.0,0.0,47408.542131876864,47408.542131876864,46000.0,1408.542131876864,0.030620481127757948,-0.0012343300017481074,0.8629948713968923,0.0,1.0030983692642166,-0.13967074631981669
2019-10-25,0.0,0.0,47620.892769370344,47620.892769370344,46000.0,1620.8927693703445,0.035236799334137814,0.004479164048174722,0.8668603669986125,0.0,1.0030983692642166,-0.13581719045713947
2019-10-28,0.0,0.0,48343.05496887408,48343.05496887408,46000.0,2343.0549688740793,0.05093597758421908,0.015164818580810646,0.8800061471990414,0.0,1.0030983692642166,-0.1227120149297668
2019-10-29,0.0,0.0,47916.66156801579,47916.66156801579,46000.0,1916.661568015792,0.041666555826430196,-0.008820158368825104,0.8722443536152062,0.0,1.0030983692642166,-0.13044983389315368
2019-10-30,0.0,0.0,47601.26347263816,47601.26347263816,46000.0,1601.2634726381584,0.034810075492133885,-0.006582221821316514,0.8665030477973201,0.0,1.0030983692642166,-0.1361734059712315
2019-10-31,0.0,0.0,47455.2234064588,47455.2234064588,46000.0,1455.2234064587974,0.03163529144475641,-0.0030679871819643267,0.863844627553545,0.0,1.0030983692642166,-0.13882361488915163
2019-11-01,1000.0,0.0,49543.13142017546,49543.13142017546,47000.0,2543.1314201754576,0.05410917915266933,0.02292493714334909,0.8836482113418298,0.0,1.0030983692642166,-0.11908120039114878
2019-11-04,0.0,0.0,49996.44008762279,49996.44008762279,47000.0,2996.4400876227883,0.0637540444175062,0.009149778273052966,0.8917333965469874,0.0,1.0030983692642166,-0.1110209886981639
2019-11-05,0.0,0.0,50262.0516442226,50262.0516442226,47000.0,3262.0516442226,0.06940535413239579,0.005312609380474065,0.8964708277543649,0.0,1.0030983692642166,-0.10629819046367717
2019-11-06,0.0,0.0,49790.08215126442,49790.08215126442,47000.0,2790.082151264418,0.059363450026902465,-0.009390175639844456,0.8880528092257547,0.0,1.0030983692642166,-0.11469020742487002
2019-11-07,0.0,0.0,50172.095869939134,50172.095869939134,47000.0,3172.095869939134,0.06749140148806676,0.007672486209485241,0.8948663821578339,0.0,1.0030983692642166,-0.10789768025021518
2019-11-08,0.0,0.0,50109.51367179414,50109.51367179414,47000.0,3109.5136717941423,0.0661598653573221,-0.001247350684875137,0.8937501699631776,0.0,1.0030983692642166,-0.10901044468973375
2019-11-11,0.0,0.0,48948.773622474546,48948.773622474546,47000.0,1948.7736224745458,0.0414632685632883,-0.023164065349390084,0.873047282620122,0.0,1.0030983692642166,-0.1296493849745648
2019-11-12,0.0,0.0,48938.47308551534,48938.47308551534,47000.0,1938.4730855153393,0.041244108202453944,-0.00021043503640461036,0.8728635628834209,0.0,1.0030983692642166,-0.12983253723792243
2019-11-13,0.0,0.0,49079.279464078885,49079.279464078885,47000.0,2079.279464078885,0.044239988597423174,0.002877212337979884,0.8753749766959222,0.0,1.0030983692642166,-0.12732888067795467
2019-11-14,0.0,0.0,49566.88875824522,49566.88875824522,47000.0,2566.8887582452226,0.05461465443074931,0.009935135549885565,0.8840719457463742,0.0,1.0030983692642166,-0.11865877481701981
2019-11-15,0.0,0.0,49167.56532154189,49167.56532154189,47000.0,2167.5653215418934,0.04611841109663595,-0.008056253815948877,0.8769496377598816,0.0,1.0030983692642166,-0.1257590834255532
2019-11-18,0.0,0.0,49508.70221400527,49508.70221400527,47000.0,2508.7022140052723,0.05337664285117594,0.006938250658385048,0.8830341341614396,0.0,1.0030983692642166,-0.11969338081054337
2019-11-19,0.0,0.0,50610.45946827453,50610.45946827453,47000.0,3610.45946827453,0.07681828655903256,0.02225381003741167,0.9026850080396186,0.0,1.0030983692642166,-0.10010320453242516
2019-11-20,0.0,0.0,50216.1392638406,50216.1392638406,47000.0,3216.1392638406032,0.06842849497533199,-0.0077912788893195195,0.8956519373927743,0.0,1.0030983692642166,-0.10711455143751791
2019-11-21,0.0,0.0,50022.694530046654,50022.694530046654,47000.0,3022.694530046654,0.06431264957546068,-0.003852242259755778,0.8922016691495177,0.0,1.0030983692642166,-0.11055416249559136
2019-11-22,0.0,0.0,49119.521813926025,49119.521813926025,47000.0,2119.521813926025,0.045096208806936655,-0.018055259209959762,0.8760927367454644,0.0,1.0030983692642166,-0.1266133376449532
2019-11-25,0.0,0.0,48654.13827956019,48654.13827956019,47000.0,1654.1382795601894,0.03519443148000412,-0.009474512722839501,0.8677921849647822,0.0,1.0030983692642166,-0.13488825068939447
2019-11-26,0.0,0.0,48811.35020014882,48811.35020014882,47000.0,1811.3502001488232,0.03853936596061325,0.0032312137496981475,0.870596207004721,0.0,1.0030983692642166,-0.13209288970999666
2019-11-27,0.0,0.0,48799.342509299866,48799.342509299866,47000.0,1799.342509299866,0.038283883176592814,-0.0002460020220649284,0.8703820385773957,0.0,1.0030983692642166,-0.1323063966140925
2019-11-28,0.0,0.0,48700.71843751893,48700.71843751893,47000.0,1700.7184375189318,0.0361854986706156,-0.0020210123069207553,0.8686229857657081,0.0,1.0030983692642166,-0.13406001606517182
2019-11-29,0.0,0.0,48527.10175539709,48527.10175539709,47000.0,1527.1017553970887,0.03249152671057631,-0.0035649716819801114,0.8655263694191363,0.0,1.0030983692642166,-0.13714706758619377
2019-12-02,1000.0,0.0,49692.46035037386,49692.46035037386,48000.0,1692.4603503738617,0.03525959063278883,0.0034075514299261034,0.8684756950368893,0.0,1.0030983692642166,-0.13420685184253112
2019-12-03,0.0,0.0,49941.7877437605,49941.7877437605,48000.0,1941.7877437604984,0.04045391132834375,0.005017408911305088,0.8728331927284192,0.0,1.0030983692642166,-0.12986281358561902
2019-12-04,0.0,0.0,50010.568911232,50010.568911232,48000.0,2010.5689112320033,0.04188685231733347,0.0013772267789933235,0.874035281975039,0.0,1.0030983692642166,-0.12866443735109123
2019-12-05,0.0,0.0,50735.59858020306,50735.59858020306,48000.0,2735.5985802030627,0.05699163708756383,0.014497528917496894,0.8867066337503847,0.0,1.0030983692642166,-0.11603222483474518
2019-12-06,0.0,0.0,51248.7928222452,51248.7928222452,48000.0,3248.792822245203,0.06768318379677507,0.01011507218606833,0.8956757353586355,0.0,1.0030983692642166,-0.10709082697879047
2019-12-09,0.0,0.0,51326.47225396123,51326.47225396123,48000.0,3326.4722539612267,0.06930150529085899,0.0015157319311980277,0.8970333396707179,0.0,1.0030983692642166,-0.10573741603358255
2019-12-10,0.0,0.0,51901.80033526681,51901.80033526681,48000.0,3901.8003352668093,0.0812875069847252,0.011209188086391153,0.9070883550948505,0.0,1.0030983692642166,-0.09571345853128088
2019-12-11,0.0,0.0,51637.22969621965,51637.22969621965,48000.0,3637.2296962196488,0.0757756186712426,-0.005097523348672528,0.9024644510254456,0.0,1.0030983692642166,-0.10032308029030801
2019-12-12,0.0,0.0,51575.53694793498,51575.53694793498,48000.0,3575.536947934983,0.07449035308197871,-0.001194733889629651,0.9013862461616194,0.0,1.0030983692642166,-0.10139795479600278
2019-12-13,0.0,0.0,52412.53212121913,52412.53212121913,48000.0,4412.532121219127,0.09192775252539853,0.01622853047810402,0.916014420329997,0.0,1.0030983692642166,-0.08681496411772316
2019-12-16,0.0,0.0,53534.892260959,53534.892260959,48000.0,5534.892260959001,0.11531025543664586,0.02141396521625949,0.9356299212645357,0.0,1.0030983692642166,-0.06726005152333137
2019-12-17,0.0,0.0,54122.45444870746,54122.45444870746,48000.0,6122.45444870746,0.1275511343480722,0.010975312790102443,0.9458987523061929,0.0,1.0030983692642166,-0.057022938836975845
2019-12-18,0.0,0.0,54173.59344223088,54173.59344223088,48000.0,6173.593442230878,0.12861653004647655,0.0009448757275389852,0.9467925090779564,0.0,1.0030983692642166,-0.0561319427002569
2019-12-19,0.0,0.0,54235.50426983948,54235.50426983948,48000.0,6235.504269839483,0.12990633895498926,0.0011428229820977798,0.9478745253166088,0.0,1.0030983692642166,-0.05505326859230675
2019-12-20,0.0,0.0,53483.146275939835,53483.146275939835,48000.0,5483.146275939835,0.11423221408207995,-0.013872056764816287,0.9347255560954935,0.0,1.0030983692642166,-0.06816162329012188
2019-12-23,0.0,0.0,52300.41876749473,52300.41876749473,48000.0,4300.418767494732,0.0895920576561402,-0.022114022655715937,0.914055013971121,0.0,1.0030983692642166,-0.08876831826414977
2019-12-24,0.0,0.0,53115.13105094136,53115.13105094136,48000.0,5115.13105094136,0.10656523022794495,0.015577547993802732,0.9282937498202322,0.0,1.0030983692642166,-0.07457356300843598
2019-12-25,0.0,0.0,53555.91504825909,53555.91504825909,48000.0,5555.915048259092,0.11574823017206448,0.008298652165519282,0.9359973367574158,0.0,1.0030983692642166,-0.06689377090306714
2019-12-26,0.0,0.0,53897.80284353743,53897.80284353743,48000.0,5897.802843537429,0.12287089257369654,0.006383754156198407,0.9419725136461315,0.0,1.0030983692642166,-0.06093705013489503
2019-12-27,0.0,0.0,53113.59545098488,53113.59545098488,48000.0,5113.595450984882,0.1065332385621851,-0.014549895379391664,0.9282669121223177,0.0,1.0030983692642166,-0.07460031781009524
2019-12-30,0.0,0.0,53428.01853213084,53428.01853213084,48000.0,5428.018532130838,0.11308371941939255,0.005919822946953701,0.9337620878895972,0.0,1.0030983692642166,-0.06912211553636383
2019-12-31,0.0,0.0,53795.97425579677,53795.97425579677,48000.0,5795.974255796769,0.12074946366243267,0.006886943101673371,0.9401928542593926,0.0,1.0030983692642166,-0.06271121251145673
2020-01-02,1000.0,-7.275957614183426e-12,56229.584822600686,56229.58482260068,49000.0,7229.584822600678,0.14754254740001382,0.02664903065027091,0.9652480824497168,-1.293973205944597e-16,1.0030983692642166,-0.03773337488551931
2020-01-03,0.0,-7.275957614183426e-12,56514.105432491546,56514.10543249154,49000.0,7514.1054324915385,0.1533490904590109,0.005059980627431182,0.9701322190475775,-1.2874586899150092e-16,1.0030983692642166,-0.03286432440401643
2020-01-06,0.0,-7.275957614183426e-12,56969.32501406997,56969.32501406996,49000.0,7969.32501406996,0.16263928600142785,0.008054972791212256,0.9779466076758841,-1.2771711113632557e-16,1.0030983692642166,-0.025074072851680063
2020-01-07,0.0,-7.275957614183426e-12,57904.96301833494,57904.963018334936,49000.0,8904.963018334936,0.1817339391496926,0.016423540283018845,0.9940079531816907,-1.256534368544468e-16,1.0030983692642166,-0.009062337614200167
2020-01-08,0.0,-7.275957614183426e-12,56969.23941713267,56969.23941713266,49000.0,7969.23941713266,0.16263753912515622,-0.016159644224381764,0.9779451383020686,-1.2771730303275366e-16,1.0030983692642166,-0.02507553768689519
2020-01-09,0.0,-7.275957614183426e-12,58321.88200976532,58321.882009765315,49000.0,9321.882009765315,0.19024248999521043,0.023743385140330142,1.0011648663668882,-1.2475519245015366e-16,1.0030983692642166,-0.0019275306954656957
2020-01-10,0.0,-7.275957614183426e-12,58315.73897331625,58315.73897331624,49000.0,9315.738973316242,0.1901171219044131,-0.00010532987340916566,1.001059413798252,-1.2476833428300916e-16,1.0030983692642166,-0.002032657542310745
2020-01-13,0.0,-7.275957614183426e-12,59246.57550025523,59246.575500255225,49000.0,10246.575500255225,0.20911378571949446,0.01596201202843206,1.0170383362024749,-1.2280807038631425e-16,1.0170383362024749,0.0
2020-01-14,0.0,-7.275957614183426e-12,58992.3922479703,58992.392247970296,49000.0,9992.392247970296,0.20392637240755707,-0.00429026066297844,1.0126749766359244,-1.233372192061556e-16,1.0170383362024749,-0.004290260662978329
2020-01-15,0.0,-7.275957614183426e-12,59289.95785440927,59289.957854409266,49000.0,10289.957854409266,0.20999913988590335,0.005044135270666272,1.0177830462032948,-1.2271821194493104e-16,1.0177830462032948,0.0
2020-01-16,0.0,-7.275957614183426e-12,59236.904167561785,59236.90416756178,49000.0,10236.904167561777,0.20891641158289342,-0.0008948174154174149,1.0168723162084357,-1.2282812068642424e-16,1.0177830462032948,-0.0008948174154173039
2020-01-17,0.0,-7.275957614183426e-12,59210.06593625798,59210.065936257975,49000.0,10210.065936257975,0.20836869257669344,-0.0004530660688797372,1.0164116058655785,-1.2288379516442844e-16,1.0177830462032948,-0.001347478072888153
2020-01-20,0.0,-7.275957614183426e-12,60210.610101015714,60210.61010101571,49000.0,11210.610101015707,0.2287879612452186,0.01689821061565544,1.0335871432536916,-1.2084178522649925e-16,1.0335871432536916,0.0
2020-01-21,0.0,-7.275957614183426e-12,59799.321111665995,59799.32111166599,49000.0,10799.321111665988,0.22039430840134666,-0.006830839093968644,1.0265268757885309,-1.21672913319479e-16,1.0335871432536916,-0.006830839093968755
2020-01-22,0.0,-7.275957614183426e-12,60384.74659587484,60384.746595874836,49000.0,11384.746595874836,0.23234176726275169,0.009789834956749122,1.0365764044811678,-1.2049330376225311e-16,1.0365764044811678,0.0
2020-01-23,0.0,-7.275957614183426e-12,58350.452944656,58350.45294465599,49000.0,9350.45294465599,0.19082557029910174,-0.033688866243545945,1.001655320639386,-1.2469410684925613e-16,1.0365764044811678,-0.033688866243546056
2020-02-03,1000.0,-7.275957614183426e-12,54740.61009057761,54740.610090577604,50000.0,4740.610090577604,0.09481220181155203,-0.07900269186343267,0.9225218539895447,-1.329169989545992e-16,1.0365764044811678,-0.11003004698791141
2020-02-04,0.0,-7.275957614183426e-12,56107.9187437479,56107.91874374789,50000.0,6107.91874374789,0.12215837487495773,0.024977957880042645,0.9455645660019144,-1.2967790959086656e-16,1.0365764044811678,-0.08780041498707192
2020-02-05,0.0,-7.275957614183426e-12,57342.37371989418,57342.373719894174,50000.0,7342.373719894174,0.1468474743978836,0.022001439436458048,0.9663683475340663,-1.268862298886509e-16,1.0365764044811678,-0.06773071106344775
2020-02-06,0.0,-7.275957614183426e-12,58834.726756307056,58834.72675630705,50000.0,8834.726756307049,0.17669453512614108,0.026025309724754697,0.9915183830868398,-1.2366773868637788e-16,1.0365764044811678,-0.04346811407199713
2020-02-07,0.0,-7.275957614183426e-12,59104.45913272808,59104.45913272807,50000.0,9104.459132728072,0.18208918265456142,0.004584577702523518,0.996064076157582,-1.2310336175895213e-16,1.0365764044811678,-0.03908281931601876
2020-02-10,0.0,-7.275957614183426e-12,59989.86624916264,59989.86624916263,50000.0,9989.866249162631,0.19979732498325253,0.014980377613239781,1.0109854921454053,-1.2128644501328567e-16,1.0365764044811678,-0.024687917094323053
2020-02-11,0.0,-7.275957614183426e-12,60300.3922128328,60300.39221283279,50000.0,10300.39221283279,0.20600784425665575,0.00517630698459004,1.0162186634097168,-1.2066186217334417e-16,1.0365764044811678,-0.01963940234742334
2020-02-12,0.0,-7.275957614183426e-12,61597.2383364762,61597.23833647619,50000.0,11597.238336476192,0.2319447667295238,0.021506429329118282,1.0380738982772688,-1.1812149068174707e-16,1.0380738982772688,0.0
2020-02-13,0.0,-7.275957614183426e-12,61313.871361526755,61313.87136152675,50000.0,11313.871361526748,0.226277427230535,-0.0046003194721416785,1.0332984267095018,-1.186673986263563e-16,1.0380738982772688,-0.0046003194721417895
2020-02-14,0.0,-7.275957614183426e-12,61553.927587031154,61553.92758703115,50000.0,11553.927587031147,0.23107855174062286,0.0039152025499897825,1.0373439993446552,-1.1820460366068345e-16,1.0380738982772688,-0.0007031281046802063
2020-02-17,0.0,-7.275957614183426e-12,63149.694960386914,63149.69496038691,50000.0,13149.694960386907,0.2629938992077381,0.025924704335064552,1.0642368358214187,-1.152176209045436e-16,1.0642368358214187,0.0
2020-02-18,0.0,-7.275957614183426e-12,63624.914708939534,63624.91470893953,50000.0,13624.914708939526,0.27249829417879057,0.007525289692225989,1.072245526312113,-1.1435705096766327e-16,1.072245526312113,0.0
2020-02-19,0.0,-7.275957614183426e-12,62894.9541122034,62894.95411220339,50000.0,12894.954112203392,0.2578990822440679,-0.011472873481645274,1.0599437890474739,-1.1568428210001166e-16,1.072245526312113,-0.011472873481645274
2020-02-20,0.0,-7.275957614183426e-12,64106.59287792241,64106.592877922405,50000.0,14106.592877922405,0.28213185755844816,0.019264482863879273,1.0803630580082542,-1.1349780556952957e-16,1.0803630580082542,0.0
2020-02-21,0.0,-7.275957614183426e-12,64985.64369657588,64985.64369657587,50000.0,14985.64369657587,0.29971287393151735,0.013712330966136888,1.095177353823251,-1.1196253819005875e-16,1.095177353823251,0.0
2020-02-24,0.0,-7.275957614183426e-12,65869.00860677447,65869.00860677447,50000.0,15869.00860677447,0.3173801721354894,0.013593231673184825,1.110064353316996,-1.1046101600859848e-16,1.110064353316996,0.0
2020-02-25,0.0,-7.275957614183426e-12,65798.72712299365,65798.72712299365,50000.0,15798.727122993645,0.315974542459873,-0.0010669886380162419,1.10887992726454,-1.1057900254792029e-16,1.110064353316996,-0.0010669886380162419
2020-02-26,0.0,-7.275957614183426e-12,64142.96725648371,64142.9672564837,50000.0,14142.967256483702,0.28285934512967414,-0.02516401059575102,1.0809760610254395,-1.134334429071483e-16,1.110064353316996,-0.026204149520374642
2020-02-27,0.0,-7.275957614183426e-12,64536.821124830254,64536.82112483025,50000.0,14536.821124830247,0.2907364224966049,0.006140250212804732,1.0876135245141878,-1.1274118382914951e-16,1.110064353316996,-0.020224799342238753
2020-02-28,0.0,-7.275957614183426e-12,61361.11917210665,61361.11917210664,50000.0,11361.119172106643,0.22722238344213275,-0.04920759804052033,1.03409467537646,-1.1857602521518072e-16,1.110064353316996,-0.06843718358627604
2020-03-02,1000.0,0.0,64865.13010551941,64865.13010551941,51000.0,13865.130105519413,0.2718652961866552,0.0408077780718028,1.0762937813944555,0.0,1.110064353316996,-0.030422174914121247
2020-03-03,0.0,0.0,65376.8751745373,65376.8751745373,51000.0,14376.875174537301,0.28189951322622164,0.007889370886721592,1.0847850622189485,0.0,1.110064353316996,-0.02277281584847779
2020-03-04,0.0,0.0,65679.28457328568,65679.28457328568,51000.0,14679.28457328568,0.2878291092801113,0.004625632502945898,1.0898028792614587,0.0,1.110064353316996,-0.01825252202270422
2020-03-05,0.0,0.0,67238.42673343384,67238.42673343384,51000.0,16238.426733433836,0.3184005241849772,0.023738720211065045,1.1156734048974595,0.0,1.1156734048974595,0.0
2020-03-06,0.0,0.0,66345.61054505709,66345.61054505709,51000.0,15345.61054505709,0.3008943244128841,-0.013278362266212818,1.1008590892564518,0.0,1.1156734048974595,-0.013278362266212818
2020-03-09,0.0,0.0,63958.23113106335,63958.23113106335,51000.0,12958.231131063352,0.25408296335418346,-0.03598398438691597,1.0612457929764532,0.0,1.1156734048974595,-0.04878453827265761
2020-03-10,0.0,0.0,65769.8431317841,65769.8431317841,51000.0,14769.843131784102,0.28960476728988427,0.02832492344899884,1.0913054988230833,0.0,1.1156734048974595,-0.021841433135726507
2020-03-11,0.0,0.0,64901.03062646073,64901.03062646073,51000.0,13901.030626460728,0.2725692279698182,-0.01320989170648501,1.0768894713649386,0.0,1.1156734048974595,-0.034762801875774296
2020-03-12,0.0,0.0,63659.81489339511,63659.81489339511,51000.0,12659.814893395109,0.2482316645763747,-0.019124746110881663,1.0562942336356027,0.0,1.1156734048974595,-0.05322271822667879
2020-03-13,0.0,0.0,62636.35696673325,62636.35696673325,51000.0,11636.356966733249,0.2281638620928088,-0.01607698558935089,1.0393122064633287,0.0,1.1156734048974595,-0.06844404294207329
2020-03-16,0.0,0.0,59872.85984482686,59872.85984482686,51000.0,8872.85984482686,0.17397764401621285,-0.04411969750051248,0.9934580663055764,0.0,1.1156734048974595,-0.10954400997226943
2020-03-17,0.0,0.0,59446.03313105464,59446.03313105464,51000.0,8446.033131054639,0.16560849276577727,-0.0071288846879610235,0.9863758183085592,0.0,1.1156734048974595,-0.11589196804488122
2020-03-18,0.0,0.0,58641.854133200024,58641.854133200024,51000.0,7641.854133200024,0.149840277121569,-0.013527883283342423,0.9730322413649697,0.0,1.1156734048974595,-0.12785207831103562
2020-03-19,0.0,0.0,58365.454711001854,58365.454711001854,51000.0,7365.454711001854,0.14442068060787938,-0.004713347254852396,0.9684460025212492,0.0,1.1156734048974595,-0.1319628143235536
2020-03-20,0.0,0.0,59371.317711098854,59371.317711098854,51000.0,8371.317711098854,0.16414348453135008,0.01723387584449676,0.9851360806907996,0.0,1.1156734048974595,-0.11700316923719933
2020-03-23,0.0,0.0,57192.125247320655,57192.125247320655,51000.0,6192.125247320655,0.12141422053569917,-0.03670446518270254,0.9489771877168601,0.0,1.1156734048974595,-0.14941309566836924
2020-03-24,0.0,0.0,58684.767845447845,58684.767845447845,51000.0,7684.767845447845,0.15068172245976164,0.02609874334399076,0.9737442997783846,0.0,1.1156734048974595,-0.1272138463604584
2020-03-25,0.0,0.0,60082.36238426566,60082.36238426566,51000.0,9082.36238426566,0.1780855369463854,0.023815286148843873,0.9969342989134125,0.0,1.1156734048974595,-0.1064281943647839
2020-03-26,0.0,0.0,59369.45660156622,59369.45660156622,51000.0,8369.45660156622,0.16410699218757285,-0.011865475231149336,0.9851051996825722,0.0,1.1156734048974595,-0.1170308484918019
2020-03-27,0.0,0.0,59420.45546180785,59420.45546180785,51000.0,8420.455461807847,0.16510696983936946,0.0008590083716595309,0.9859514132960648,0.0,1.1156734048974595,-0.11627237059873918
2020-03-30,0.0,0.0,58319.94656230502,58319.94656230502,51000.0,7319.94656230502,0.14352836396676505,-0.01852070791026117,0.9676908951566993,0.0,1.1156734048974595,-0.13263963189510752
2020-03-31,0.0,0.0,58695.885370292475,58695.885370292475,51000.0,7695.885370292475,0.15089971314298967,0.006446144589413061,0.9739287705847379,0.0,1.1156734048974595,-0.12704850155117675
2020-04-01,1000.0,0.0,59459.99882530129,59459.99882530129,52000.0,7459.9988253012925,0.14346151587117872,-0.004018791836992608,0.9700147535916998,0.0,1.1156734048974595,-0.1305567119072334
2020-04-02,0.0,0.0,60420.971471645695,60420.971471645695,52000.0,8420.971471645695,0.16194175907010955,0.016161666083577053,0.985691808135392,0.0,1.1156734048974595,-0.11650505980647086
2020-04-03,0.0,0.0,60127.17103169218,60127.17103169218,52000.0,8127.171031692182,0.15629175060946499,-0.004862557367045772,0.9808988251721066,0.0,1.1156734048974595,-0.1208011046366565
2020-04-07,0.0,0.0,61610.92266698981,61610.92266698981,52000.0,9610.922666989813,0.1848254359036503,0.024676890827203035,1.0051043583934103,0.0,1.1156734048974595,-0.09910520948037793
2020-04-08,0.0,0.0,61415.90732940849,61415.90732940849,52000.0,9415.907329408488,0.1810751409501632,-0.003165272148826448,1.0019229295611236,0.0,1.1156734048974595,-0.10195678666983243
2020-04-09,0.0,0.0,61723.31503229277,61723.31503229277,52000.0,9723.315032292769,0.1869868275440918,0.005005343342653568,1.0069378978264543,0.0,1.1156734048974595,-0.09746177205057516
2020-04-10,0.0,0.0,61440.94629378471,61440.94629378471,52000.0,9440.946293784713,0.18155665949585997,-0.00457475004964214,1.002331408628386,0.0,1.1156734048974595,-0.10159065885369079
2020-04-13,0.0,0.0,61598.63226628052,61598.63226628052,52000.0,9598.632266280518,0.18458908204385605,0.0025664639301259395,1.0049038560346633,0.0,1.1156734048974595,-0.0992849236851504
2020-04-14,0.0,0.0,62498.21972166619,62498.21972166619,52000.0,10498.219721666188,0.2018888408012729,0.01460401671739886,1.019579488747572,0.0,1.1156734048974595,-0.0861308656530353
2020-04-15,0.0,0.0,61947.76084906578,61947.76084906578,52000.0,9947.76084906578,0.19130309325126493,-0.008807592841073797,1.0105994477415732,0.0,1.1156734048974595,-0.09417985289838793
2020-04-16,0.0,0.0,62125.24041503478,62125.24041503478,52000.0,10125.24041503478,0.19471616182759188,0.002864987588517165,1.013494802616315,0.0,1.1156734048974595,-0.09158468941951303
2020-04-17,0.0,0.0,62395.73806886511,62395.73806886511,52000.0,10395.73806886511,0.19991803978586753,0.00435407013354383,1.0179076300668888,0.0,1.1156734048974595,-0.0876293854468605
2020-04-20,0.0,0.0,62896.8359305461,62896.8359305461,52000.0,10896.835930546098,0.20955453712588645,0.008030962966219413,1.0260824085469882,0.0,1.1156734048974595,-0.08030217082991731
2020-04-21,0.0,0.0,62347.657920338104,62347.657920338104,52000.0,10347.657920338104,0.19899342154496358,-0.008731409173180382,1.017123263192562,0.0,1.1156734048974595,-0.08833242889208703
2020-04-22,0.0,0.0,63275.98213948049,63275.98213948049,52000.0,11275.98213948049,0.2168458103746247,0.014889480216378148,1.0322676998974856,0.0,1.1156734048974595,-0.07475817262816231
2020-04-23,0.0,0.0,63294.911233804356,63294.911233804356,52000.0,11294.911233804356,0.2172098314193145,0.00029915133173497033,1.0325765041546169,0.0,1.1156734048974595,-0.07448138530332715
2020-04-24,0.0,0.0,62791.56265191762,62791.56265191762,52000.0,10791.562651917622,0.2075300509984157,-0.007952433648692914,1.024365008018128,0.0,1.1156734048974595,-0.0818415106773327
2020-04-27,0.0,0.0,62884.94318916459,62884.94318916459,52000.0,10884.943189164587,0.2093258305608574,0.001487151032768752,1.0258883934977343,0.0,1.1156734048974595,-0.08047607033169102
2020-04-28,0.0,0.0,62952.43877852667,62952.43877852667,52000.0,10952.438778526674,0.2106238226639745,0.001073318761838582,1.026989498758028,0.0,1.1156734048974595,-0.07948912804601849
2020-04-29,0.0,0.0,62742.83824465422,62742.83824465422,52000.0,10742.838244654216,0.20659304316642735,-0.0033295061786224878,1.0235701308765326,0.0,1.1156734048974595,-0.08255397468167847
2020-04-30,0.0,0.0,63351.31743281633,63351.31743281633,52000.0,11351.31743281633,0.21829456601569874,0.009697986338926157,1.033496700022706,0.0,1.1156734048974595,-0.07365659566143934
2020-05-06,1000.0,-7.275957614183426e-12,65043.017908495494,65043.01790849549,53000.0,12043.017908495487,0.22722675299048078,0.010918486050628617,1.0447809193252746,-1.1186377643822534e-16,1.1156734048974595,-0.06354232812307692
2020-05-07,0.0,-7.275957614183426e-12,65143.13734830336,65143.13734830335,53000.0,12143.137348303353,0.22911579902459156,0.0015392803567126911,1.0463891300714603,-1.1169185136541366e-16,1.1156734048974595,-0.062100857223863826
2020-05-08,0.0,-7.275957614183426e-12,65833.54782019922,65833.54782019922,53000.0,12833.547820199223,0.24214241170187223,0.010598360779039862,1.0574791395872234,-1.1052051507318275e-16,1.1156734048974595,-0.052160663734370116
2020-05-11,0.0,-7.275957614183426e-12,66108.08578184363,66108.08578184363,53000.0,13108.085781843634,0.24732237324233264,0.004170183299162522,1.0618890214343428,-1.1006153828434923e-16,1.1156734048974595,-0.04820799996398584
2020-05-12,0.0,-7.275957614183426e-12,66130.93943596908,66130.93943596908,53000.0,13130.939435969078,0.24775357426356748,0.0003457013443235457,1.062256117896575,-1.1002350301145098e-16,1.1156734048974595,-0.047878964190056994
2020-05-13,0.0,-7.275957614183426e-12,66334.55972660238,66334.55972660237,53000.0,13334.559726602369,0.25159546653966736,0.0030790473017616726,1.0655268547301644,-1.0968577532090749e-16,1.1156734048974595,-0.04494733848379584
2020-05-14,0.0,-7.275957614183426e-12,65547.31863150785,65547.31863150783,53000.0,12547.318631507835,0.2367418609718459,-0.011867736792693706,1.05288146247268,-1.1100313126593645e-16,1.1156734048974595,-0.056281652093831624
2020-05-15,0.0,-7.275957614183426e-12,65328.75944596022,65328.75944596021,53000.0,12328.759445960211,0.23261810275396622,-0.0033343726350777425,1.0493707633362306,-1.113744953354285e-16,1.1156734048974595,-0.0594283607283107
2020-05-18,0.0,-7.275957614183426e-12,65613.71781366381,65613.7178136638,53000.0,12613.717813663796,0.2379946757295055,0.00436191303983513,1.0539480273524486,-1.1089079931191214e-16,1.1156734048974595,-0.05532566903007241
2020-05-19,0.0,-7.275957614183426e-12,66156.1467444301,66156.1467444301,53000.0,13156.146744430094,0.24822918385717152,0.008267004962388302,1.0626610209246707,-1.0998158103571855e-16,1.1156734048974595,-0.04751604164810319
2020-05-20,0.0,-7.275957614183426e-12,65681.82057713093,65681.82057713091,53000.0,12681.820577130915,0.23927963353077208,-0.0071697973754663025,1.0550419567258347,-1.1077582122802435e-16,1.1156734048974595,-0.05434515863286837
2020-05-21,0.0,-7.275957614183426e-12,65240.22947572126,65240.22947572125,53000.0,12240.229475721251,0.23094772595700475,-0.0067231860738558025,1.047948713335042,-1.1152562878233174e-16,1.1156734048974595,-0.06070297209302211
2020-05-22,0.0,-7.275957614183426e-12,63800.72021425576,63800.72021425575,53000.0,10800.72021425575,0.20378717385388212,-0.02206474859198959,1.0248259884380053,-1.1404193541623489e-16,1.1156734048974595,-0.0814283248669927
2020-05-25,0.0,-7.275957614183426e-12,63912.440171124945,63912.44017112494,53000.0,10912.440171124937,0.20589509756839508,0.001751076735403645,1.0266205373841961,-1.1384258830834998e-16,1.1156734048974595,-0.07981983537686654
2020-05-26,0.0,-7.275957614183426e-12,64878.91469524389,64878.91469524388,53000.0,11878.914695243882,0.22413046594799768,0.01512185298403912,1.0421449422209152,-1.121467220646465e-16,1.1156734048974595,-0.06590500620860651
2020-05-27,0.0,-7.275957614183426e-12,64552.270996732936,64552.27099673293,53000.0,11552.270996732928,0.2179673772968478,-0.005034666502134022,1.0368980899899471,-1.1271420047408822e-16,1.1156734048974595,-0.07060786298365918
2020-05-28,0.0,-7.275957614183426e-12,64547.78271793792,64547.78271793791,53000.0,11547.78271793791,0.21788269279128136,-6.952937093795963e-05,1.0368259951180234,-1.1272203796647888e-16,1.1156734048974595,-0.07067248303430052
2020-05-29,0.0,-7.275957614183426e-12,64890.36752071681,64890.367520716805,53000.0,11890.367520716805,0.22434655699465678,0.005307460432466327,1.042328908062465,-1.1212692872883658e-16,1.1156734048974595,-0.06574011400920288
2020-06-01,1000.0,0.0,67481.76550991493,67481.76550991493,54000.0,13481.765509914927,0.24966232425768387,0.02452441017058593,1.0678914097364478,0.0,1.1156734048974595,-0.04282794135923973
2020-06-02,0.0,0.0,67116.19592693303,67116.19592693303,54000.0,13116.195926933025,0.24289251716542637,-0.005417309108905699,1.0621063118751604,0.0,1.1156734048974595,-0.048013238271304326
2020-06-03,0.0,0.0,66955.71010918614,66955.71010918614,54000.0,12955.71010918614,0.23992055757752118,-0.0023911637948252906,1.059566641715949,0.0,1.1156734048974595,-0.05028959454910298
2020-06-04,0.0,0.0,67123.4433051523,67123.4433051523,54000.0,13123.443305152294,0.24302672787319057,0.0025051365401491665,1.062221000826835,0.0,1.1156734048974595,-0.047910440309847924
2020-06-05,0.0,0.0,67413.86463064936,67413.86463064936,54000.0,13413.864630649361,0.2484049005675808,0.004326675021374848,1.0668168858982923,0.0,1.1156734048974595,-0.04379105819382467
2020-06-08,0.0,0.0,67562.75533377983,67562.75533377983,54000.0,13562.75533377983,0.25116213581073765,0.00220860655217181,1.0691730646624547,0.0,1.1156734048974595,-0.04167916885970646
2020-06-09,0.0,0.0,68232.61786251325,68232.61786251325,54000.0,14232.617862513245,0.26356699745394896,0.009914671558673094,1.079773564437963,0.0,1.1156734048974595,-0.03217773257111578
2020-06-10,0.0,0.0,68361.4974766586,68361.4974766586,54000.0,14361.497476658595,0.26595365697515927,0.0018888270475718727,1.0818130699517263,0.0,1.1156734048974595,-0.030349683695153784
2020-06-11,0.0,0.0,68097.10031221947,68097.10031221947,54000.0,14097.100312219467,0.26105741318924935,-0.003867632720149339,1.0776290143252958,0.0,1.1156734048974595,-0.0340999349855976
2020-06-12,0.0,0.0,68268.98469616687,68268.98469616687,54000.0,14268.984696166866,0.26424045733642343,0.0025241072403865417,1.080349065522805,0.0,1.1156734048974595,-0.03166189963800481
2020-06-15,0.0,0.0,67879.36689489463,67879.36689489463,54000.0,13879.366894894629,0.257025312868419,-0.005707098223391549,1.0741834072903171,0.0,1.1156734048974595,-0.03718830029022302
2020-06-16,0.0,0.0,69095.10513056496,69095.10513056496,54000.0,15095.10513056496,0.27953898389935117,0.017910276587476126,1.0934223292205643,0.0,1.1156734048974595,-0.01994407644676288
2020-06-17,0.0,0.0,69281.2291914516,69281.2291914516,54000.0,15281.229191451595,0.28298572576762204,0.002693737284789277,1.0963677217168069,0.0,1.1156734048974595,-0.017304063264309
2020-06-18,0.0,0.0,69099.33701262514,69099.33701262514,54000.0,15099.33701262514,0.27961735208565064,-0.0026254178938398542,1.093489298281983,0.0,1.1156734048974595,-0.019884050760818672
2020-06-19,0.0,0.0,69948.97344404581,69948.97344404581,54000.0,15948.973444045812,0.29535136007492246,0.012295869514137747,1.1069347000087644,0.0,1.1156734048974595,-0.007832672940248364
2020-06-22,0.0,0.0,69951.60917325423,69951.60917325423,54000.0,15951.609173254226,0.29540016987507833,3.7680741812762264e-05,1.106976410129399,0.0,1.1156734048974595,-0.0077952873393623
2020-06-23,0.0,0.0,70542.44428977028,70542.44428977028,54000.0,16542.444289770283,0.306341560921672,0.008446340598865953,1.116326309924262,0.0,1.116326309924262,0.0
2020-06-24,0.0,0.0,70617.7705705742,70617.7705705742,54000.0,16617.770570574197,0.3077364920476704,0.0010678150092799932,1.1175183399132533,0.0,1.1175183399132533,0.0
2020-06-29,0.0,0.0,70245.4859106187,70245.4859106187,54000.0,16245.485910618707,0.30084233167812413,-0.005271826863798235,1.1116269767081115,0.0,1.1175183399132533,-0.005271826863798124
2020-06-30,0.0,0.0,71311.61138179761,71311.61138179761,54000.0,17311.611381797615,0.3205853959592151,0.01517713853578373,1.1284982933337249,0.0,1.1284982933337249,0.0
2020-07-01,1000.0,0.0,72937.46112827776,72937.46112827776,55000.0,17937.461128277762,0.32613565687777757,0.00877626706721557,1.1384022957409186,0.0,1.1384022957409186,0.0
2020-07-02,0.0,0.0,73706.47896954745,73706.47896954745,55000.0,18706.478969547446,0.34011779944631715,0.010543523579977343,1.1504050671895634,0.0,1.1504050671895634,0.0
2020-07-03,0.0,0.0,74151.3196777832,74151.3196777832,55000.0,19151.319677783205,0.3482058123233309,0.006035299941807626,1.1573481068246276,0.0,1.1573481068246276,0.0
2020-07-06,0.0,0.0,76772.27583141542,76772.27583141542,55000.0,21772.27583141542,0.39585956057118943,0.03534604866132263,1.1982557893265406,0.0,1.1982557893265406,0.0
2020-07-07,0.0,0.0,77922.35886373886,77922.35886373886,55000.0,22922.35886373886,0.4167701611588883,0.014980447301691457,1.2162061970324936,0.0,1.2162061970324936,0.0
2020-07-08,0.0,0.0,79169.591690928,79169.591690928,55000.0,24169.591690928006,0.4394471216532365,0.01600609690692445,1.2356729112809977,0.0,1.2356729112809977,0.0
2020-07-09,0.0,0.0,81264.65435964725,81264.65435964725,55000.0,26264.654359647247,0.4775391701754046,0.026462971754334763,1.2683724886298233,0.0,1.2683724886298233,0.0
2020-07-10,0.0,0.0,80802.64459259743,80802.64459259743,55000.0,25802.644592597426,0.46913899259268055,-0.005685248656877806,1.2611614756424199,0.0,1.2683724886298233,-0.005685248656877806
2020-07-13,0.0,0.0,83575.54271123328,83575.54271123328,55000.0,28575.542711233284,0.5195553220224234,0.03431692282618548,1.304440656673399,0.0,1.304440656673399,0.0
2020-07-14,0.0,0.0,83025.01691871881,83025.01691871881,55000.0,28025.016918718815,0.509545762158524,-0.0065871638359157325,1.295848092353662,0.0,1.304440656673399,-0.0065871638359156215
2020-07-15,0.0,0.0,81540.28223767102,81540.28223767102,55000.0,26540.282237671025,0.4825505861394732,-0.017882979566283486,1.272674467397094,0.0,1.304440656673399,-0.024352345285921673
2020-07-16,0.0,0.0,77249.1998748933,77249.1998748933,55000.0,22249.199874893297,0.4045309068162417,-0.052625306719815135,1.2056995831958446,0.0,1.304440656673399,-0.07569610236571833
2020-07-17,0.0,0.0,78036.05364409072,78036.05364409072,55000.0,23036.053644090716,0.41883733898346764,0.01018591481169695,1.217980736438776,0.0,1.304440656673399,-0.06628122160429606
2020-07-20,0.0,0.0,80489.54945716528,80489.54945716528,55000.0,25489.54945716528,0.46344635376664156,0.03144054188419809,1.2562747107969259,0.0,1.304440656673399,-0.03692459724408359
2020-07-21,0.0,0.0,81229.31801086507,81229.31801086507,55000.0,26229.31801086507,0.4768966911066377,0.009190864636327456,1.2678209616099019,0.0,1.304440656673399,-0.028073101582777427
2020-07-22,0.0,0.0,81820.7863479657,81820.7863479657,55000.0,26820.786347965695,0.4876506608721036,0.007281463781605435,1.2770525540234245,0.0,1.304440656673399,-0.020996051073584265
2020-07-23,0.0,0.0,82291.24438311282,82291.24438311282,55000.0,27291.24438311282,0.496204443329324,0.005749859615701736,1.2843954269309326,0.0,1.304440656673399,-0.015366915804039816
2020-07-24,0.0,0.0,77935.83884235666,77935.83884235666,55000.0,22935.838842356665,0.41701525167921205,-0.05292671867348664,1.2164165915042464,0.0,1.304440656673399,-0.06748031404788679
2020-07-27,0.0,0.0,78346.33777386427,78346.33777386427,55000.0,23346.337773864274,0.42447886861571416,0.005267139452209468,1.2228236273236806,0.0,1.304440656673399,-0.0625686028200465
2020-07-28,0.0,0.0,79144.69743911405,79144.69743911405,55000.0,24144.697439114054,0.4389944988929828,0.010190133807583157,1.235284363709183,0.0,1.304440656673399,-0.05301605144735311
2020-07-29,0.0,0.0,81753.33554344703,81753.33554344703,55000.0,26753.33554344703,0.48642428260812776,0.03296036486006915,1.275999787042976,0.0,1.304440656673399,-0.02180311498642895
2020-07-30,0.0,0.0,81798.21741450463,81798.21741450463,55000.0,26798.21741450463,0.4872403166273569,0.0005489913134339997,1.2767002998420063,0.0,1.304440656673399,-0.021266093393728314
2020-07-31,0.0,0.0,83008.81199949277,83008.81199949277,55000.0,28008.81199949277,0.509251127263505,0.014799767320766488,1.2955951672180208,0.0,1.304440656673399,-0.006781059307010673
2020-08-03,1000.0,1.4551915228366852e-11,85917.63205287837,85917.63205287838,56000.0,29917.632052878384,0.5342434295156855,0.022995390578500086,1.3253878841198163,1.6937053408793683e-16,1.3253878841198163,0.0
2020-08-04,0.0,1.4551915228366852e-11,85408.87652729727,85408.87652729728,56000.0,29408.87652729728,0.5251585094160229,-0.00592143327772332,1.317539688196898,1.7037942448190332e-16,1.3253878841198163,-0.00592143327772332
2020-08-05,0.0,1.4551915228366852e-11,86126.97807322991,86126.97807322993,56000.0,30126.978073229926,0.5379817513076772,0.00840780929489382,1.3286173106337114,1.6895885068664556e-16,1.3286173106337114,0.0
2020-08-06,0.0,1.4551915228366852e-11,85689.66743151318,85689.6674315132,56000.0,29689.667431513197,0.5301726327055929,-0.005077510572179866,1.3218712421925876,1.6982111921483832e-16,1.3286173106337114,-0.005077510572179866
2020-08-07,0.0,1.4551915228366852e-11,85277.15952838115,85277.15952838116,56000.0,29277.159528381162,0.5228064201496636,-0.004813974840802482,1.3155077872898921,1.7064258834188557e-16,1.3286173106337114,-0.009867042404833937
2020-08-10,0.0,1.4551915228366852e-11,85454.3834369953,85454.38343699531,56000.0,29454.38343699531,0.5259711328034877,0.0020782107377199655,1.3182416896989921,1.7028869255251064e-16,1.3286173106337114,-0.007809337460589316
2020-08-11,0.0,1.4551915228366852e-11,84523.71600006055,84523.71600006057,56000.0,28523.716000060565,0.5093520714296529,-0.010890809804050772,1.3038849701807098,1.7216369460562316e-16,1.3286173106337114,-0.01861509725566124
2020-08-12,0.0,1.4551915228366852e-11,83267.91699721845,83267.91699721846,56000.0,27267.91699721846,0.486927089236044,-0.014857356754655715,1.2845126860117013,1.7476016877968683e-16,1.3286173106337114,-0.03319588286936692
2020-08-13,0.0,1.4551915228366852e-11,83511.01533511454,83511.01533511456,56000.0,27511.015335114556,0.4912681309841884,0.002919471828558118,1.288262784611938,1.74251446590281e-16,1.3286173106337114,-0.030373325485669955
2020-08-14,0.0,1.4551915228366852e-11,84746.4129321553,84746.41293215532,56000.0,28746.41293215532,0.5133288023599165,0.014793229277399345,1.3073203513542435,1.7171128222284227e-16,1.3286173106337114,-0.016029415776097178
2020-08-17,0.0,1.4551915228366852e-11,86205.5911816596,86205.59118165962,56000.0,30205.59118165962,0.5393855568153503,0.017218171236019986,1.3298300170241948,1.6880477274034164e-16,1.3298300170241948,0.0
2020-08-18,0.0,1.4551915228366852e-11,86620.57525142061,86620.57525142063,56000.0,30620.575251420625,0.5467959866325112,0.0048138881025305835,1.3362316699215355,1.679960585129939e-16,1.3362316699215355,0.0
2020-08-19,0.0,1.4551915228366852e-11,85668.45244036762,85668.45244036763,56000.0,29668.452440367633,0.5297937935779935,-0.01099187818009062,1.321543974185379,1.6986317382698369e-16,1.3362316699215355,-0.01099187818009062
2020-08-20,0.0,1.4551915228366852e-11,84331.96906431847,84331.96906431849,56000.0,28331.969064318488,0.5059280190056872,-0.015600648056289468,1.3009270317532027,1.7255514592892247e-16,1.3362316699215355,-0.02642104581341498
2020-08-21,0.0,1.4551915228366852e-11,84981.08024426928,84981.0802442693,56000.0,28981.080244269295,0.5175192900762373,0.007697095029949308,1.310940390743637,1.7123711756239015e-16,1.3362316699215355,-0.018927316083882095
2020-08-24,0.0,1.4551915228366852e-11,85805.14028315878,85805.14028315879,56000.0,29805.14028315879,0.5322346479135498,0.009696982393267106,1.3236525566313007,1.6959258128761542e-16,1.3362316699215355,-0.00941387154143225
2020-08-25,0.0,1.4551915228366852e-11,85650.62555773473,85650.62555773475,56000.0,29650.625557734747,0.5294754563881205,-0.0018007630418660492,1.3212689720270474,1.6989852827820626e-16,1.3362316699215355,-0.011197682431345668
2020-08-26,0.0,1.4551915228366852e-11,84562.87446806442,84562.87446806443,56000.0,28562.87446806443,0.5100513297868647,-0.01269986158988523,1.304489038959294,1.7208397089035156e-16,1.3362316699215355,-0.02375533500422533
2020-08-27,0.0,1.4551915228366852e-11,85193.90715480837,85193.90715480839,56000.0,29193.90715480839,0.5213197706215784,0.0074622899317629,1.314223514380815,1.7080934205686954e-16,1.3362316699215355,-0.016470314269690145
2020-08-28,0.0,1.4551915228366852e-11,86824.38667329318,86824.3866732932,56000.0,30824.386673293193,0.5504354763088071,0.019138452184403354,1.3393757182704107,1.6760170484271279e-16,1.3393757182704107,0.0
2020-08-31,0.0,1.4551915228366852e-11,86937.91821460178,86937.9182146018,56000.0,30937.9182146018,0.5524628252607464,0.001307599692420558,1.3411270855476567,1.6738283509902083e-16,1.3411270855476567,0.0
2020-09-01,1000.0,0.0,88612.97060445932,88612.97060445932,57000.0,31612.97060445932,0.5546135193764792,0.0077647636810349585,1.3515406204331695,0.0,1.3515406204331695,0.0
2020-09-02,0.0,0.0,88277.76071329055,88277.76071329055,57000.0,31277.760713290554,0.5487326440928166,-0.003782853558369381,1.3464279401878831,0.0,1.3515406204331695,-0.003782853558369381
2020-09-03,0.0,0.0,87601.34220676182,87601.34220676182,57000.0,30601.342206761823,0.5368656527502074,-0.007662388591002101,1.336111086100381,0.0,1.3515406204331695,-0.011416256455424323
2020-09-04,0.0,0.0,87074.85144918298,87074.85144918298,57000.0,30074.851449182985,0.527628972792684,-0.00601007637915163,1.3280809564218865,0.0,1.3515406204331695,-0.01735772026131488
2020-09-07,0.0,0.0,85457.21738746334,85457.21738746334,57000.0,28457.217387463344,0.4992494278502342,-0.018577511586840845,1.3034085170656962,0.0,1.3515406204331695,-0.035612768598880074
2020-09-08,0.0,0.0,85684.16378131429,85684.16378131429,57000.0,28684.163781314288,0.5032309435318296,0.0026556726370103867,1.3068699433993138,0.0,1.3515406204331695,-0.03305167181696589
2020-09-09,0.0,0.0,83393.09461065098,83393.09461065098,57000.0,26393.09461065098,0.46303674755528035,-0.026738536849243766,1.2719261532605621,0.0,1.3515406204331695,-0.058906455321402706
2020-09-10,0.0,0.0,82338.94494545637,82338.94494545637,57000.0,25338.944945456373,0.4445428937799363,-0.01264073086766071,1.2558480770736564,0.0,1.3515406204331695,-0.07080256554097764
2020-09-11,0.0,0.0,83190.81158790489,83190.81158790489,57000.0,26190.811587904886,0.4594879225948225,0.010345853265581795,1.2688408970029235,0.0,1.3515406204331695,-0.061189225229309585
2020-09-14,0.0,0.0,84313.04926817332,84313.04926817332,57000.0,27313.049268173316,0.479176302950409,0.01348992345245481,1.285957463576837,0.0,1.3515406204331695,-0.048524739741313216
2020-09-15,0.0,0.0,85183.18134202076,85183.18134202076,57000.0,28183.18134202076,0.49444177793018884,0.01032025388003488,1.2992288710798756,0.0,1.3515406204331695,-0.038705273494871295
2020-09-16,0.0,0.0,84657.42197369787,84657.42197369787,57000.0,27657.42197369787,0.48521792936312047,-0.006172102990752437,1.2912098966790115,0.0,1.3515406204331695,-0.044638483551328156
2020-09-17,0.0,0.0,84352.16039337747,84352.16039337747,57000.0,27352.160393377475,0.4798624630417101,-0.0036058454557621467,1.2865539933406365,0.0,1.3515406204331695,-0.04808336953402459
2020-09-18,0.0,0.0,85866.14512950422,85866.14512950422,57000.0,28866.14512950422,0.506423598763232,0.017948381275195047,1.309645554944239,0.0,1.3515406204331695,-0.03099800690822241
2020-09-21,0.0,0.0,85602.88980171646,85602.88980171646,57000.0,28602.88980171646,0.5018050842406396,-0.0030658803582100935,1.3056303383611183,0.0,1.3515406204331695,-0.03396885108590886
2020-09-22,0.0,0.0,84030.87688729311,84030.87688729311,57000.0,27030.87688729311,0.4742259103033879,-0.01836401689317535,1.2816537207712124,0.0,1.3515406204331695,-0.0517090634239008
2020-09-23,0.0,0.0,84358.63391468566,84358.63391468566,57000.0,27358.633914685663,0.4799760335909766,0.0039004356438188115,1.2866527286267415,0.0,1.3515406204331695,-0.04801031565416902
2020-09-24,0.0,0.0,82181.0010175243,82181.0010175243,57000.0,25181.001017524293,0.4417719476758648,-0.025813989583611252,1.2534390884922457,0.0,1.3515406204331695,-0.07258496744957776
2020-09-25,0.0,0.0,81812.73073141817,81812.73073141817,57000.0,24812.730731418167,0.43531106546347664,-0.004481209544132891,1.247822165285905,0.0,1.3515406204331695,-0.07674090854481508
2020-09-28,0.0,0.0,81327.05273383108,81327.05273383108,57000.0,24327.05273383108,0.4267903988391417,-0.005936459927997184,1.2404145190044185,0.0,1.3515406204331695,-0.08222179914439798
2020-09-29,0.0,0.0,82013.17384704763,82013.17384704763,57000.0,25013.173847047627,0.43882761135171267,0.008436566802219048,1.2508793589564415,0.0,1.3515406204331695,-0.07447890204325935
2020-09-30,0.0,0.0,81864.79756847964,81864.79756847964,57000.0,24864.79756847964,0.4362245187452569,-0.0018091761555857344,1.2486162978467032,0.0,1.3515406204331695,-0.07615333274517411
2020-10-09,1000.0,0.0,85187.54845284237,85187.54845284237,58000.0,27187.54845284237,0.4687508353938339,0.028373012007020026,1.2840433030576686,0.0,1.3515406204331695,-0.049941020162507566
2020-10-12,0.0,0.0,87444.96496548722,87444.96496548722,58000.0,29444.96496548722,0.5076718097497797,0.026499371723257115,1.3180696438541526,0.0,1.3515406204331695,-0.02476505409677543
2020-10-13,0.0,0.0,88197.78503906698,88197.78503906698,58000.0,30197.785039066977,0.5206514661908099,0.008609072848012156,1.3294170014368465,0.0,1.3515406204331695,-0.016369185403567355
2020-10-14,0.0,0.0,88264.11090928785,88264.11090928785,58000.0,30264.110909287847,0.5217950156773767,0.0007520128786850933,1.33041674014307,0.0,1.3515406204331695,-0.01562948236311923
2020-10-15,0.0,0.0,87901.2617511545,87901.2617511545,58000.0,29901.261751154496,0.5155389957095602,-0.004110947863127157,1.3249474662881102,0.0,1.3515406204331695,-0.01967617823912393
2020-10-16,0.0,0.0,87104.49265356227,87104.49265356227,58000.0,29104.492653562265,0.5018015974752115,-0.009064364739699182,1.3129376591927344,0.0,1.3515406204331695,-0.0285621909225805
2020-10-19,0.0,0.0,86452.01276502913,86452.01276502913,58000.0,28452.012765029125,0.49055194422464,-0.0074907719298501485,1.3031027426296102,0.0,1.3515406204331695,-0.03583900999441281
2020-10-20,0.0,0.0,87292.21783282397,87292.21783282397,58000.0,29292.217832823968,0.5050382384969649,0.009718745011506824,1.3157672659090227,0.0,1.3515406204331695,-0.02646857518250645
2020-10-21,0.0,0.0,86679.10085600274,86679.10085600274,58000.0,28679.10085600274,0.4944672561379784,-0.007023730087777458,1.3065256717749447,0.0,1.3515406204331695,-0.03330639714239403
2020-10-22,0.0,0.0,86337.46881944296,86337.46881944296,58000.0,28337.468819442962,0.48857704861108564,-0.003941342644143475,1.30137620642911,0.0,1.3515406204331695,-0.037116467863157476
2020-10-23,0.0,0.0,84909.15103085313,84909.15103085313,58000.0,26909.15103085313,0.4639508798422953,-0.01654342903631867,1.2798469815084963,0.0,1.3515406204331695,-0.053045863247303204
2020-10-26,0.0,0.0,84991.27007606259,84991.27007606259,58000.0,26991.27007606259,0.465366725449355,0.0009671401045998618,1.2810847728520642,0.0,1.3515406204331695,-0.05213002592443294
2020-10-27,0.0,0.0,85266.42827928285,85266.42827928285,58000.0,27266.428279282845,0.47011083240142826,0.003237487838150921,1.2852322692238132,0.0,1.3515406204331695,-0.04906130841121481
2020-10-28,0.0,0.0,86008.63200327542,86008.63200327542,58000.0,28008.632003275416,0.4829074483323348,0.008704524617374032,1.2964196051503154,0.0,1.3515406204331695,-0.040783839160666746
2020-10-29,0.0,0.0,87045.02822208825,87045.02822208825,58000.0,29045.02822208825,0.5007763486566941,0.012049909348324173,1.312041343869767,0.0,1.3515406204331695,-0.029225371377105236
2020-10-30,0.0,0.0,85253.7868638418,85253.7868638418,58000.0,27253.7868638418,0.4698928769627897,-0.020578330489781083,1.2850417234793583,0.0,1.3515406204331695,-0.04920229251600161
2020-11-02,1000.0,0.0,88092.03429335807,88092.03429335807,59000.0,29092.03429335807,0.4930853270060689,0.021562061899398355,1.3127498726643299,0.0,1.3515406204331695,-0.028701133493425623
2020-11-03,0.0,0.0,89621.31898101035,89621.31898101035,59000.0,30621.31898101035,0.5190054064578025,0.01736007914812787,1.3355393143554775,0.0,1.3515406204331695,-0.01183930829438451
2020-11-04,0.0,0.0,90779.22301720001,90779.22301720001,59000.0,31779.223017200013,0.5386308985966104,0.012919962006305852,1.3527944315548779,0.0,1.3527944315548779,0.0
2020-11-05,0.0,0.0,92227.27066419789,92227.27066419789,59000.0,33227.27066419789,0.5631740790542015,0.015951311311879213,1.3743732766735863,0.0,1.3743732766735863,0.0
2020-11-06,0.0,0.0,93391.44611259927,93391.44611259927,59000.0,34391.44611259927,0.5829058663152418,0.012622898195048693,1.3917218506270326,0.0,1.3917218506270326,0.0
2020-11-09,0.0,0.0,95312.78124667576,95312.78124667576,59000.0,36312.78124667576,0.6154708685877248,0.020572924117268743,1.4203536386523274,0.0,1.4203536386523274,0.0
2020-11-10,0.0,0.0,94433.4995340349,94433.4995340349,59000.0,35433.4995340349,0.6005677887124559,-0.009225223533926963,1.4072505588385331,0.0,1.4203536386523274,-0.009225223533927074
2020-11-11,0.0,0.0,93567.32799144869,93567.32799144869,59000.0,34567.32799144869,0.5858869151092998,-0.009172291049894032,1.3943428471327401,0.0,1.4203536386523274,-0.018312898148567514
2020-11-12,0.0,0.0,94582.71985984879,94582.71985984879,59000.0,35582.71985984879,0.6030969467770981,0.01085199171758866,1.4094742441613037,0.0,1.4203536386523274,-0.007659637850012002
2020-11-13,0.0,0.0,94816.2473509873,94816.2473509873,59000.0,35816.247350987294,0.6070550398472423,0.0024690291364484196,1.4129542771372117,0.0,1.4203536386523274,-0.005209520582589944
2020-11-16,0.0,0.0,96839.24676460262,96839.24676460262,59000.0,37839.24676460262,0.6413431655017394,0.02133599957955168,1.443101069000137,0.0,1.443101069000137,0.0
2020-11-17,0.0,0.0,96378.93096924799,96378.93096924799,59000.0,37378.93096924799,0.63354120286861,-0.004753401236934129,1.4362414305937308,0.0,1.443101069000137,-0.004753401236934018
2020-11-18,0.0,0.0,96205.42905986712,96205.42905986712,59000.0,37205.42905986712,0.6306004925401207,-0.001800205788091036,1.4336559004572798,0.0,1.443101069000137,-0.006545049924605251
2020-11-19,0.0,0.0,96819.36143297041,96819.36143297041,59000.0,37819.361432970414,0.6410061259825495,0.00638147326094507,1.442804737251444,0.0,1.443101069000137,-0.00020534372474556584
2020-11-20,0.0,0.0,97839.76848038955,97839.76848038955,59000.0,38839.76848038955,0.6583011606845688,0.010539287104528006,1.45801087061311,0.0,1.45801087061311,0.0
2020-11-23,0.0,0.0,99616.85728623846,99616.85728623846,59000.0,40616.85728623846,0.6884213099362451,0.018163256449294396,1.484493095961915,0.0,1.484493095961915,0.0
2020-11-24,0.0,0.0,99217.76710704951,99217.76710704951,59000.0,40217.76710704951,0.6816570696110087,-0.004006251452424392,1.4785458433401035,0.0,1.484493095961915,-0.004006251452424392
2020-11-25,0.0,0.0,97053.53290154182,97053.53290154182,59000.0,38053.532901541825,0.6449751339244376,-0.021812970283564437,1.446294366796438,0.0,1.484493095961915,-0.025731833492108613
2020-11-26,0.0,0.0,96278.02326510398,96278.02326510398,59000.0,37278.023265103984,0.6318309027983726,-0.007990534844564356,1.434737701263054,0.0,1.484493095961915,-0.03351675722453973
2020-11-27,0.0,0.0,96397.89996150997,96397.89996150997,59000.0,37397.899961509975,0.6338627112120334,0.0012451096557717367,1.4365241070283963,0.0,1.484493095961915,-0.03231337960681857
2020-11-30,0.0,0.0,96131.90313713191,96131.90313713191,59000.0,37131.903137131914,0.629354290459863,-0.0027593632691611525,1.4325602151721977,0.0,1.484493095961915,-0.03498357852319012
2020-12-01,1000.0,1.4551915228366852e-11,98147.13510294537,98147.13510294538,60000.0,38147.13510294538,0.6357855850490897,0.01056082250202861,1.4476892293280992,1.482663270110077e-16,1.484493095961915,-0.024792211384430662
2020-12-02,0.0,1.4551915228366852e-11,98713.81820387737,98713.81820387738,60000.0,38713.81820387738,0.6452303033979563,0.005773811944053353,1.4560479146916712,1.4741517948695116e-16,1.484493095961915,-0.019161545006588288
2020-12-03,0.0,1.4551915228366852e-11,97304.55717150631,97304.55717150633,60000.0,37304.55717150633,0.6217426195251055,-0.014276228576838745,1.4352610418427034,1.4955019221471866e-16,1.484493095961915,-0.033164218987027594
2020-12-04,0.0,1.4551915228366852e-11,98124.34352011555,98124.34352011557,60000.0,38124.343520115566,0.6354057253352594,0.00842495328522297,1.4473530490723288,1.483007651957814e-16,1.484493095961915,-0.025018672697511124
2020-12-07,0.0,1.4551915228366852e-11,97541.12409512802,97541.12409512803,60000.0,37541.124095128034,0.6256854015854671,-0.005943677216734389,1.4387504497299866,1.4918748746605524e-16,1.484493095961915,-0.030813646999340416
2020-12-08,0.0,1.4551915228366852e-11,97209.52258429743,97209.52258429745,60000.0,37209.52258429745,0.6201587097382908,-0.003399607231378554,1.4338592632969354,1.4969639641782858e-16,1.484493095961915,-0.0341084999335548
2020-12-09,0.0,1.4551915228366852e-11,95262.73105904137,95262.73105904138,60000.0,35262.73105904138,0.5877121843173565,-0.0200267573947589,1.40514371169266,1.5275559567306495e-16,1.484493095961915,-0.05345217467504526
2020-12-10,0.0,1.4551915228366852e-11,95080.1523757735,95080.15237577351,60000.0,35080.15237577351,0.5846692062628918,-0.0019165804007310605,1.4024506407946193,1.5304892624545992e-16,1.484493095961915,-0.05526630968541768
2020-12-11,0.0,1.4551915228366852e-11,94146.43385602547,94146.43385602548,60000.0,34146.433856025484,0.5691072309337581,-0.009820330493979568,1.3886781120005227,1.5456682353598795e-16,1.484493095961915,-0.06454390675310384
2020-12-14,0.0,1.4551915228366852e-11,94645.49936891058,94645.49936891059,60000.0,34645.49936891059,0.5774249894818431,0.00530094972740347,1.396039424859783,1.5375179301073986e-16,1.484493095961915,-0.05958510103060888
2020-12-15,0.0,1.4551915228366852e-11,94690.50504041198,94690.505040412,60000.0,34690.505040412,0.5781750840068667,0.0004755183479563385,1.3967032672207742,1.5367871596160976e-16,1.484493095961915,-0.05913791649145739
2020-12-16,0.0,1.4551915228366852e-11,94914.6158686089,94914.61586860892,60000.0,34914.61586860892,0.5819102644768153,0.0023667719176412305,1.4000089452909101,1.5331585230783832e-16,1.484493095961915,-0.05691111053383591
2020-12-17,0.0,1.4551915228366852e-11,97010.3883893297,97010.38838932972,60000.0,37010.38838932972,0.6168398064888285,0.022080608993055417,1.4309219953986587,1.5000367970867162e-16,1.484493095961915,-0.03608713351983861
2020-12-18,0.0,1.4551915228366852e-11,97546.85910198273,97546.85910198274,60000.0,37546.85910198274,0.6257809850330458,0.00553003365474658,1.4388350421905305,1.491787163864825e-16,1.484493095961915,-0.030756662927959977
2020-12-21,0.0,1.4551915228366852e-11,99029.29103796868,99029.2910379687,60000.0,39029.291037968695,0.6504881839661449,0.015197126279956397,1.4607012000227264,1.4694556606274724e-16,1.484493095961915,-0.016026949538469837
2020-12-22,0.0,1.4551915228366852e-11,96693.49264493899,96693.492644939,60000.0,36693.492644939004,0.6115582107489834,-0.02358694451456922,1.4262477218654257,1.5049529012052403e-16,1.484493095961915,-0.03923586728353734
2020-12-23,0.0,1.4551915228366852e-11,97915.84727433509,97915.8472743351,60000.0,37915.8472743351,0.6319307879055851,0.012641539735094742,1.4442776891134759,1.486165481221453e-16,1.484493095961915,-0.02709032932374833
2020-12-24,0.0,1.4551915228366852e-11,97742.89885570577,97742.89885570579,60000.0,37742.89885570579,0.6290483142617631,-0.0017662965030037503,1.4417266664818285,1.4887951348618485e-16,1.484493095961915,-0.028808776272802317
2020-12-25,0.0,1.4551915228366852e-11,99967.64977229254,99967.64977229256,60000.0,39967.649772292556,0.666127496204876,0.02276125368320714,1.4745421728794659,1.4556624329483956e-16,1.484493095961915,-0.0067032464546432635
2020-12-28,0.0,1.4551915228366852e-11,100498.81767213068,100498.8176721307,60000.0,40498.817672130695,0.6749802945355117,0.005313397894699312,1.482377002156489,1.4479687985824175e-16,1.484493095961915,-0.001425465575543572
2020-12-29,0.0,1.4551915228366852e-11,98385.12758828317,98385.12758828318,60000.0,38385.12758828318,0.6397521264713864,-0.02103198955776031,1.4511996645264698,1.4790767248138283e-16,1.484493095961915,-0.022427474756204102
2020-12-30,0.0,1.4551915228366852e-11,99792.9135331984,99792.91353319841,60000.0,39792.913533198414,0.6632152255533068,0.014308930418898802,1.4719647795501083,1.4582112810571286e-16,1.484493095961915,-0.00843945751306352
2020-12-31,0.0,1.4551915228366852e-11,101510.73514086913,101510.73514086915,60000.0,41510.73514086915,0.6918455856811525,0.01721386365875821,1.497302980575778,1.4335346117011932e-16,1.497302980575778,0.0
2021-01-04,1000.0,-1.4551915228366852e-11,105682.23931799541,105682.2393179954,61000.0,44682.239317995394,0.7324957265245147,0.031243042154359912,1.5440832807157558,-1.3769499323893468e-16,1.5440832807157558,0.0
2021-01-05,0.0,-1.4551915228366852e-11,107617.68818721562,107617.68818721561,61000.0,46617.68818721561,0.7642243965117312,0.018313851804336645,1.5723613930923381,-1.3521861948058034e-16,1.5723613930923381,0.0
2021-01-06,0.0,-1.4551915228366852e-11,107471.99511622344,107471.99511622342,61000.0,46471.99511622342,0.7618359855118593,-0.0013538022740159361,1.570232726662795,-1.354019269171469e-16,1.5723613930923381,-0.0013538022740159361
2021-01-07,0.0,-1.4551915228366852e-11,109937.3533034326,109937.35330343258,61000.0,48937.35330343258,0.8022516934988948,0.022939540524422597,1.6062531439288508,-1.3236552264636423e-16,1.6062531439288508,0.0
2021-01-08,0.0,-1.4551915228366852e-11,109587.011571876,109587.01157187599,61000.0,48587.01157187599,0.7965083864241966,-0.003186739729758914,1.6011344332190425,-1.3278868562651271e-16,1.6062531439288508,-0.003186739729758914
2021-01-11,0.0,-1.4551915228366852e-11,106586.03038870636,106586.03038870635,61000.0,45586.03038870635,0.74731197358535,-0.02738446044038123,1.5572882306728233,-1.365274152278472e-16,1.6062531439288508,-0.03048393302207686
2021-01-12,0.0,-1.4551915228366852e-11,109172.58732549899,109172.58732549897,61000.0,48172.58732549897,0.7897145463196553,0.024267316526938476,1.5950794370902366,-1.3329275768632465e-16,1.6062531439288508,-0.006956379746771213
2021-01-13,0.0,-1.4551915228366852e-11,108036.07288155303,108036.07288155302,61000.0,47036.07288155302,0.7710831619926724,-0.01041025473324575,1.5784742538303649,-1.346949665999158e-16,1.6062531439288508,-0.017294216794831896
2021-01-14,0.0,-1.4551915228366852e-11,105800.71855372525,105800.71855372524,61000.0,44800.71855372524,0.7344380090774629,-0.020690814356780107,1.5458143360774037,-1.3754079771185524e-16,1.6062531439288508,-0.03762719972246431
2021-01-15,0.0,-1.4551915228366852e-11,106682.708055837,106682.70805583699,61000.0,45682.70805583699,0.748896853374377,0.008336328090852163,1.5587007515504878,-1.3640369178433753e-16,1.6062531439288508,-0.02960454431363857
2021-01-18,0.0,-1.4551915228366852e-11,108643.6596854908,108643.65968549078,61000.0,47643.659685490784,0.7810436014014883,0.01838115722210043,1.5873514751269435,-1.339416885485333e-16,1.6062531439288508,-0.011767552875055709
2021-01-19,0.0,-1.4551915228366852e-11,106344.15518184789,106344.15518184788,61000.0,45344.15518184788,0.7433468062598012,-0.02116556557740845,1.553754283385748,-1.3683794096143002e-16,1.6062531439288508,-0.03268405154040166
2021-01-20,0.0,-1.4551915228366852e-11,107822.6770644002,107822.67706440018,61000.0,46822.67706440018,0.7675848699081997,0.013903179540276867,1.5753564081491342,-1.3496154635147209e-16,1.6062531439288508,-0.01923528423679466
2021-01-21,0.0,-1.4551915228366852e-11,110513.6940652326,110513.69406523259,61000.0,49513.69406523259,0.8116999027087308,0.024957801773231036,1.6146738411059096,-1.3167522225596166e-16,1.6146738411059096,0.0
2021-01-22,0.0,-1.4551915228366852e-11,110829.40596216418,110829.40596216416,61000.0,49829.405962164165,0.8168755075764618,0.002856767205204669,1.619286588382283,-1.3130012835523725e-16,1.619286588382283,0.0
2021-01-25,0.0,-1.4551915228366852e-11,111727.77081835346,111727.77081835344,61000.0,50727.77081835344,0.8316028003008762,0.008105834804311485,1.6324122579685467,-1.3024438885499018e-16,1.6324122579685467,0.0
2021-01-26,0.0,-1.4551915228366852e-11,109348.0966472683,109348.09664726829,61000.0,48348.09664726829,0.7925917483158735,-0.02129886019970817,1.5976437374977848,-1.3307881595148355e-16,1.6324122579685467,-0.02129886019970817
2021-01-27,0.0,-1.4551915228366852e-11,109426.86071871709,109426.86071871707,61000.0,48426.86071871707,0.7938829626019193,0.0007203058293996367,1.5987945295952082,-1.3298302750156297e-16,1.6324122579685467,-0.020593896063469952
2021-01-28,0.0,-1.4551915228366852e-11,105925.1125096441,105925.11250964408,61000.0,44925.11250964408,0.7364772542564604,-0.03200081027705137,1.5476318091816443,-1.3737927563722866e-16,1.6324122579685467,-0.05193568497972889
2021-01-29,0.0,-1.4551915228366852e-11,104928.36085982187,104928.36085982186,61000.0,43928.360859821856,0.7201370632757682,-0.009409965457732983,1.5330686473159563,-1.3868429001580762e-16,1.6324122579685467,-0.06085693743577891
2021-02-01,1000.0,-1.4551915228366852e-11,107801.64169593895,107801.64169593893,62000.0,45801.64169593893,0.7387361563861119,0.017852950534695378,1.5604384460427805,-1.3498788144072437e-16,1.6324122579685467,-0.04409046279481754
2021-02-02,0.0,-1.4551915228366852e-11,109214.21972176078,109214.21972176076,62000.0,47214.21972176076,0.7615196729316251,0.013103492707523756,1.5808856398410418,-1.332419465655662e-16,1.6324122579685467,-0.03156470914499698
2021-02-03,0.0,-1.4551915228366852e-11,109181.89166733717,109181.89166733716,62000.0,47181.89166733716,0.7609982526989865,-0.00029600590935841,1.580417688349629,-1.332813986471733e-16,1.6324122579685467,-0.03185137171392127
2021-02-04,0.0,-1.4551915228366852e-11,108243.66544172092,108243.6654417209,62000.0,46243.66544172091,0.7458655716406597,-0.008593240246055678,1.5668367794645248,-1.3443664503583998e-16,1.6324122579685467,-0.0401709054706727
2021-02-05,0.0,-1.4551915228366852e-11,107331.23458991044,107331.23458991043,62000.0,45331.234589910426,0.7311489449985553,-0.008429415689934716,1.5536292609321398,-1.3557950100887773e-16,1.6324122579685467,-0.04826170389975404
2021-02-08,0.0,-1.4551915228366852e-11,109178.46281432339,109178.46281432337,62000.0,47178.46281432337,0.760942948618119,0.017210537374985124,1.580368055394283,-1.3328558447571175e-16,1.6324122579685467,-0.03188177638351608
2021-02-09,0.0,-1.4551915228366852e-11,111977.91902685708,111977.91902685707,62000.0,49977.91902685707,0.806095468175114,0.02564110301950895,1.6208904355113887,-1.2995343505960923e-16,1.6324122579685467,-0.007058157276701893
2021-02-10,0.0,-1.4551915228366852e-11,114047.97835435678,114047.97835435676,62000.0,52047.97835435676,0.8394835218444638,0.018486317172970557,1.6508547302048866,-1.2759467934760593e-16,1.6508547302048866,0.0
2021-02-18,0.0,-1.4551915228366852e-11,115363.92100068809,115363.92100068807,62000.0,53363.921000688075,0.8607084032369043,0.011538500421660824,1.6699031182054564,-1.2613922188272414e-16,1.6699031182054564,0.0
2021-02-19,0.0,-1.4551915228366852e-11,115791.98948739492,115791.98948739491,62000.0,53791.98948739491,0.8676127336676598,0.0037105923844620303,1.676099447998659,-1.2567290097343885e-16,1.676099447998659,0.0
2021-02-22,0.0,-1.4551915228366852e-11,114639.39155986637,114639.39155986636,62000.0,52639.39155986636,0.8490224445139736,-0.009954038553366629,1.6594154894740039,-1.269364311024595e-16,1.676099447998659,-0.009954038553366629
2021-02-23,0.0,-1.4551915228366852e-11,114149.26894734566,114149.26894734564,62000.0,52149.26894734564,0.84111724108622,-0.004275342060453657,1.6523209206360874,-1.2748145794152484e-16,1.676099447998659,-0.01418682369412172
2021-02-24,0.0,-1.4551915228366852e-11,111448.86793841452,111448.8679384145,62000.0,49448.86793841451,0.7975623861034598,-0.02365675254720001,1.6132323734880378,-1.305703278781449e-16,1.676099447998659,-0.03750796206375906
2021-02-25,0.0,-1.4551915228366852e-11,111367.44283835366,111367.44283835364,62000.0,49367.44283835364,0.7962490780379621,-0.0007306049991091523,1.6120537378512427,-1.306657929596938e-16,1.676099447998659,-0.03821116355827803
2021-02-26,0.0,-1.4551915228366852e-11,108352.64648796742,108352.6464879674,62000.0,46352.6464879674,0.7476233304510871,-0.027070715404340584,1.5684142898973683,-1.3430142871482927e-16,1.676099447998659,-0.06424747542866382
2021-03-01,1000.0,-1.4551915228366852e-11,111211.6449362739,111211.64493627388,63000.0,48211.64493627388,0.7652642053376806,0.017156927020817392,1.5953234594075445,-1.3084884444165303e-16,1.676099447998659,-0.04819283765504778
2021-03-02,0.0,-1.4551915228366852e-11,109417.71821072295,109417.71821072293,63000.0,46417.71821072293,0.7367891779479829,-0.016130745360154464,1.5695897029167607,-1.3299413903278387e-16,1.676099447998659,-0.06354619662280536
2021-03-03,0.0,-1.4551915228366852e-11,111655.41166249405,111655.41166249404,63000.0,48655.411662494036,0.7723081216268894,0.020450924113237567,1.6016892628200305,-1.3032879474175062e-16,1.676099447998659,-0.04439485095438567
2021-03-04,0.0,-1.4551915228366852e-11,108719.25539432249,108719.25539432248,63000.0,45719.25539432248,0.7257024665765472,-0.026296587191374288,1.5595703014667956,-1.3384855493709333e-16,1.676099447998659,-0.0695240050767898
2021-03-05,0.0,-1.4551915228366852e-11,107923.37530980346,107923.37530980345,63000.0,44923.37530980345,0.7130694493619596,-0.007320507132176246,1.5481534559517778,-1.3483562005538014e-16,1.676099447998659,-0.07633556123394392
2021-03-08,0.0,-1.4551915228366852e-11,104657.44037360055,104657.44037360053,63000.0,41657.44037360053,0.6612292122793735,-0.030261608542428986,1.5013038421041565,-1.390432937822691e-16,1.676099447998659,-0.10428713290444469
2021-03-09,0.0,-1.4551915228366852e-11,103499.49702260367,103499.49702260365,63000.0,40499.49702260365,0.6428491590889469,-0.011064128330134149,1.4846932237325927,-1.405988980331837e-16,1.676099447998659,-0.11419741501294234
2021-03-10,0.0,-1.4551915228366852e-11,103934.6478496344,103934.64784963439,63000.0,40934.64784963439,0.6497563150735617,0.004204376248666319,1.4909354326590099,-1.400102422959048e-16,1.676099447998659,-0.11047316766361548
2021-03-11,0.0,-1.4551915228366852e-11,107013.7867798832,107013.78677988319,63000.0,44013.78677988319,0.698631536188622,0.029625721488983014,1.535105470545022,-1.3598168671760683e-16,1.676099447998659,-0.08412029347184047
2021-03-12,0.0,-1.4551915228366852e-11,107188.85209237866,107188.85209237864,63000.0,44188.85209237864,0.7014103506726768,0.0016359136309749278,1.5376167705092707,-1.3575959574439295e-16,1.676099447998659,-0.08262199337559784
2021-03-15,0.0,-1.4551915228366852e-11,106017.4895331466,106017.48953314658,63000.0,43017.48953314658,0.6828172941769299,-0.010928025968806376,1.520813654511073,-1.3725957191070033e-16,1.676099447998659,-0.09264712405520115
2021-03-16,0.0,-1.4551915228366852e-11,106981.75673104911,106981.7567310491,63000.0,43981.7567310491,0.698123122715065,0.009095359663285008,1.5346460016796861,-1.3602239926710306e-16,1.676099447998659,-0.08439442330696723
2021-03-17,0.0,-1.4551915228366852e-11,107874.50946924824,107874.50946924822,63000.0,44874.50946924822,0.7122938010991782,0.008344906323079826,1.5474524788027921,-1.3489669895106374e-16,1.676099447998659,-0.07675378054057436
2021-03-18,0.0,-1.4551915228366852e-11,109019.3052178259,109019.30521782588,63000.0,46019.30521782588,0.7304651621877123,0.010612291580375688,1.5638744957146224,-1.3348016848292527e-16,1.676099447998659,-0.06695602245919141
2021-03-19,0.0,-1.4551915228366852e-11,106767.67721023162,106767.6772102316,63000.0,43767.6772102316,0.6947250350830414,-0.020653479703392152,1.5315750455587278,-1.362951373355562e-16,1.676099447998659,-0.08622662731170283
2021-03-22,0.0,-1.4551915228366852e-11,107239.64627990272,107239.6462799027,63000.0,44239.64627990271,0.7022166076175034,0.004420523907640694,1.5383454096639662,-1.3569529304848108e-16,1.676099447998659,-0.08218727027156869
2021-03-23,0.0,-1.4551915228366852e-11,105565.96922525075,105565.96922525074,63000.0,42565.96922525074,0.6756503051627101,-0.015606887123476354,1.5143366264984226,-1.378466501578439e-16,1.676099447998659,-0.0965114699449301
2021-03-24,0.0,-1.4551915228366852e-11,103544.10483767862,103544.1048376786,63000.0,40544.104837678606,0.6435572196456922,-0.019152615207444268,1.4853331197965591,-1.405383266500708e-16,1.676099447998659,-0.11381563810541417
2021-03-25,0.0,-1.4551915228366852e-11,103454.25931119156,103454.25931119155,63000.0,40454.25931119155,0.6421311001776435,-0.0008677029622101706,1.4840442918486427,-1.4066037807679363e-16,1.676099447998659,-0.11458458290129447
2021-03-26,0.0,-1.4551915228366852e-11,105584.02499192393,105584.02499192391,63000.0,42584.024991923914,0.6759369046337129,0.020586544187861877,1.514595635239529,-1.378230772077492e-16,1.676099447998659,-0.09635693929257794
2021-03-29,0.0,-1.4551915228366852e-11,106227.21456543556,106227.21456543554,63000.0,43227.21456543554,0.6861462629434212,0.006091731903200559,1.5238221457911658,-1.369885795075887e-16,1.676099447998659,-0.09085218803056072
2021-03-30,0.0,-1.4551915228366852e-11,106758.85665055591,106758.8566505559,63000.0,43758.8566505559,0.6945850261993001,0.005004763490177533,1.5314485152319455,-1.363063982222882e-16,1.676099447998659,-0.08630211825404133
2021-03-31,0.0,-1.4551915228366852e-11,106217.78161061443,106217.78161061442,63000.0,43217.78161061442,0.6859965335018161,-0.005068198151583214,1.523686830697802,-1.3700074514560065e-16,1.676099447998659,-0.09093292016941168
2021-04-01,1000.0,0.0,108842.47141455924,108842.47141455924,64000.0,44842.471414559244,0.7006636158524882,0.015295836340291968,1.5469928950940137,0.0,1.676099447998659,-0.07702797889397583
2021-04-02,0.0,0.0,109672.92967839673,109672.92967839673,64000.0,45672.92967839673,0.7136395262249489,0.007629910025420461,1.5587963116935457,0.0,1.676099447998659,-0.06998578541695644
2021-04-06,0.0,0.0,109167.8024745894,109167.8024745894,64000.0,45167.80247458941,0.7057469136654595,-0.004605760102228906,1.551616869833646,0.0,1.676099447998659,-0.07426920778098878
2021-04-07,0.0,0.0,108690.50205031552,108690.50205031552,64000.0,44690.502050315525,0.6982890945361802,-0.004372172137338537,1.544832933787535,0.0,1.676099447998659,-0.07831666215740496
2021-04-08,0.0,0.0,108533.98126400971,108533.98126400971,64000.0,44533.98126400971,0.6958434572501517,-0.0014400594656684973,1.5426082824983578,0.0,1.676099447998659,-0.07964394097241423
2021-04-09,0.0,0.0,107407.44908879139,107407.44908879139,64000.0,43407.449088791385,0.6782413920123653,-0.010379534244468802,1.526596727004365,0.0,1.676099447998659,-0.08919680820419529
2021-04-12,0.0,0.0,106755.02648756055,106755.02648756055,64000.0,42755.02648756055,0.6680472888681337,-0.006074277033536912,1.5173237555660497,0.0,1.676099447998659,-0.09472927911419271
2021-04-13,0.0,0.0,105957.53770953474,105957.53770953474,64000.0,41957.537709534736,0.6555865267114802,-0.00747026912235127,1.5059889387662346,0.0,1.676099447998659,-0.10149189502779465
2021-04-14,0.0,0.0,106834.84813889187,106834.84813889187,64000.0,42834.84813889187,0.6692945021701855,0.008279830282222456,1.5184582715861235,0.0,1.676099447998659,-0.09405240041142338
2021-04-15,0.0,0.0,105893.4419901539,105893.4419901539,64000.0,41893.44199015389,0.6545850310961545,-0.008811789085094168,1.50507793756239,0.0,1.676099447998659,-0.10203541958114526
2021-04-16,0.0,0.0,106714.68719634482,106714.68719634482,64000.0,42714.68719634482,0.6674169874428879,0.007755392503600911,1.5167504077166964,0.0,1.676099447998659,-0.09507135180566573
2021-04-19,0.0,0.0,108045.9939206802,108045.9939206802,64000.0,44045.993920680194,0.688218655010628,0.012475384216662722,1.5356724518137421,0.0,1.676099447998659,-0.0837820192307761
2021-04-20,0.0,0.0,108110.2833690072,108110.2833690072,64000.0,44110.2833690072,0.6892231776407376,0.0005950192690549194,1.536586206513528,0.0,1.676099447998659,-0.08323685187756391
2021-04-21,0.0,0.0,107691.264093267,107691.264093267,64000.0,43691.264093267004,0.682676001457297,-0.003875850313979634,1.530630628382556,0.0,1.676099447998659,-0.08679008861305915
2021-04-22,0.0,0.0,107611.2295784924,107611.2295784924,64000.0,43611.229578492406,0.681425462163944,-0.0007431848390718754,1.529493086905323,0.0,1.676099447998659,-0.08746877237409212
2021-04-23,0.0,0.0,108754.97326717843,108754.97326717843,64000.0,44754.97326717843,0.6992964572996629,0.01062847895304242,1.5457492719883201,0.0,1.676099447998659,-0.0777699534272761
2021-04-26,0.0,0.0,106893.33395556951,106893.33395556951,64000.0,42893.33395556951,0.6702083430557737,-0.01711773959095575,1.5192895384775147,0.0,1.676099447998659,-0.09355644720746292
2021-04-27,0.0,0.0,106899.26315465689,106899.26315465689,64000.0,42899.26315465689,0.670300986791514,5.54683708324788e-05,1.5193738109930368,0.0,1.676099447998659,-0.09350616826033797
2021-04-28,0.0,0.0,107502.94581956147,107502.94581956147,64000.0,43502.94581956147,0.679733528430648,0.005647210720537865,1.5279540350669811,0.0,1.676099447998659,-0.08838700657563636
2021-04-29,0.0,0.0,108294.97617117022,108294.97617117022,64000.0,44294.976171170216,0.6921090026745347,0.007367522308999064,1.5392112705074623,0.0,1.676099447998659,-0.08167067750940893
2021-04-30,0.0,0.0,107097.592797788,107097.592797788,64000.0,43097.592797788006,0.6733998874654377,-0.01105668439771057,1.5221926972680622,0.0,1.676099447998659,-0.09182435500135078
2021-05-06,1000.0,0.0,107617.8741452956,107617.8741452956,65000.0,42617.8741452956,0.6556596022353169,-0.0044792664331696486,1.5153743906143733,0.0,1.676099447998659,-0.09589231568341539
2021-05-07,0.0,0.0,108199.69248197365,108199.69248197365,65000.0,43199.692481973645,0.6646106535688252,0.005406335530216078,1.5235670130239314,0.0,1.676099447998659,-0.09100440618655325
2021-05-10,0.0,0.0,110010.67369576768,110010.67369576768,65000.0,45010.67369576768,0.6924719030118105,0.01673739705032662,1.549067559053693,0.0,1.676099447998659,-0.07579018601590015
2021-05-11,0.0,0.0,108659.27411438218,108659.27411438218,65000.0,43659.27411438218,0.6716811402212644,-0.01228425875404393,1.5300384123307822,0.0,1.676099447998659,-0.08714341851390772
2021-05-12,0.0,0.0,109443.60636651613,109443.60636651613,65000.0,44443.606366516135,0.6837477902540943,0.007218272517708124,1.5410826465535472,0.0,1.676099447998659,-0.08055417093915773
2021-05-13,0.0,0.0,106754.6668791296,106754.6668791296,65000.0,41754.666879129596,0.6423794904481477,-0.024569178380156265,1.5032195121118097,0.0,1.676099447998659,-0.10314419952424425
2021-05-14,0.0,0.0,107650.1711891757,107650.1711891757,65000.0,42650.1711891757,0.6561564798334723,0.008388432433216408,1.5158291674214521,0.0,1.676099447998659,-0.09562098523961515
2021-05-17,0.0,0.0,108688.98468902825,108688.98468902825,65000.0,43688.98468902825,0.6721382259850499,0.009649901048712994,1.5304567688938222,0.0,1.676099447998659,-0.08689381723664491
2021-05-18,0.0,0.0,109568.76915707835,109568.76915707835,65000.0,44568.76915707835,0.6856733716473593,0.008094513630495959,1.542845072070518,0.0,1.676099447998659,-0.07950266679417684
2021-05-19,0.0,0.0,109243.50896769931,109243.50896769931,65000.0,44243.50896769931,0.6806693687338354,-0.0029685483544380498,1.5382650618706701,0.0,1.676099447998659,-0.08223520763792957
2021-05-20,0.0,0.0,107548.99200357056,107548.99200357056,65000.0,42548.99200357056,0.6545998769780086,-0.015511374361196872,1.5144044566292445,0.0,1.676099447998659,-0.09647100090778382
2021-05-21,0.0,0.0,108037.486766612,108037.486766612,65000.0,43037.486766612,0.6621151810248,0.004542067330814525,1.52128298363734,0.0,1.676099447998659,-0.09236711135856357
2021-05-24,0.0,0.0,108042.62657801493,108042.62657801493,65000.0,43042.626578014926,0.6621942550463835,4.757433328705929e-05,1.5213553576610275,0.0,1.676099447998659,-0.09232393132901706
2021-05-25,0.0,0.0,109687.56930820535,109687.56930820535,65000.0,44687.56930820535,0.6875010662800822,0.015224942064904878,1.5445179048415492,0.0,1.676099447998659,-0.07850461576980072
2021-05-26,0.0,0.0,110183.63271691476,110183.63271691476,65000.0,45183.632716914755,0.6951328110294577,0.004522512549398838,1.5515030064489663,0.0,1.676099447998659,-0.07433714133040659
2021-05-27,0.0,0.0,110823.51877528871,110823.51877528871,65000.0,45823.518775288714,0.7049772119275186,0.005807451094101745,1.5605132842812706,0.0,1.676099447998659,-0.06896139954905645
2021-05-28,0.0,0.0,110822.0433459787,110822.0433459787,65000.0,45822.0433459787,0.704954513015057,-1.3313323077190908e-05,1.5604925086637507,0.0,1.676099447998659,-0.06897379476674159
2021-05-31,0.0,0.0,111613.52140902035,111613.52140902035,65000.0,46613.52140902035,0.7171310986003132,0.007141882960691515,1.5716373635216632,0.0,1.676099447998659,-0.06232451457562882
2021-06-01,1000.0,2.9103830456733704e-11,113250.08131815298,113250.08131815301,66000.0,47250.08131815301,0.7159103230023183,0.0057032508346359645,1.5806008056269132,2.569872808741958e-16,1.676099447998659,-0.0569767160807646
2021-06-02,0.0,2.9103830456733704e-11,112134.37834759415,112134.37834759417,66000.0,46134.378347594175,0.6990057325393058,-0.009851674785331888,1.5650292405244433,2.5954422618296097e-16,1.676099447998659,-0.06626707478893257
2021-06-03,0.0,2.9103830456733704e-11,112554.54401218417,112554.5440121842,66000.0,46554.5440121842,0.7053718789724879,0.003746983492320277,1.570893379253687,2.585753486201603e-16,1.676099447998659,-0.0627683929319307
2021-06-04,0.0,2.9103830456733704e-11,112385.61225850781,112385.61225850784,66000.0,46385.61225850784,0.7028123069470884,-0.0015008879042508472,1.5685356443818974,2.58964024592307e-16,1.676099447998659,-0.06417507251446075
2021-06-07,0.0,2.9103830456733704e-11,112212.87286642657,112212.8728664266,66000.0,46212.872866426595,0.700195043430706,-0.001537024078170357,1.566124767329014,2.5936267126301685e-16,1.676099447998659,-0.06561345796095808
2021-06-08,0.0,2.9103830456733704e-11,110853.19068951649,110853.19068951652,66000.0,44853.190689516516,0.6795937983260079,-0.0121169892738473,1.5471480503217816,2.625439130412516e-16,1.676099447998659,-0.07693540966847245
2021-06-09,0.0,2.9103830456733704e-11,111879.99652028675,111879.99652028678,66000.0,45879.996520286775,0.6951514624285875,0.009262753957585135,1.5614789020478699,2.601343525377784e-16,1.676099447998659,-0.06838528948127243
2021-06-10,0.0,2.9103830456733704e-11,112759.1532074006,112759.15320740062,66000.0,46759.153207400625,0.7084720182939488,0.007858032842845475,1.5737490545435724,2.581061459658386e-16,1.676099447998659,-0.06106463048913824
2021-06-11,0.0,2.9103830456733704e-11,112804.77689048206,112804.77689048208,66000.0,46804.776890482084,0.7091632862194255,0.00040461179233530764,1.5743858119692173,2.5800175541315523e-16,1.676099447998659,-0.06068472616639342
2021-06-15,0.0,2.9103830456733704e-11,110629.23330498909,110629.23330498912,66000.0,44629.23330498912,0.6762005046210473,-0.01928591718775452,1.5440223375780033,2.6307540590558527e-16,1.676099447998659,-0.07880028275074125
2021-06-16,0.0,2.9103830456733704e-11,107865.40689478125,107865.40689478128,66000.0,41865.40689478128,0.6343243468906254,-0.024982785540855756,1.5054483586480012,2.6981616529869874e-16,1.676099447998659,-0.10181441772707656
2021-06-17,0.0,2.9103830456733704e-11,107871.34646972187,107871.3464697219,66000.0,41871.3464697219,0.634414340450332,5.506468766602879e-05,1.5055312556916676,2.698013087738992e-16,1.676099447998659,-0.10176495941852248
2021-06-18,0.0,2.9103830456733704e-11,108271.03953567814,108271.03953567817,66000.0,42271.03953567817,0.6404702959951238,0.003705275580929701,1.5111096638897084,2.6880531101895648e-16,1.676099447998659,-0.09843675105672056
2021-06-21,0.0,2.9103830456733704e-11,109239.52209778152,109239.52209778155,66000.0,43239.52209778155,0.6551442742088114,0.008944982575735283,1.524626513503227,2.66422169356275e-16,1.676099447998659,-0.0903722835039995
2021-06-22,0.0,2.9103830456733704e-11,109727.62549590594,109727.62549590597,66000.0,43727.62549590597,0.6625397802409996,0.004468194191544761,1.5314388408351374,2.6523703876030374e-16,1.676099447998659,-0.08630789022468399
2021-06-23,0.0,2.9103830456733704e-11,110876.40550399809,110876.40550399812,66000.0,44876.40550399812,0.6799455379393655,0.010469378179836841,1.5474720532191313,2.6248894275062194e-16,1.676099447998659,-0.0767421019875133
2021-06-24,0.0,2.9103830456733704e-11,110800.5069062177,110800.50690621774,66000.0,44800.506906217735,0.6787955591851171,-0.0006845333543721299,1.546412756983744,2.626687482699639e-16,1.676099447998659,-0.0773741028133903
2021-06-25,0.0,2.9103830456733704e-11,112885.31392052623,112885.31392052626,66000.0,46885.313920526256,0.7103835442503978,0.018815861700642866,1.57550984555126,2.578176863398142e-16,1.676099447998659,-0.06001410153049558
2021-06-28,0.0,2.9103830456733704e-11,112528.14787144816,112528.1478714482,66000.0,46528.14787144819,0.7049719374461847,-0.00316397267876245,1.5705249754448145,2.5863600358891384e-16,1.676099447998659,-0.0629881912316751
2021-06-29,0.0,2.9103830456733704e-11,111356.90385451533,111356.90385451536,66000.0,45356.90385451536,0.6872258159775055,-0.01040845369881016,1.5541782389550722,2.6135631873132026e-16,1.676099447998659,-0.07274103525847853
2021-06-30,0.0,2.9103830456733704e-11,112114.85930298628,112114.85930298631,66000.0,46114.85930298631,0.6987099894391866,0.006806542048449993,1.564756818489306,2.595894124799431e-16,1.676099447998659,-0.06642960812516308
2021-07-01,1000.0,1.4551915228366852e-11,112044.89216386617,112044.89216386619,67000.0,45044.892163866185,0.6723118233412864,-0.009543490896497309,1.549823576036821,1.2987575736236692e-16,1.676099447998659,-0.07533912866126014
2021-07-02,0.0,1.4551915228366852e-11,110712.35433454954,110712.35433454956,67000.0,43712.35433454956,0.6524231990231277,-0.011892892246866404,1.531391691245362,1.314389465912179e-16,1.676099447998659,-0.08633602076898528
2021-07-05,0.0,1.4551915228366852e-11,112345.22586756607,112345.22586756609,67000.0,45345.225867566085,0.6767944159338222,0.014748774360649364,1.5539778417573131,1.29528559099795e-16,1.676099447998659,-0.07286059689785407
2021-07-06,0.0,1.4551915228366852e-11,112055.13312351111,112055.13312351113,67000.0,45055.13312351113,0.6724646734852406,-0.0025821546204101153,1.5499652306932046,1.2986388773754093e-16,1.676099447998659,-0.0752546141913385
2021-07-07,0.0,1.4551915228366852e-11,114707.50417770958,114707.50417770959,67000.0,47707.50417770959,0.7120523011598445,0.023670232503092192,1.5866532680754217,1.2686105702223654e-16,1.676099447998659,-0.05336567590308572
2021-07-08,0.0,1.4551915228366852e-11,114419.55728453111,114419.55728453113,67000.0,47419.557284531125,0.7077545863362855,-0.002510270755541555,1.5826703387773875,1.2718031404526496e-16,1.676099447998659,-0.055741984363058106
2021-07-09,0.0,1.4551915228366852e-11,116090.29551161746,116090.29551161747,67000.0,49090.29551161747,0.7326909777853354,0.014601858866938766,1.6057802676971051,1.2534997145313152e-16,1.676099447998659,-0.04195406208475183
2021-07-12,0.0,1.4551915228366852e-11,118375.85354893593,118375.85354893595,67000.0,51375.85354893595,0.7668037843124769,0.01968776138647832,1.637394486446641,1.2292975967730757e-16,1.676099447998659,-0.023092282261791608
2021-07-13,0.0,1.4551915228366852e-11,118497.8299846618,118497.82998466182,67000.0,51497.82998466182,0.7686243281292808,0.0010304165255750064,1.639081684784361,1.228032212087802e-16,1.676099447998659,-0.02208566040547233
2021-07-14,0.0,1.4551915228366852e-11,116653.92964517146,116653.92964517148,67000.0,49653.929645171476,0.7411034275398727,-0.015560625369502645,1.6135765487374183,1.247443208525396e-16,1.676099447998659,-0.03730261908736743
2021-07-15,0.0,1.4551915228366852e-11,118326.45137747847,118326.45137747849,67000.0,51326.45137747849,0.7660664384698281,0.014337465847866104,1.6367111473978586,1.2298108376413772e-16,1.676099447998659,-0.02349997826670247
2021-07-16,0.0,1.4551915228366852e-11,117516.08806016234,117516.08806016235,67000.0,50516.08806016235,0.7539714635845127,-0.0068485390027539506,1.6255020672686622,1.23829132407105e-16,1.676099447998659,-0.030187576751733003
2021-07-19,0.0,1.4551915228366852e-11,117055.92964662831,117055.92964662833,67000.0,50055.92964662833,0.7471034275616169,-0.003915705680216708,1.6191370795906543,1.2431591694924447e-16,1.676099447998659,-0.033985076766191
2021-07-20,0.0,1.4551915228366852e-11,117419.92152985465,117419.92152985466,67000.0,50419.92152985466,0.7525361422366368,0.0031095552726390085,1.6241718758336208,1.239305480600832e-16,1.676099447998659,-0.030981199968201367
2021-07-21,0.0,1.4551915228366852e-11,120309.28760931543,120309.28760931545,67000.0,53309.28760931545,0.7956610090942604,0.02460711982954389,1.6641380678060338,1.2095421324097434e-16,1.676099447998659,-0.0071364382387379965
2021-07-22,0.0,1.4551915228366852e-11,121965.8826720672,121965.88267206721,67000.0,54965.88267206721,0.8203863085383165,0.013769469470480855,1.687052366125354,1.1931135912403437e-16,1.687052366125354,0.0
2021-07-23,0.0,1.4551915228366852e-11,121525.16493591294,121525.16493591295,67000.0,54525.16493591295,0.8138084318792977,-0.0036134509626698508,1.680956285128904,1.1974404837089417e-16,1.687052366125354,-0.0036134509626698508
2021-07-26,0.0,1.4551915228366852e-11,119759.56835116252,119759.56835116254,67000.0,52759.56835116254,0.7874562440472022,-0.014528649976994545,1.656534259635637,1.2150941614700295e-16,1.687052366125354,-0.01808960237541879
2021-07-27,0.0,1.4551915228366852e-11,115524.17371415529,115524.1737141553,67000.0,48524.1737141553,0.7242413987187359,-0.03536581415013196,1.5979495768760366,1.2596424419682985e-16,1.687052366125354,-0.05281566300989193
2021-07-28,0.0,1.4551915228366852e-11,113941.63161858411,113941.63161858413,67000.0,46941.63161858413,0.7006213674415542,-0.013698796058796314,1.5760595915101718,1.2771376907326472e-16,1.687052366125354,-0.0657909480724056
2021-07-29,0.0,1.4551915228366852e-11,118536.04080951192,118536.04080951193,67000.0,51536.040809511935,0.7691946389479394,0.040322480252937165,1.639610223266293,1.2276363483197367e-16,1.687052366125354,-0.02812132202394002
2021-07-30,0.0,1.4551915228366852e-11,120023.1855648843,120023.18556488432,67000.0,53023.18556488432,0.7913908293266316,0.012545929028979774,1.6601806567625816,1.2124253459761833e-16,1.687052366125354,-0.0159282011052736
2021-08-02,1000.0,0.0,122281.6107645645,122281.6107645645,68000.0,54281.610764564495,0.7982589818318309,0.01048485085408668,1.677587403339577,0.0,1.687052366125354,-0.005610355064149641
2021-08-03,0.0,0.0,121522.46533813563,121522.46533813563,68000.0,53522.46533813563,0.7870950785019946,-0.006208173262376215,1.667172650076865,0.0,1.687052366125354,-0.011783698270224185
2021-08-04,0.0,0.0,123564.1163748577,123564.1163748577,68000.0,55564.116374857695,0.8171193584537897,0.016800605806022606,1.6951821605813886,0.0,1.6951821605813886,0.0
2021-08-05,0.0,0.0,122949.09649692479,122949.09649692479,68000.0,54949.09649692479,0.808074948484188,-0.004977334002592704,1.6867446727729383,0.0,1.6951821605813886,-0.004977334002592704
2021-08-06,0.0,0.0,122949.09649692479,122949.09649692479,68000.0,54949.09649692479,0.808074948484188,0.0,1.6867446727729383,0.0,1.6951821605813886,-0.004977334002592704
2021-08-09,0.0,0.0,124106.04328810993,124106.04328810993,68000.0,56106.043288109926,0.8250888718839695,0.009409965783799601,1.7026168824297379,0.0,1.7026168824297379,0.0
2021-08-10,0.0,0.0,124399.11281476227,124399.11281476227,68000.0,56399.112814762266,0.8293987178641509,0.002361444446117522,1.7066375176106174,0.0,1.7066375176106174,0.0
2021-08-11,0.0,0.0,125156.21311362817,125156.21311362817,68000.0,57156.21311362817,0.8405325457886494,0.006086058668225869,1.717024213668191,0.0,1.717024213668191,0.0
2021-08-12,0.0,0.0,125733.7388783585,125733.7388783585,68000.0,57733.738878358505,0.8490255717405661,0.004614439430234318,1.7249473179024086,0.0,1.7249473179024086,0.0
2021-08-13,0.0,0.0,125667.19160219851,125667.19160219851,68000.0,57667.19160219851,0.8480469353264486,-0.0005292714330588089,1.7240343525635116,0.0,1.7249473179024086,-0.0005292714330588089
2021-08-16,0.0,0.0,125641.47426520564,125641.47426520564,68000.0,57641.474265205645,0.8476687391942006,-0.000204646389124985,1.723681535158532,0.0,1.7249473179024086,-0.0007338095086961705
2021-08-17,0.0,0.0,123405.94404313594,123405.94404313594,68000.0,55405.94404313594,0.8147932947519991,-0.017792932112137727,1.6930121866205108,0.0,1.7249473179024086,-0.018513684998062385
2021-08-18,0.0,0.0,124234.00414771213,124234.00414771213,68000.0,56234.00414771213,0.8269706492310607,0.006710050403137435,1.7043723837258604,0.0,1.7249473179024086,-0.01192786235440979
2021-08-19,0.0,0.0,124181.92428603528,124181.92428603528,68000.0,56181.92428603528,0.8262047689122836,-0.0004192077848100828,1.7036578975543872,0.0,1.7249473179024086,-0.01234206988646469
2021-08-20,0.0,0.0,123816.40247093739,123816.40247093739,68000.0,55816.40247093739,0.8208294481020204,-0.002943438162996803,1.6986432858820348,0.0,1.7249473179024086,-0.015249179929947232
2021-08-23,0.0,0.0,125609.85442608217,125609.85442608217,68000.0,57609.854426082165,0.8472037415600318,0.014484768733009634,1.7232477410379157,0.0,1.7249473179024086,-0.000985292041591035
2021-08-24,0.0,0.0,126648.6025185949,126648.6025185949,68000.0,58648.6025185949,0.8624794488028662,0.00826963853480156,1.7374983769622125,0.0,1.7374983769622125,0.0
2021-08-25,0.0,0.0,127518.84604414628,127518.84604414628,68000.0,59518.84604414628,0.8752771477080334,0.006871323553875097,1.7494372904846527,0.0,1.7494372904846527,0.0
2021-08-26,0.0,0.0,126779.63081630068,126779.63081630068,68000.0,58779.630816300676,0.8644063355338334,-0.005796909639455894,1.7392959605918186,0.0,1.7494372904846527,-0.005796909639455894
2021-08-27,0.0,0.0,127529.65189422909,127529.65189422909,68000.0,59529.651894229086,0.8754360572680748,0.005915943066715279,1.7495855364708477,0.0,1.7495855364708477,0.0
2021-08-30,0.0,0.0,127857.5458046258,127857.5458046258,68000.0,59857.5458046258,0.8802580265386146,0.002571118994888044,1.7540839290768493,0.0,1.7540839290768493,0.0
2021-08-31,0.0,0.0,128634.09139260431,128634.09139260431,68000.0,60634.091392604314,0.8916778145971223,0.006073521770589396,1.7647373960075385,0.0,1.7647373960075385,0.0
2021-09-01,1000.0,0.0,129135.03637001681,129135.03637001681,69000.0,60135.03637001681,0.8715222662321276,-0.0038796482113310216,1.7578908357256489,0.0,1.7647373960075385,-0.0038796482113310216
2021-09-02,0.0,0.0,131590.263160225,131590.263160225,69000.0,62590.263160225004,0.9071052631916667,0.01901286327262186,1.7913133738334956,0.0,1.7913133738334956,0.0
2021-09-03,0.0,0.0,129313.75674110767,129313.75674110767,69000.0,60313.756741107674,0.8741124165377925,-0.0172999609883403,1.760323722348284,0.0,1.7913133738334956,-0.0172999609883403
2021-09-06,0.0,0.0,130578.4947390143,130578.4947390143,69000.0,61578.494739014306,0.8924419527393377,0.009780382457209802,1.7775403616013494,0.0,1.7913133738334956,-0.007688778766091198
2021-09-07,0.0,0.0,134259.2956252079,134259.2956252079,69000.0,65259.29562520789,0.9457868931189548,0.028188415661785315,1.8276464081697685,0.0,1.8276464081697685,0.0
2021-09-08,0.0,0.0,134683.44978744013,134683.44978744013,69000.0,65683.44978744013,0.9519340548904367,0.0031592163526337202,1.8334203385892907,0.0,1.8334203385892907,0.0
2021-09-09,0.0,0.0,137500.96863587538,137500.96863587538,69000.0,68500.96863587538,0.9927676613894982,0.020919562521467316,1.8717746899905392,0.0,1.8717746899905392,0.0
2021-09-10,0.0,0.0,137273.9724098906,137273.9724098906,69000.0,68273.97240989059,0.9894778610129071,-0.0016508700137664034,1.8686846332823068,0.0,1.8717746899905392,-0.0016508700137664034
2021-09-13,0.0,0.0,139385.08765412206,139385.08765412206,69000.0,70385.08765412206,1.020073734117711,0.015378845728510226,1.897422845972793,0.0,1.897422845972793,0.0
2021-09-14,0.0,0.0,136416.8858668806,136416.8858668806,69000.0,67416.88586688059,0.9770563169113129,-0.021294973782324034,1.8570172762138197,0.0,1.897422845972793,-0.021294973782324034
2021-09-15,0.0,0.0,137123.78588241764,137123.78588241764,69000.0,68123.78588241764,0.9873012446727194,0.0051819099303209715,1.8666401724782098,0.0,1.897422845972793,-0.016223412488111655
2021-09-16,0.0,0.0,133887.88121106033,133887.88121106033,69000.0,64887.88121106033,0.9404040755226135,-0.02359841985497735,1.8225904139699016,0.0,1.897422845972793,-0.03943898544371405
2021-09-17,0.0,0.0,132393.73197486065,132393.73197486065,69000.0,63393.73197486065,0.9187497387660963,-0.011159704841727347,1.8022508429026358,0.0,1.897422845972793,-0.050158562848632404
2021-09-22,0.0,0.0,133417.9746823518,133417.9746823518,69000.0,64417.97468235181,0.9335938359761131,0.007736338361438833,1.816193665235519,0.0,1.897422845972793,-0.04281026810111399
2021-09-23,0.0,0.0,133602.42229467447,133602.42229467447,69000.0,64602.42229467447,0.9362669897778908,0.0013824794804584428,1.8187045157102457,0.0,1.897422845972793,-0.0414869729378583
2021-09-24,0.0,0.0,129896.0150215128,129896.0150215128,69000.0,60896.015021512794,0.8825509423407651,-0.027742066419924605,1.7682498942371954,0.0,1.897422845972793,-0.06807810499897915
2021-09-27,0.0,0.0,124694.15619016248,124694.15619016248,69000.0,55694.15619016248,0.8071616839153983,-0.04004633114024936,1.6974379734338618,0.0,1.897422845972793,-0.10539815780303874
2021-09-28,0.0,0.0,124906.17992730442,124906.17992730442,69000.0,55906.179927304416,0.8102344917000639,0.00170035022987447,1.7003242124821878,0.0,1.897422845972793,-0.10387702135501298
2021-09-29,0.0,0.0,120560.44014302823,120560.44014302823,69000.0,51560.44014302823,0.7472527556960613,-0.034792031801832435,1.6411664784080817,0.0,1.897422845972793,-0.13505496052638222
2021-09-30,0.0,0.0,123040.98930723793,123040.98930723793,69000.0,54040.989307237935,0.7832027435831586,0.020575150200736525,1.674933725205742,0.0,1.897422845972793,-0.11725858642383047
2021-10-08,1000.0,0.0,124040.98930723793,124040.98930723793,70000.0,54040.989307237935,0.7720141329605419,0.0,1.674933725205742,0.0,1.897422845972793,-0.11725858642383047
2021-10-11,0.0,0.0,122690.86006402054,122690.86006402054,70000.0,52690.86006402054,0.7527265723431507,-0.010884541075960374,1.6567028402742288,0.0,1.897422845972793,-0.1268668215993516
2021-10-12,0.0,0.0,119174.44486455517,119174.44486455517,70000.0,49174.444864555175,0.7024920694936454,-0.02866077552664059,1.6092204520547813,0.0,1.897422845972793,-0.15189149563035476
2021-10-13,0.0,0.0,120074.69170902231,120074.69170902231,70000.0,50074.691709022314,0.7153527387003187,0.007554025911262308,1.6213765450465363,0.0,1.897422845972793,-0.14548486201278454
2021-10-14,0.0,0.0,121167.2523512619,121167.2523512619,70000.0,51167.25235126189,0.7309607478751698,0.00909900851452683,1.636129464035169,0.0,1.897422845972793,-0.13770962149644683
2021-10-15,0.0,0.0,121416.62798121113,121416.62798121113,70000.0,51416.62798121113,0.7345232568744446,0.0020581107940478294,1.6394967997455594,0.0,1.897422845972793,-0.13593493236084497
2021-10-18,0.0,0.0,123712.09575256839,123712.09575256839,70000.0,53712.09575256839,0.7673156536081198,0.018905711758956834,1.6704926536712812,0.0,1.897422845972793,-0.11959916725107556
2021-10-19,0.0,0.0,124524.11298854362,124524.11298854362,70000.0,54524.112988543624,0.7789158998363375,0.006563765903693897,1.6814573763938199,0.0,1.897422845972793,-0.11382042228349454
2021-10-20,0.0,0.0,124714.9192081064,124714.9192081064,70000.0,54714.919208106396,0.7816417029729485,0.0015322833062887398,1.6840338454619042,0.0,1.897422845972793,-0.11246254411018552
2021-10-21,0.0,0.0,124998.82303635309,124998.82303635309,70000.0,54998.82303635309,0.7856974719479013,0.0022764223402411687,1.687867417729436,0.0,1.897422845972793,-0.11044213401779712
2021-10-22,0.0,0.0,124998.82303635309,124998.82303635309,70000.0,54998.82303635309,0.7856974719479013,0.0,1.687867417729436,0.0,1.897422845972793,-0.11044213401779712
2021-10-25,0.0,0.0,123660.8824569119,123660.8824569119,70000.0,53660.8824569119,0.7665840350987414,-0.010703625417753604,1.669801117135229,0.0,1.897422845972793,-0.11996362820268691
2021-10-26,0.0,0.0,123587.46049666533,123587.46049666533,70000.0,53587.46049666533,0.7655351499523617,-0.0005937363440063903,1.6688096955247234,0.0,1.897422845972793,-0.12048613778067041
2021-10-27,0.0,0.0,122413.72284620114,122413.72284620114,70000.0,52413.72284620114,0.7487674692314448,-0.009497222822989038,1.6529606379971606,0.0,1.897422845972793,-0.128839076906075
2021-10-28,0.0,0.0,118623.06817191711,118623.06817191711,70000.0,48623.06817191711,0.694615259598816,-0.03096592919607999,1.6017751759170333,0.0,1.897422845972793,-0.15581538436899323
2021-10-29,0.0,0.0,119898.12912514921,119898.12912514921,70000.0,49898.12912514921,0.7128304160735601,0.01074884483163241,1.6189924087381262,0.0,1.897422845972793,-0.14674137492632433
2021-11-01,1000.0,0.0,120256.62214748292,120256.62214748292,71000.0,49256.62214748292,0.6937552415138439,-0.0053504335918093116,1.6103300973695296,0.0,1.897422845972793,-0.15130667853641944
2021-11-02,0.0,0.0,119621.96844546132,119621.96844546132,71000.0,48621.968445461316,0.6848164569783284,-0.00527749483303519,1.601831588601181,0.0,1.897422845972793,-0.15578565315527493
2021-11-03,0.0,0.0,118846.91362776613,118846.91362776613,71000.0,47846.91362776613,0.673900191940368,-0.006479201335401474,1.5914529992332278,0.0,1.897422845972793,-0.16125548787871635
2021-11-04,0.0,0.0,120495.06615236847,120495.06615236847,71000.0,49495.06615236847,0.6971136077798377,0.013867861388175529,1.6135230488323904,0.0,1.897422845972793,-0.14962389524452557
2021-11-05,0.0,0.0,118778.89845079025,118778.89845079025,71000.0,47778.89845079025,0.6729422317012712,-0.01424263877666232,1.5905422228900519,0.0,1.897422845972793,-0.16173549492886286
2021-11-08,0.0,0.0,120424.21273411783,120424.21273411783,71000.0,49424.21273411783,0.6961156723115187,0.013851907239308403,1.6125742662217282,0.0,1.897422845972793,-0.1501239327626127
2021-11-09,0.0,0.0,121586.73789130474,121586.73789130474,71000.0,50586.73789130474,0.7124892660747146,0.00965358320218912,1.6281413860704086,0.0,1.897422845972793,-0.14191958343598743
2021-11-10,0.0,0.0,120681.05509653331,120681.05509653331,71000.0,49681.05509653331,0.6997331703737086,-0.007448861697244347,1.6160135860620104,0.0,1.897422845972793,-0.14831130578408658
2021-11-11,0.0,0.0,121440.53461953432,121440.53461953432,71000.0,50440.534619534315,0.7104300650638635,0.006293278778458644,1.6261836100688754,0.0,1.897422845972793,-0.14295139139892432
2021-11-12,0.0,0.0,122578.37201546234,122578.37201546234,71000.0,51578.372015462344,0.7264559438797513,0.009369502526424212,1.6414201415118452,0.0,1.897422845972793,-0.13492127229536832
2021-11-15,0.0,0.0,121030.09596096596,121030.09596096596,71000.0,50030.09596096596,0.7046492388868446,-0.012630907304765682,1.6206875158562337,0.0,1.897422845972793,-0.14584800151633015
2021-11-16,0.0,0.0,119167.27933078131,119167.27933078131,71000.0,48167.27933078131,0.6784123849405819,-0.015391350518183855,1.5957429462192458,0.0,1.897422845972793,-0.15899455432079956
2021-11-17,0.0,0.0,121326.84608466127,121326.84608466127,71000.0,50326.84608466127,0.7088288180938207,0.018122145323847594,1.6246612317901357,0.0,1.897422845972793,-0.14375373141605385
2021-11-18,0.0,0.0,121864.54079403233,121864.54079403233,71000.0,50864.540794032335,0.7164019830145398,0.004431786753904987,1.6318613839167662,0.0,1.897422845972793,-0.13995903054486292
2021-11-19,0.0,0.0,123068.40890687065,123068.40890687065,71000.0,52068.40890687065,0.7333578719277556,0.009878739992735142,1.6479821182326648,0.0,1.897422845972793,-0.13146290942451577
2021-11-22,0.0,0.0,125359.27019709158,125359.27019709158,71000.0,54359.27019709158,0.7656235239026983,0.018614535692538903,1.6786585401931726,0.0,1.897422845972793,-0.11529549475170453
2021-11-23,0.0,0.0,125342.71096593485,125342.71096593485,71000.0,54342.71096593485,0.765390295294857,-0.00013209418921067417,1.6784367991543443,0.0,1.897422845972793,-0.11541235907601632
2021-11-24,0.0,0.0,124561.12694901635,124561.12694901635,71000.0,53561.126949016354,0.7543820697044556,-0.00623557613279091,1.6679707787091396,0.0,1.897422845972793,-0.12092827265712369
2021-11-25,0.0,0.0,124142.82823950735,124142.82823950735,71000.0,53142.82823950735,0.7484905385846106,-0.0033581801943732836,1.662369432275285,0.0,1.897422845972793,-0.12388035392132002
2021-11-26,0.0,0.0,124373.13361831907,124373.13361831907,71000.0,53373.13361831907,0.7517342763143531,0.001855164588061342,1.6654534011783177,0.0,1.897422845972793,-0.1222550077790101
2021-11-29,0.0,0.0,125443.1371993164,125443.1371993164,71000.0,54443.13719931641,0.7668047492861465,0.008603172967250217,1.67978158485755,0.0,1.897422845972793,-0.11470361578979527
2021-11-30,0.0,0.0,126056.43130867733,126056.43130867733,71000.0,55056.43130867733,0.7754426944884132,0.004889020818942491,1.6879940719971946,0.0,1.897422845972793,-0.11037538333645713
2021-12-01,1000.0,-1.4551915228366852e-11,127078.80080490206,127078.80080490204,72000.0,55078.80080490204,0.7649833445125285,0.00017745620744991086,1.6882936170234093,-1.1451095805277314e-16,1.897422845972793,-0.11021751392592982
2021-12-02,0.0,-1.4551915228366852e-11,126978.69313389517,126978.69313389515,72000.0,54978.693133895154,0.7635929601929883,-0.0007877605892786521,1.6869636458487876,-1.14601236390284e-16,1.897422845972793,-0.11091844950148944
2021-12-03,0.0,-1.4551915228366852e-11,128070.6263517212,128070.62635172119,72000.0,56070.62635172119,0.7787586993294611,0.008599342069733229,1.7014704232986455,-1.136241435128367e-16,1.897422845972793,-0.10327293312086394
2021-12-06,0.0,-1.4551915228366852e-11,126482.25704177546,126482.25704177545,72000.0,54482.25704177545,0.7566980144691033,-0.012402292041452156,1.6803682902090025,-1.1505104011197826e-16,1.897422845972793,-0.11439440408577384
2021-12-07,0.0,-1.4551915228366852e-11,124339.73165332401,124339.731653324,72000.0,52339.731653323994,0.7269407174072777,-0.01693933551283644,1.6519039679560208,-1.1703351000418403e-16,1.897422845972793,-0.12939597440701034
2021-12-08,0.0,-1.4551915228366852e-11,126739.26369756137,126739.26369756136,72000.0,54739.26369756136,0.7602675513550188,0.019298192237760192,1.683782728287955,-1.1481773527651362e-16,1.897422845972793,-0.11259489055814897
2021-12-09,0.0,-1.4551915228366852e-11,126816.69788212264,126816.69788212262,72000.0,54816.69788212262,0.761343026140592,0.0006109723403953105,1.6848114729621742,-1.1474762764989356e-16,1.897422845972793,-0.11205271058155453
2021-12-10,0.0,-1.4551915228366852e-11,126980.16365625142,126980.1636562514,72000.0,54980.1636562514,0.7636133841146029,0.0012889925132786306,1.6869831823371084,-1.1459990922488028e-16,1.897422845972793,-0.11090815317330804
2021-12-13,0.0,-1.4551915228366852e-11,127513.75996820275,127513.75996820274,72000.0,55513.759968202736,0.7710244440028158,0.004202202112416842,1.6940722266295372,-1.1412035243879224e-16,1.897422845972793,-0.10717200953644035
2021-12-14,0.0,-1.4551915228366852e-11,126939.44166291774,126939.44166291773,72000.0,54939.44166291773,0.7630478008738573,-0.004503971221836878,1.6864421740730846,-1.146366727136617e-16,1.897422845972793,-0.1111932811115387
2021-12-15,0.0,-1.4551915228366852e-11,126441.93740730187,126441.93740730186,72000.0,54441.937407301855,0.7561380195458591,-0.003919225176182595,1.6798326274462814,-1.1508772743248473e-16,1.897422845972793,-0.11467671478096653
2021-12-16,0.0,-1.4551915228366852e-11,127308.38051268796,127308.38051268795,72000.0,55308.380512687945,0.7681719515651104,0.00685249785911668,1.6913436769295314,-1.1430445638978624e-16,1.897422845972793,-0.10861003886437692
2021-12-17,0.0,-1.4551915228366852e-11,125117.17388854866,125117.17388854864,72000.0,53117.17388854864,0.7377385262298422,-0.017211801888571854,1.6622326046367315,-1.1630629733796054e-16,1.897422845972793,-0.12395246628090506
2021-12-20,0.0,-1.4551915228366852e-11,122305.12340616772,122305.12340616771,72000.0,50305.12340616771,0.6986822695301071,-0.022475335679223662,1.6248733688705708,-1.189804222676825e-16,1.897422845972793,-0.14364192867219772
2021-12-21,0.0,-1.4551915228366852e-11,123389.39151004469,123389.39151004468,72000.0,51389.391510044676,0.7137415487506205,0.008865271328627689,1.6392783121602696,-1.1793489740309024e-16,1.897422845972793,-0.13605008201541646
2021-12-22,0.0,-1.4551915228366852e-11,124139.48664515845,124139.48664515844,72000.0,52139.48664515844,0.7241595367383116,0.006079089344181554,1.649243631479871,-1.17222292613165e-16,1.897422845972793,-0.13079805327508987
2021-12-23,0.0,-1.4551915228366852e-11,125117.39893162015,125117.39893162013,72000.0,53117.39893162013,0.7377416518280575,0.007877528036320802,1.6622355944255773,-1.1630608814302355e-16,1.897422845972793,-0.12395089057053976
2021-12-24,0.0,-1.4551915228366852e-11,122502.4624869625,122502.46248696248,72000.0,50502.46248696248,0.7014230900967011,-0.020899862584953355,1.6274950989182646,-1.1878875683756611e-16,1.897422845972793,-0.1422601965752862
2021-12-27,0.0,-1.4551915228366852e-11,122146.64215404929,122146.64215404927,72000.0,50146.642154049274,0.6964811410284621,-0.002904597390857133,1.6227678809003139,-1.1913479545360096e-16,1.897422845972793,-0.14475158537034793
2021-12-28,0.0,-1.4551915228366852e-11,123112.52176339735,123112.52176339734,72000.0,51112.52176339734,0.7098961356027409,0.00790754123334736,1.6355999848306848,-1.1820012310635077e-16,1.897422845972793,-0.137988673266909
2021-12-29,0.0,-1.4551915228366852e-11,122833.56795247483,122833.56795247481,72000.0,50833.56795247481,0.7060217771177058,-0.002265844342451473,1.6318939698585424,-1.1846855441011932e-16,1.897422845972793,-0.13994185675471627
2021-12-30,0.0,-1.4551915228366852e-11,123997.99946930882,123997.99946930881,72000.0,51997.99946930881,0.7221944370737334,0.009479750008438481,1.6473639167330796,-1.173560484092217e-16,1.897422845972793,-0.13178872056402924
2021-12-31,0.0,-1.4551915228366852e-11,124669.57313247415,124669.57313247414,72000.0,52669.573132474135,0.7315218490621407,0.005416004016512765,1.6562860463227642,-1.1672387145261145e-16,1.897422845972793,-0.12708648478742224
2022-01-04,1000.0,-1.4551915228366852e-11,124632.72329141933,124632.72329141932,73000.0,51632.723291419316,0.7072975793345111,-0.008316783438033104,1.6425110739640618,-1.1675838290351085e-16,1.897422845972793,-0.1343463174535775
2022-01-05,0.0,-1.4551915228366852e-11,121971.66365816988,121971.66365816987,73000.0,48971.66365816987,0.6708447076461626,-0.021351211487430022,1.6074414726534094,-1.1930570422609907e-16,1.897422845972793,-0.15282907230449871
2022-01-06,0.0,-1.4551915228366852e-11,121975.87704146364,121975.87704146362,73000.0,48975.877041463624,0.6709024252255291,3.454395199176119e-05,1.6074970000344704,-1.193015830779407e-16,1.897422845972793,-0.15279980767264356
2022-01-07,0.0,-1.4551915228366852e-11,120294.10268466573,120294.10268466572,73000.0,47294.10268466572,0.6478644203378865,-0.013787761954162536,1.5853332140559646,-1.2096948149247744e-16,1.897422845972793,-0.16448080225197392
2022-01-10,0.0,-1.4551915228366852e-11,120487.8954639238,120487.89546392379,73000.0,47487.89546392379,0.6505191159441615,0.0016109915193938118,1.587887172419222,-1.2077491413005843e-16,1.897422845972793,-0.16313478791011116
2022-01-11,0.0,-1.4551915228366852e-11,118817.50518952894,118817.50518952892,73000.0,45817.50518952892,0.6276370573908072,-0.013863552583130767,1.5658734151083094,-1.224728225454213e-16,1.897422845972793,-0.17473671278291214
2022-01-12,0.0,-1.4551915228366852e-11,120761.73735988692,120761.7373598869,73000.0,47761.7373598869,0.6542703747929712,0.016363179543760653,1.5914960829425282,-1.2050104235416971e-16,1.897422845972793,-0.16123278144330488
2022-01-13,0.0,-1.4551915228366852e-11,118860.5426588357,118860.54265883568,73000.0,45860.54265883568,0.6282266117648723,-0.0157433533386937,1.566440597771617,-1.2242847712831902e-16,1.897422845972793,-0.17443779013395633
2022-01-14,0.0,-1.4551915228366852e-11,118767.01485178807,118767.01485178806,73000.0,45767.01485178806,0.6269454089286035,-0.0007868700996601641,1.5652080125023367,-1.22524888299386e-16,1.897422845972793,-0.1750874003523093
2022-01-17,0.0,-1.4551915228366852e-11,121185.80007739106,121185.80007739105,73000.0,48185.800077391046,0.6600794531149459,0.020365799617187097,1.5970847252441749,-1.2007937579381235e-16,1.897422845972793,-0.15828739564619154
2022-01-18,0.0,-1.4551915228366852e-11,120866.37028714977,120866.37028714975,73000.0,47866.37028714975,0.6557037025636951,-0.0026358681465757927,1.592875020489521,-1.2039672568800538e-16,1.897422845972793,-0.16050603908857908
2022-01-19,0.0,-1.4551915228366852e-11,119768.006333627,119768.00633362698,73000.0,46768.00633362698,0.6406576210085888,-0.009087423994890598,1.5783998898074627,-1.2150085547747108e-16,1.897422845972793,-0.16813487665253124
2022-01-20,0.0,-1.4551915228366852e-11,117654.01139335094,117654.01139335093,73000.0,44654.01139335093,0.6116987862102867,-0.01765074835083491,1.5505399505554855,-1.2368397010889537e-16,1.897422845972793,-0.1828179186065737
2022-01-21,0.0,-1.4551915228366852e-11,115963.87368078834,115963.87368078833,73000.0,42963.873680788325,0.5885462148053195,-0.014365321611619297,1.5282659454940917,-1.2548662584714657e-16,1.897422845972793,-0.19455700202104276
2022-01-24,0.0,-1.4551915228366852e-11,116802.67705360489,116802.67705360487,73000.0,43802.67705360487,0.6000366719671901,0.007233316257833078,1.5393203764039267,-1.2458545981517585e-16,1.897422845972793,-0.18873097808900374
2022-01-25,0.0,-1.4551915228366852e-11,112576.9731575363,112576.97315753628,73000.0,39576.97315753628,0.5421503172265245,-0.03617814251063156,1.4836306244568664,-1.2926191582716841e-16,1.897422845972793,-0.2180811843781605
2022-01-26,0.0,-1.4551915228366852e-11,113563.4246367681,113563.42463676809,73000.0,40563.42463676809,0.555663351188604,0.008762462265275106,1.4966308818192762,-1.2813910178308786e-16,1.897422845972793,-0.21122965026176554
2022-01-27,0.0,-1.4551915228366852e-11,110377.79639174372,110377.7963917437,73000.0,37377.7963917437,0.5120246081060782,-0.02805153380336667,1.4546480900467602,-1.3183734142254846e-16,1.897422845972793,-0.233355868390541
2022-01-28,0.0,-1.4551915228366852e-11,110496.15504546124,110496.15504546123,73000.0,37496.15504546123,0.5136459595268661,0.00107230491626642,1.456207916345155,-1.3169612302237833e-16,1.897422845972793,-0.23253379211918945
2022-02-07,1000.0,-1.4551915228366852e-11,112750.79930102412,112750.7993010241,74000.0,38750.799301024104,0.5236594500138392,0.01135464175243639,1.4727426355523159,-1.2906263475362059e-16,1.897422845972793,-0.22381948827160203
2022-02-08,0.0,-1.4551915228366852e-11,114351.32740403216,114351.32740403214,74000.0,40351.32740403214,0.5452882081625965,0.014195270569523188,1.4936486157432536,-1.2725619858308471e-16,1.897422845972793,-0.21280139589682645
2022-02-09,0.0,-1.4551915228366852e-11,115306.78213784222,115306.78213784221,74000.0,41306.78213784221,0.5581997586194893,0.008355431943821712,1.5061286951000799,-1.26201728628338e-16,1.897422845972793,-0.20622401153397096
2022-02-10,0.0,-1.4551915228366852e-11,116103.02717284419,116103.02717284417,74000.0,42103.02717284417,0.5689598266600564,0.0069054484067563315,1.5165291890980286,-1.253362257876637e-16,1.897422845972793,-0.20074263239909684
2022-02-11,0.0,-1.4551915228366852e-11,115721.49550290024,115721.49550290023,74000.0,41721.49550290023,0.5638039932824355,-0.0032861474781010758,1.5115456505278075,-1.2574945704881726e-16,1.897422845972793,-0.2033691099819922
2022-02-14,0.0,-1.4551915228366852e-11,113397.41859476097,113397.41859476095,74000.0,39397.41859476095,0.5323975485778507,-0.020083363925080255,1.4811887291388854,-1.2832668863803538e-16,1.897422845972793,-0.2193681380601844
2022-02-15,0.0,-1.4551915228366852e-11,113462.4386619777,113462.43866197769,74000.0,39462.43866197769,0.5332761981348337,0.0005733822517521858,1.482038016467669,-1.2825315055777425e-16,1.897422845972793,-0.21892053760539587
2022-02-16,0.0,-1.4551915228366852e-11,115080.45032352941,115080.4503235294,74000.0,41080.450323529396,0.5551412205882351,0.014260328621809482,1.5031723656125127,-1.2644993295956507e-16,1.897422845972793,-0.20778208779190255
2022-02-17,0.0,-1.4551915228366852e-11,114576.26200083886,114576.26200083885,74000.0,40576.26200083885,0.5483278648762007,-0.004381181349856655,1.4965866948786712,-1.2700637090307863e-16,1.897422845972793,-0.211252938133891
2022-02-18,0.0,-1.4551915228366852e-11,116206.5183075929,116206.51830759288,74000.0,42206.51830759288,0.5703583555080118,0.014228569498471622,1.5178809826772404,-1.2522460392323824e-16,1.897422845972793,-0.20003019574741376
2022-02-21,0.0,-1.4551915228366852e-11,116491.95081272756,116491.95081272755,74000.0,42491.95081272755,0.5742155515233451,0.0024562521043711705,1.5216092810351263,-1.2491777437705126e-16,1.897422845972793,-0.19806526823228499
2022-02-22,0.0,-1.4551915228366852e-11,114474.55445521093,114474.55445521092,74000.0,40474.55445521092,0.5469534385839314,-0.017317903455491,1.4952581984091808,-1.27119212628693e-16,1.897422845972793,-0.21195309649464333
2022-02-23,0.0,-1.4551915228366852e-11,114721.35627641017,114721.35627641015,74000.0,40721.35627641015,0.5502885983298669,0.0021559535424600096,1.4984819056189336,-1.268457391081169e-16,1.897422845972793,-0.21025410398140632
2022-02-24,0.0,-1.4551915228366852e-11,111245.26753796978,111245.26753796976,74000.0,37245.26753796976,0.5033144261887805,-0.030300275827153667,1.453077490556681,-1.3080929688447245e-16,1.897422845972793,-0.23418362246413238
2022-02-25,0.0,-1.4551915228366852e-11,111314.50363308896,111314.50363308894,74000.0,37314.50363308894,0.5042500490957964,0.0006223733975518897,1.453981847331385,-1.307279352952278e-16,1.897422845972793,-0.23370699872334444
2022-02-28,0.0,-1.4551915228366852e-11,111059.61633331326,111059.61633331324,74000.0,37059.61633331324,0.5008056261258547,-0.002289794154909486,1.4506525281960212,-1.3102796235756387e-16,1.897422845972793,-0.23546165195861568
2022-03-01,1000.0,-1.4551915228366852e-11,113274.66052366616,113274.66052366614,75000.0,38274.66052366614,0.5103288069822152,0.010940468105943069,1.4665233459135554,-1.2846575890047856e-16,1.897422845972793,-0.2270972445460986
2022-03-02,0.0,-1.4551915228366852e-11,113354.83022841418,113354.83022841417,75000.0,38354.83022841417,0.5113977363788555,0.0007077461488509407,1.4675612721638256,-1.2837490205793794e-16,1.897422845972793,-0.22655022559748983
2022-03-03,0.0,-1.4551915228366852e-11,113354.83022841418,113354.83022841417,75000.0,38354.83022841417,0.5113977363788555,0.0,1.4675612721638256,-1.2837490205793794e-16,1.897422845972793,-0.22655022559748983
2022-03-04,0.0,-1.4551915228366852e-11,111973.78326782727,111973.78326782725,75000.0,36973.78326782725,0.49298377690436346,-0.012183397547365638,1.449681389759936,-1.2995823489825735e-16,1.897422845972793,-0.23597347168195582
2022-03-07,0.0,-1.4551915228366852e-11,110751.04843491335,110751.04843491333,75000.0,35751.04843491333,0.4766806457988444,-0.010919831385792222,1.4338511134206366,-1.3139302457185122e-16,1.897422845972793,-0.24431651254546116
2022-03-08,0.0,-1.4551915228366852e-11,107531.14334300031,107531.1433430003,75000.0,32531.143343000294,0.43374857790667054,-0.029073359913205032,1.3921642439382087,-1.3532744817889174e-16,1.897422845972793,-0.2662867705566929
2022-03-09,0.0,-1.4551915228366852e-11,106089.5392732406,106089.53927324059,75000.0,31089.53927324059,0.4145271903098746,-0.013406386512243351,1.373500351995448,-1.3716635332808296e-16,1.897422845972793,-0.2761232136997561
2022-03-10,0.0,-1.4551915228366852e-11,107013.22324481406,107013.22324481404,75000.0,32013.223244814042,0.4268429765975206,0.008706645140520886,1.385458932160653,-1.3598240280153464e-16,1.897422845972793,-0.2698206753959792
2022-03-11,0.0,-1.4551915228366852e-11,106775.16000046994,106775.16000046993,75000.0,31775.16000046993,0.4236688000062656,-0.0022246152122668006,1.3823768191441974,-1.362855857888933e-16,1.897422845972793,-0.2714450434291761
2022-03-14,0.0,-1.4551915228366852e-11,103684.82093581378,103684.82093581377,75000.0,28684.82093581377,0.3824642791441837,-0.028942490600272208,1.3423673910500822,-1.403475947301412e-16,1.897422845972793,-0.29253123841150896
2022-03-15,0.0,-1.4551915228366852e-11,98533.97368075543,98533.97368075541,75000.0,23533.973680755415,0.31378631574340554,-0.04967792979308894,1.2756813580409643,-1.4768424214285976e-16,1.897422845972793,-0.3276768218805055
2022-03-16,0.0,-1.4551915228366852e-11,102117.47886929194,102117.47886929192,75000.0,27117.478869291925,0.36156638492389237,0.0363682195558952,1.3220756177535606,-1.4250170871328477e-16,1.897422845972793,-0.30322562492613847
2022-03-17,0.0,-1.4551915228366852e-11,103418.91380509397,103418.91380509395,75000.0,28418.91380509395,0.378918850734586,0.01274448752762325,1.3389247939745956,-1.4070845160675136e-16,1.897422845972793,-0.2943455925934423
2022-03-18,0.0,-1.4551915228366852e-11,105404.83615986552,105404.8361598655,75000.0,30404.836159865503,0.4053978154648734,0.01920269979352396,1.3646357648393956,-1.3805737723738063e-16,1.897422845972793,-0.28079512285003705
2022-03-21,0.0,-1.4551915228366852e-11,105586.5910177552,105586.59101775519,75000.0,30586.591017755185,0.4078212135700692,0.00172435027187956,1.366988874891513,-1.3781972775236049e-16,1.897422845972793,-0.2795549617245864
2022-03-22,0.0,-1.4551915228366852e-11,106515.93532739978,106515.93532739977,75000.0,31515.93532739977,0.420212471031997,0.00880172662727885,1.3790207372708396,-1.366172599774709e-16,1.897422845972793,-0.2732138014477068
2022-03-23,0.0,-1.4551915228366852e-11,106515.93532739978,106515.93532739977,75000.0,31515.93532739977,0.420212471031997,0.0,1.3790207372708396,-1.366172599774709e-16,1.897422845972793,-0.2732138014477068
2022-03-24,0.0,-1.4551915228366852e-11,106025.44352971917,106025.44352971915,75000.0,31025.443529719152,0.4136725803962553,-0.004604867770939491,1.372670529122324,-1.3724927473930274e-16,1.897422845972793,-0.2765605557897839
2022-03-25,0.0,-1.4551915228366852e-11,105255.32478602667,105255.32478602666,75000.0,30255.324786026657,0.4034043304803554,-0.007263527678397552,1.3627000987407234,-1.3825348273780364e-16,1.897422845972793,-0.28181527821644925
2022-03-28,0.0,-1.4551915228366852e-11,105313.33288100768,105313.33288100766,75000.0,30313.332881007664,0.40417777174676894,0.0005511179135015976,1.3634511071758697,-1.381773307355954e-16,1.897422845972793,-0.28141947375107124
2022-03-29,0.0,-1.4551915228366852e-11,104660.8661930661,104660.86619306609,75000.0,29660.86619306609,0.39547821590754784,-0.006195480383084928,1.3550038725880662,-1.3903874253747515e-16,1.897422845972793,-0.28587142530511334
2022-03-30,0.0,-1.4551915228366852e-11,106631.90049170905,106631.90049170904,75000.0,31631.900491709035,0.42175867322278715,0.018832581559252715,1.3805220935316842,-1.364686848988339e-16,1.897422845972793,-0.272422540678379
2022-03-31,0.0,-1.4551915228366852e-11,106631.90049170905,106631.90049170904,75000.0,31631.900491709035,0.42175867322278715,0.0,1.3805220935316842,-1.364686848988339e-16,1.897422845972793,-0.272422540678379
2022-04-01,1000.0,0.0,108070.30406540462,108070.30406540462,76000.0,32070.30406540462,0.42197768507111344,0.004111373535255369,1.3861979355318657,0.0,1.897422845972793,-0.26943119796727577
2022-04-06,0.0,0.0,108730.83826422185,108730.83826422185,76000.0,32730.83826422185,0.4306689245292348,0.006112078655922559,1.3946704863465138,0.0,1.897422845972793,-0.26496590398568864
2022-04-07,0.0,0.0,107275.62568660444,107275.62568660444,76000.0,31275.625686604442,0.41152139061321624,-0.013383623274210055,1.3760047419655927,0.0,1.897422845972793,-0.2748033234204438
2022-04-08,0.0,0.0,108012.21765768813,108012.21765768813,76000.0,32012.217657688132,0.4212133902327386,0.006866349800984439,1.3854528718517418,0.0,1.897422845972793,-0.26982386936453717
2022-04-11,0.0,0.0,105378.4178360308,105378.4178360308,76000.0,29378.4178360308,0.38655812942145795,-0.0243842768787913,1.3516696054219923,0.0,1.897422845972793,-0.28762868630423677
2022-04-12,0.0,0.0,107395.19122163756,107395.19122163756,76000.0,31395.191221637564,0.4130946213373363,0.019138391209714944,1.3775383871168394,0.0,1.897422845972793,-0.2739950454161487
2022-04-13,0.0,0.0,106700.95853672315,106700.95853672315,76000.0,30700.95853672315,0.4039599807463572,-0.006464280914419085,1.3686335920121204,0.0,1.897422845972793,-0.2786881453878388
2022-04-14,0.0,0.0,106700.95853672315,106700.95853672315,76000.0,30700.95853672315,0.4039599807463572,0.0,1.3686335920121204,0.0,1.897422845972793,-0.2786881453878388
2022-04-15,0.0,0.0,106718.59474057717,106718.59474057717,76000.0,30718.594740577173,0.404192036060226,0.00016528627386191985,1.3688598083588264,0.0,1.897422845972793,-0.2785689224390976
2022-04-18,0.0,0.0,106063.69651069504,106063.69651069504,76000.0,30063.696510695037,0.3955749540880926,-0.006136683409991739,1.3604595490822662,0.0,1.897422845972793,-0.2829961165642181
2022-04-19,0.0,0.0,106348.66415338781,106348.66415338781,76000.0,30348.664153387814,0.3993245283340501,0.0026867594857402644,1.364114776680729,0.0,1.897422845972793,-0.28106969957908434
2022-04-20,0.0,0.0,104920.68751878059,104920.68751878059,76000.0,28920.687518780585,0.38053536208921823,-0.013427311438041545,1.3457983827370024,0.0,1.897422845972793,-0.2907230006250807
2022-04-21,0.0,0.0,102122.33411387107,102122.33411387107,76000.0,26122.334113871068,0.34371492255093505,-0.026671131033225604,1.3099044177267207,0.0,1.897422845972793,-0.3096402204142622
2022-04-22,0.0,0.0,102806.37435511529,102806.37435511529,76000.0,26806.374355115287,0.35271545204099053,0.006698243309651408,1.3186784762290416,0.0,1.897422845972793,-0.30501602263939964
2022-04-25,0.0,0.0,97226.07893081321,97226.07893081321,76000.0,21226.078930813208,0.2792905122475422,-0.05427966368142256,1.2471010520353984,0.0,1.897422845972793,-0.3427395191945104
2022-04-26,0.0,0.0,96459.8473983369,96459.8473983369,76000.0,20459.847398336904,0.2692085183991697,-0.007880925991282206,1.2372727409406572,0.0,1.897422845972793,-0.347919340400733
2022-04-27,0.0,0.0,99306.13187942152,99306.13187942152,76000.0,23306.13187942152,0.3066596299923885,0.0295074537007165,1.2737815090591222,0.0,1.897422845972793,-0.328678100528475
2022-04-28,0.0,0.0,100055.20962342991,100055.20962342991,76000.0,24055.20962342991,0.316515916097762,0.007543116722318111,1.2833897916606858,0.0,1.897422845972793,-0.3236142410825129
2022-04-29,0.0,0.0,102073.43596161183,102073.43596161183,76000.0,26073.43596161183,0.343071525810682,0.020171126978572707,1.3092772101112775,0.0,1.897422845972793,-0.30997077805289
2022-05-05,1000.0,0.0,103073.43596161183,103073.43596161183,77000.0,26073.43596161183,0.33861605144950424,0.0,1.3092772101112775,0.0,1.897422845972793,-0.30997077805289
2022-05-06,0.0,0.0,101366.28518265998,101366.28518265998,77000.0,24366.28518265998,0.3164452621124674,-0.01656247085415541,1.2875923444787996,0.0,1.897422845972793,-0.32139936692990456
2022-05-09,0.0,0.0,101366.28518265998,101366.28518265998,77000.0,24366.28518265998,0.3164452621124674,0.0,1.2875923444787996,0.0,1.897422845972793,-0.32139936692990456
2022-05-10,0.0,0.0,102950.78448817345,102950.78448817345,77000.0,25950.78448817345,0.3370231751710837,0.015631423235627384,1.3077192453703015,0.0,1.897422845972793,-0.3107918732264212
2022-05-11,0.0,0.0,103199.56330653324,103199.56330653324,77000.0,26199.563306533237,0.34025406891601606,0.002416482978703005,1.310879326667661,0.0,1.897422845972793,-0.30912641351928916
2022-05-12,0.0,0.0,103281.3471406186,103281.3471406186,77000.0,26281.3471406186,0.34131619663141044,0.0007924823658647107,1.3119181754178217,0.0,1.897422845972793,-0.3085789083849615
2022-05-13,0.0,0.0,104165.76889190894,104165.76889190894,77000.0,27165.76889190894,0.3528021934014147,0.00856322826701894,1.3231524302215756,0.0,1.897422845972793,-0.3026581117488304
2022-05-16,0.0,0.0,103780.54961766004,103780.54961766004,77000.0,26780.549617660043,0.3477993456838966,-0.0036981369056915403,1.3182592313875177,0.0,1.897422845972793,-0.3052369775216568
2022-05-17,0.0,0.0,103766.81443826755,103766.81443826755,77000.0,26766.814438267553,0.3476209667307475,-0.00013234830074704274,1.3180847620182994,0.0,1.897422845972793,-0.30532892822710367
2022-05-18,0.0,0.0,103275.21416940374,103275.21416940374,77000.0,26275.214169403742,0.341236547654594,-0.004737548044864259,1.3118402721310343,0.0,1.897422845972793,-0.30861996580500506
2022-05-19,0.0,0.0,103607.35181900283,103607.35181900283,77000.0,26607.351819002826,0.34555002362341325,0.0032160441619057956,1.3160592083795741,0.0,1.897422845972793,-0.30639645708237406
2022-05-20,0.0,0.0,105763.62797026863,105763.62797026863,77000.0,28763.62797026863,0.37355361000348863,0.02081199947116419,1.3434490319283905,0.0,1.897422845972793,-0.2919611805139749
2022-05-23,0.0,0.0,105437.75090686438,105437.75090686438,77000.0,28437.750906864385,0.36932144034888803,-0.003081182724706144,1.3393096199796894,0.0,1.897422845972793,-0.29414277749299655
2022-05-24,0.0,0.0,102836.74890522694,102836.74890522694,77000.0,25836.748905226937,0.33554219357437587,-0.024668602841642295,1.3062707228824195,0.0,1.897422845972793,-0.3115552889779266
2022-05-25,0.0,0.0,104722.36572718102,104722.36572718102,77000.0,27722.365727181023,0.36003072372962364,0.018336021335056518,1.3302225307265512,0.0,1.897422845972793,-0.2989319520686191
2022-05-26,0.0,0.0,105411.54923496948,105411.54923496948,77000.0,28411.549234969483,0.3689811588957075,0.006581053655566826,1.3389767965751065,0.0,1.897422845972793,-0.29431818562897927
2022-05-27,0.0,0.0,105618.61513929667,105618.61513929667,77000.0,28618.61513929667,0.37167032648437237,0.001964356902350639,1.3416070248875462,0.0,1.897422845972793,-0.29293197468605614
2022-05-30,0.0,0.0,106564.73294264733,106564.73294264733,77000.0,29564.73294264733,0.3839575706837315,0.008957869804511853,1.3536249659453075,0.0,1.897422845972793,-0.28659815137236055
2022-05-31,0.0,0.0,107899.50726296843,107899.50726296843,77000.0,30899.50726296843,0.40129230211647315,0.012525478959718006,1.3705797669756044,0.0,1.897422845972793,-0.2776624515275511
2022-06-01,1000.0,0.0,108677.91655284267,108677.91655284267,78000.0,30677.916552842667,0.3933066224723418,-0.0020536767567038705,1.3677650391649578,0.0,1.897422845972793,-0.2791458993613435
2022-06-02,0.0,0.0,108360.64274116195,108360.64274116195,78000.0,30360.64274116195,0.38923900950207635,-0.002919395418538806,1.363771992175982,0.0,1.897422845972793,-0.2812503575201829
2022-06-06,0.0,0.0,108785.0073719004,108785.0073719004,78000.0,30785.0073719004,0.3946795816910307,0.003916224747320118,1.3691128298014437,0.0,1.897422845972793,-0.27843557238317596
2022-06-07,0.0,0.0,109389.82762908988,109389.82762908988,78000.0,31389.82762908988,0.40243368755243436,0.00555977585331946,1.3767247902530435,0.0,1.897422845972793,-0.2744238359018978
2022-06-08,0.0,0.0,110062.2177795937,110062.2177795937,78000.0,32062.217779593702,0.41105407409735517,0.00614673379670827,1.385187151050058,0.0,1.897422845972793,-0.26996391237195005
2022-06-09,0.0,0.0,109195.5253026597,109195.5253026597,78000.0,31195.525302659706,0.39994263208538094,-0.007874568534223081,1.3742793998963891,0.0,1.897422845972793,-0.2757126315764331
2022-06-10,0.0,0.0,110511.03480039729,110511.03480039729,78000.0,32511.03480039729,0.416808138466632,0.01204728393486243,1.3908357340327733,0.0,1.897422845972793,-0.26698693599860013
2022-06-13,0.0,0.0,108547.66640483917,108547.66640483917,78000.0,30547.66640483917,0.39163674877998944,-0.017766265596049435,1.3661257769814708,0.0,1.897422845972793,-0.2800098407790229
2022-06-14,0.0,0.0,109542.27469731995,109542.27469731995,78000.0,31542.274697319954,0.40438813714512767,0.009162871256681804,1.3786434115963864,0.0,1.897422845972793,-0.2734126636440033
2022-06-15,0.0,0.0,110262.9287467534,110262.9287467534,78000.0,32262.9287467534,0.41362729162504364,0.006578775650083246,1.3877131973027443,0.0,1.897422845972793,-0.2686326085679256
2022-06-16,0.0,0.0,109535.73058483866,109535.73058483866,78000.0,31535.73058483866,0.4043042382671622,-0.006595128300871944,1.3785610507217194,0.0,1.897422845972793,-0.27345607034949426
2022-06-17,0.0,0.0,110373.64006939736,110373.64006939736,78000.0,32373.640069397356,0.4150466675563764,0.0076496452809040605,1.389106553757811,0.0,1.897422845972793,-0.26789826700667374
2022-06-20,0.0,0.0,111228.11407775909,111228.11407775909,78000.0,33228.11407775909,0.42600146253537297,0.007741649254518368,1.3998605294741566,0.0,1.897422845972793,-0.26223059217121436
2022-06-21,0.0,0.0,110974.67492516094,110974.67492516094,78000.0,32974.67492516094,0.42275224263026856,-0.0022785529962413564,1.3966708730704032,0.0,1.897422845972793,-0.2639116388659579
2022-06-22,0.0,0.0,109320.49195939608,109320.49195939608,78000.0,31320.49195939608,0.40154476871020606,-0.014905950090688846,1.375852166743297,0.0,1.897422845972793,-0.27488373523935883
2022-06-23,0.0,0.0,110312.15633866255,110312.15633866255,78000.0,32312.15633866255,0.41425841459823776,0.009071166452807367,1.3883327507622811,0.0,1.897422845972793,-0.26830608490407715
2022-06-24,0.0,0.0,111154.6627884436,111154.6627884436,78000.0,33154.6627884436,0.4250597793390205,0.007637476029337398,1.398936108866972,0.0,1.897422845972793,-0.26271779016672003
2022-06-27,0.0,0.0,112481.68202247804,112481.68202247804,78000.0,34481.68202247804,0.44207284644202605,0.011938493633506964,1.4156372986963635,0.0,1.897422845972793,-0.2539157511985275
2022-06-28,0.0,0.0,113673.1283510114,113673.1283510114,78000.0,35673.1283510114,0.45734779937194103,0.010592358747758324,1.4306322368208628,0.0,1.897422845972793,-0.24601295917917054
2022-06-29,0.0,0.0,112764.03408946196,112764.03408946196,78000.0,34764.03408946196,0.44569274473669185,-0.007997442093282126,1.4191908383501053,0.0,1.897422845972793,-0.2520429268772202
2022-06-30,0.0,0.0,114230.8343229922,114230.8343229922,78000.0,36230.8343229922,0.4644978759357974,0.013007695630741223,1.4376512408173,0.0,1.897422845972793,-0.2423137289251791
2022-07-01,1000.0,0.0,115163.6570655675,115163.6570655675,79000.0,36163.6570655675,0.4577678109565506,-0.0005880833999230006,1.4368057819876965,0.0,1.897422845972793,-0.2427593116435478
2022-07-04,0.0,0.0,116281.62685649582,116281.62685649582,79000.0,37281.626856495815,0.47191932729741537,0.009707661422142966,1.4507538060486105,0.0,1.897422845972793,-0.2354082754259128
2022-07-05,0.0,0.0,116245.41242404659,116245.41242404659,79000.0,37245.41242404659,0.4714609167600834,-0.00031143727025695345,1.4503019872434397,0.0,1.897422845972793,-0.23564639778547525
2022-07-06,0.0,0.0,114093.84445270269,114093.84445270269,79000.0,35093.84445270269,0.44422587914813527,-0.01850884199623548,1.4234585769147245,0.0,1.897422845972793,-0.24979369783811733
2022-07-07,0.0,0.0,114605.10352526793,114605.10352526793,79000.0,35605.10352526793,0.45069751297807503,0.004481039928295072,1.4298371516341535,0.0,1.897422845972793,-0.2464319934436714
2022-07-08,0.0,0.0,113950.28016581133,113950.28016581133,79000.0,34950.28016581133,0.44240860969381424,-0.005713736468221264,1.421667438957244,0.0,1.897422845972793,-0.25073768244401706
2022-07-11,0.0,0.0,112236.43311274557,112236.43311274557,79000.0,33236.433112745566,0.420714343199311,-0.015040305741871873,1.400285126012063,0.0,1.897422845972793,-0.2620068167809225
2022-07-12,0.0,0.0,111667.82231015881,111667.82231015881,79000.0,32667.82231015881,0.41351673810327605,-0.005066187394030641,1.393191019158612,0.0,1.897422845972793,-0.2657456285426275
2022-07-13,0.0,0.0,111993.16850838535,111993.16850838535,79000.0,32993.16850838535,0.41763504440994126,0.0029135178916885884,1.3972501061194706,0.0,1.897422845972793,-0.2636063652943359
2022-07-14,0.0,0.0,111314.39395796118,111314.39395796118,79000.0,32314.393957961176,0.4090429614931794,-0.006060856742108767,1.3887815733933844,0.0,1.897422845972793,-0.26806954162008756
2022-07-15,0.0,0.0,109916.17779329787,109916.17779329787,79000.0,30916.177793297873,0.39134402269997315,-0.012560964624137916,1.3713371371793355,0.0,1.897422845972793,-0.27726329421512674
2022-07-18,0.0,0.0,111603.18257160147,111603.18257160147,79000.0,32603.182571601472,0.41269851356457554,0.01534810263759434,1.3923845603115088,0.0,1.897422845972793,-0.2661706570747836
2022-07-19,0.0,0.0,111956.15092961327,111956.15092961327,79000.0,32956.15092961327,0.4171664674634592,0.0031627087138428323,1.3967882670934262,0.0,1.897422845972793,-0.26384976861744047
2022-07-20,0.0,0.0,112737.06847897686,112737.06847897686,79000.0,33737.06847897686,0.42705149973388434,0.0069752089802956885,1.406531157157628,0.0,1.897422845972793,-0.25871496691265405
2022-07-21,0.0,0.0,111244.69305629218,111244.69305629218,79000.0,32244.693056292177,0.4081606715986352,-0.013237663909656971,1.3879119704207143,0.0,1.897422845972793,-0.2685278490419234
2022-07-22,0.0,0.0,111115.37596817217,111115.37596817217,79000.0,32115.37596817217,0.40652374643255906,-0.001162456244582999,1.3862985834837673,0.0,1.897422845972793,-0.26937815341154314
2022-07-25,0.0,0.0,111025.37303503123,111025.37303503123,79000.0,32025.373035031225,0.4053844687978636,-0.0008099953076406985,1.3851756881361565,0.0,1.897422845972793,-0.2699699536789395
2022-07-26,0.0,0.0,112514.48875709523,112514.48875709523,79000.0,33514.48875709523,0.4242340348999396,0.013412391072031404,1.4037542061689088,0.0,1.897422845972793,-0.2601785052033483
2022-07-27,0.0,0.0,112342.8963854885,112342.8963854885,79000.0,33342.89638548849,0.4220619795631455,-0.0015250691133403826,1.401613383986359,0.0,1.897422845972793,-0.26130678411444797
2022-07-28,0.0,0.0,112391.71733955185,112391.71733955185,79000.0,33391.71733955185,0.42267996632344107,0.00043457090420595534,1.402222484381985,0.0,1.897422845972793,-0.26098576953568986
2022-07-29,0.0,0.0,111579.05303705484,111579.05303705484,79000.0,32579.053037054837,0.4123930764184156,-0.007230642272702648,1.3920835152106785,0.0,1.897422845972793,-0.2663293170706139
2022-08-01,1000.0,-1.4551915228366852e-11,113055.91704841291,113055.9170484129,80000.0,33055.9170484129,0.41319896310516113,0.004273777186473371,1.3980329699796517,-1.2871431773124638e-16,1.897422845972793,-0.2631937720435259
2022-08-02,0.0,-1.4551915228366852e-11,109483.6770005784,109483.67700057839,80000.0,29483.67700057839,0.3685459625072298,-0.03159710823719908,1.3538591709080317,-1.3291401629020895e-16,1.897422845972793,-0.286474718178109
2022-08-03,0.0,-1.4551915228366852e-11,108037.76496483017,108037.76496483016,80000.0,28037.76496483016,0.35047206206037695,-0.013206644820127789,1.3359792337013765,-1.346928570125824e-16,1.897422845972793,-0.2958979931453124
2022-08-04,0.0,-1.4551915228366852e-11,108844.83266638641,108844.8326663864,80000.0,28844.8326663864,0.36056040832982994,0.007470236928901253,1.3459593151092177,-1.3369413018410375e-16,1.897422845972793,-0.29063818433199295
2022-08-05,0.0,-1.4551915228366852e-11,109695.78279618215,109695.78279618213,80000.0,29695.78279618213,0.37119728495227666,0.007818011282206827,1.356482040220133,-1.3265701613529412e-16,1.897422845972793,-0.2850923856539338
2022-08-08,0.0,-1.4551915228366852e-11,110790.21739052646,110790.21739052645,80000.0,30790.21739052645,0.3848777173815807,0.009976997897702233,1.37001565868368,-1.313465716659129e-16,1.897422845972793,-0.27795975388855176
2022-08-09,0.0,-1.4551915228366852e-11,111483.13371433766,111483.13371433764,80000.0,31483.133714337644,0.39353917142922046,0.00625430963248963,1.378584160814447,-1.3053019540744536e-16,1.897422845972793,-0.27344389062225183
2022-08-10,0.0,-1.4551915228366852e-11,111352.09694096961,111352.0969409696,80000.0,31352.096940969597,0.3919012117621199,-0.0011753954970786795,1.3769637791994815,-1.3068380055816254e-16,1.897422845972793,-0.2742978814015895
2022-08-11,0.0,-1.4551915228366852e-11,112567.14910056727,112567.14910056726,80000.0,32567.149100567258,0.4070893637570907,0.01091180312699258,1.391988936871106,-1.2927319688416557e-16,1.897422845972793,-0.26637916275460216
2022-08-12,0.0,-1.4551915228366852e-11,112514.5054597671,112514.50545976708,80000.0,32514.505459767082,0.40643131824708845,-0.0004676643338736852,1.3913379532921846,-1.2933368163423448e-16,1.897422845972793,-0.26672225105476843
2022-08-15,0.0,-1.4551915228366852e-11,113634.68723972113,113634.68723972111,80000.0,33634.68723972111,0.42043359049651396,0.009955887690894949,1.4051899576952411,-1.2805874316940272e-16,1.897422845972793,-0.25942182014003745
2022-08-16,0.0,-1.4551915228366852e-11,113634.41635081399,113634.41635081398,80000.0,33634.416350813975,0.42043020438517464,-2.383857550136703e-06,1.405186607922551,-1.2805904844393223e-16,1.897422845972793,-0.259423585572923
2022-08-17,0.0,-1.4551915228366852e-11,113455.46992975699,113455.46992975698,80000.0,33455.469929756975,0.4181933741219621,-0.0015747554904893546,1.402973782596563,-1.2826102820230963e-16,1.897422845972793,-0.260589812347669
2022-08-18,0.0,-1.4551915228366852e-11,113133.1626767172,113133.16267671718,80000.0,33133.162676717184,0.41416453345896476,-0.0028408260372050353,1.3989881781454465,-1.2862643352373668e-16,1.897422845972793,-0.2626903480609264
2022-08-19,0.0,-1.4551915228366852e-11,111673.04639871747,111673.04639871746,80000.0,31673.04639871746,0.3959130799839683,-0.012906173958665557,1.3809325933521848,-1.3030821400188809e-16,1.897422845972793,-0.2722061946902553
2022-08-22,0.0,-1.4551915228366852e-11,113597.09274776909,113597.09274776907,80000.0,33597.09274776907,0.41996365934711344,0.0172292814703201,1.4047250696945885,-1.2810112368525061e-16,1.897422845972793,-0.2596668303662184
2022-08-23,0.0,-1.4551915228366852e-11,113479.77774916631,113479.7777491663,80000.0,33479.7777491663,0.41849722186457883,-0.0010327288820961567,1.4032743695437104,-1.2823355418030646e-16,1.897422845972793,-0.26043139381287295
2022-08-24,0.0,-1.4551915228366852e-11,110299.78549845544,110299.78549845543,80000.0,30299.78549845543,0.3787473187306929,-0.028022545635750795,1.3639510494836924,-1.3193058501977438e-16,1.897422845972793,-0.2811559888305203
2022-08-25,0.0,-1.4551915228366852e-11,110446.74898430539,110446.74898430538,80000.0,30446.748984305377,0.3805843623038172,0.0013324004682857549,1.3657683785007433,-1.3175503455004092e-16,1.897422845972793,-0.2801982007334137
2022-08-26,0.0,-1.4551915228366852e-11,110267.93179748612,110267.9317974861,80000.0,30267.931797486104,0.3783491474685763,-0.0016190353130691726,1.3635571512664773,-1.319686965299426e-16,1.897422845972793,-0.28136358526483707
2022-08-29,0.0,-1.4551915228366852e-11,110569.8348769314,110569.83487693139,80000.0,30569.83487693139,0.38212293596164226,0.0027379046158202414,1.3672904406848645,-1.3160836537889118e-16,1.897422845972793,-0.2793960273078372
2022-08-30,0.0,-1.4551915228366852e-11,109935.88984797568,109935.88984797566,80000.0,29935.88984797566,0.37419862309969587,-0.005733435612536919,1.3594511689795605,-1.323672846828265e-16,1.897422845972793,-0.28352756378740607
2022-08-31,0.0,-1.4551915228366852e-11,107722.9171309009,107722.91713090088,80000.0,27722.91713090088,0.34653646413626094,-0.02012966575460462,1.3320858713382955,-1.3508653140801882e-16,1.897422845972793,-0.2979499144507528
2022-09-01,1000.0,0.0,108593.5332647071,108593.5332647071,81000.0,27593.533264707105,0.3406609045025568,-0.0012010802310203905,1.3304859293322095,0.0,1.897422845972793,-0.2987931329296921
2022-09-02,0.0,0.0,108500.87451267944,108500.87451267944,81000.0,27500.87451267944,0.33951696929233877,-0.0008532621532978402,1.329350676043215,0.0,1.897422845972793,-0.2993914462109958
2022-09-05,0.0,0.0,109250.93699012988,109250.93699012988,81000.0,28250.936990129878,0.3487769998781467,0.006912962506701259,1.3385404274249597,0.0,1.897422845972793,-0.2945481655467782
2022-09-06,0.0,0.0,111176.59458457626,111176.59458457626,81000.0,30176.59458457626,0.37255055042686736,0.017626005300259928,1.3621335480933643,0.0,1.897422845972793,-0.2821138677736277
2022-09-07,0.0,0.0,111537.54642166354,111537.54642166354,81000.0,30537.546421663545,0.37700674594646344,0.0032466531146777555,1.3665559232198887,0.0,1.897422845972793,-0.2797831405264509
2022-09-08,0.0,0.0,110805.2603278952,110805.2603278952,81000.0,29805.2603278952,0.36796617688759503,-0.006565377464911815,1.3575839677570392,0.0,1.897422845972793,-0.284511636065488
2022-09-09,0.0,0.0,112239.47291321016,112239.47291321016,81000.0,31239.472913210164,0.3856725051013601,0.012943542401063324,1.3751559134067062,0.0,1.897422845972793,-0.27525068208943426
2022-09-13,0.0,0.0,112231.28176677572,112231.28176677572,81000.0,31231.28176677572,0.3855713798367373,-7.297919548121534e-05,1.3750555556344846,0.0,1.897422845972793,-0.275303573711581
2022-09-14,0.0,0.0,110744.83491429882,110744.83491429882,81000.0,29744.834914298815,0.36722018412714585,-0.013244496802289452,1.3568436367249133,0.0,1.897422845972793,-0.28490181321218855
2022-09-15,0.0,0.0,109085.29259837652,109085.29259837652,81000.0,28085.292598376516,0.3467320073873643,-0.01498527960429541,1.3365109554492813,0.0,1.897422845972793,-0.29561775948572855
2022-09-16,0.0,0.0,106197.98336318371,106197.98336318371,81000.0,25197.98336318371,0.3110862143602928,-0.02646836403348274,1.301135696945712,0.0,1.897422845972793,-0.31426160504638045
2022-09-19,0.0,0.0,105952.04393701922,105952.04393701922,81000.0,24952.043937019218,0.3080499251483855,-0.002315857781624797,1.2981224517169905,0.0,1.897422845972793,-0.3158496776444927
2022-09-20,0.0,0.0,106303.76917434254,106303.76917434254,81000.0,25303.76917434254,0.3123922120289202,0.0033196644845510104,1.3024317827165537,0.0,1.897422845972793,-0.31357852811727494
2022-09-21,0.0,0.0,106201.61634449329,106201.61634449329,81000.0,25201.61634449329,0.3111310659813986,-0.0009609520964558582,1.3011802081644614,0.0,1.897422845972793,-0.314238146269733
2022-09-22,0.0,0.0,105130.99606751409,105130.99606751409,81000.0,24130.99606751409,0.29791353169770485,-0.01008101678515283,1.2880629886454469,0.0,1.897422845972793,-0.32115132302780536
2022-09-23,0.0,0.0,104169.27582800042,104169.27582800042,81000.0,23169.27582800042,0.2860404423209928,-0.009147827714826029,1.2762800103394745,0.0,1.897422845972793,-0.32736131376918454
2022-09-26,0.0,0.0,103019.20814117236,103019.20814117236,81000.0,22019.208141172363,0.27184207581694286,-0.011040373254845304,1.2621894026476288,0.0,1.897422845972793,-0.3347874959308216
2022-09-27,0.0,0.0,104314.5464977674,104314.5464977674,81000.0,23314.5464977674,0.2878339073798444,0.01257375570990571,1.278059863856152,0.0,1.897422845972793,-0.326423276409481
2022-09-28,0.0,0.0,101991.17624701944,101991.17624701944,81000.0,20991.176247019437,0.259150324037277,-0.022272734999597477,1.2495939751948624,0.0,1.897422845972793,-0.3414256722759097
2022-09-29,0.0,0.0,101515.96026708832,101515.96026708832,81000.0,20515.960267088318,0.25328346008751,-0.0046593832664519885,1.2437716379369803,0.0,1.897422845972793,-0.34449422247822215
2022-09-30,0.0,0.0,100674.76523566642,100674.76523566642,81000.0,19674.76523566642,0.24289833624279522,-0.008286332801351826,1.233465332216152,0.0,1.897422845972793,-0.3499259615039765
2022-10-10,1000.0,0.0,100211.2517349958,100211.2517349958,82000.0,18211.251734995807,0.22208843579263182,-0.014537044086914142,1.2155343923020456,0.0,1.897422845972793,-0.3593761164613515
2022-10-11,0.0,0.0,100703.15287383899,100703.15287383899,82000.0,18703.15287383899,0.2280872301687682,0.00490864179746997,1.2215010152263617,0.0,1.897422845972793,-0.35623152329015617
2022-10-12,0.0,0.0,101900.03278324759,101900.03278324759,82000.0,19900.03278324759,0.2426833266249706,0.011885227773434703,1.2360188330178088,0.0,1.897422845972793,-0.3485801883111025
2022-10-13,0.0,0.0,100798.04329378142,100798.04329378142,82000.0,18798.04329378142,0.22924443041196851,-0.01081441741839495,1.2226520094205569,0.0,1.897422845972793,-0.3556249140693185
2022-10-14,0.0,0.0,102473.30909394575,102473.30909394575,82000.0,20473.309093945747,0.2496745011456798,0.01662002302248733,1.242972513965617,0.0,1.897422845972793,-0.3449153853060333
2022-10-17,0.0,0.0,102598.16911326136,102598.16911326136,82000.0,20598.169113261363,0.25119718430806537,0.0012184638167695994,1.2444870309991232,0.0,1.897422845972793,-0.3441171884061063
2022-10-18,0.0,0.0,102585.48492926604,102585.48492926604,82000.0,20585.484929266036,0.25104249913739074,-0.0001236297304810785,1.2443331754028935,0.0,1.897422845972793,-0.3441982750213308
2022-10-19,0.0,0.0,100491.64190575565,100491.64190575565,82000.0,18491.64190575565,0.2255078281189713,-0.020410714293100263,1.2189354464743187,0.0,1.897422845972793,-0.3575836566627928
2022-10-20,0.0,0.0,99606.44742468625,99606.44742468625,82000.0,17606.447424686252,0.21471277347178352,-0.00880863785566921,1.208198285556888,0.0,1.897422845972793,-0.36324246958381345
2022-10-21,0.0,0.0,99178.76197459473,99178.76197459473,82000.0,17178.76197459473,0.20949709725115517,-0.004293752675145868,1.2030105809361715,0.0,1.897422845972793,-0.3659765489334572
2022-10-24,0.0,0.0,96986.27525848828,96986.27525848828,82000.0,14986.275258488284,0.1827594543718083,-0.02210641343423969,1.1764163316682317,0.0,1.897422845972793,-0.3799925334697376
2022-10-25,0.0,0.0,96603.60127854324,96603.60127854324,82000.0,14603.60127854324,0.17809269851882004,-0.003945650855496252,1.1717746035627652,0.0,1.897422845972793,-0.38243886646046676
2022-10-26,0.0,0.0,97037.40516686425,97037.40516686425,82000.0,15037.40516686425,0.18338298983980783,0.004490556072233698,1.1770365231240831,0.0,1.897422845972793,-0.3796656735622753
2022-10-27,0.0,0.0,96745.60379281339,96745.60379281339,82000.0,14745.603792813388,0.17982443649772417,-0.003007101988651506,1.1734970542546812,0.0,1.897422845972793,-0.38153108214893505
2022-10-28,0.0,0.0,94131.47740131679,94131.47740131679,82000.0,12131.477401316792,0.14794484635752192,-0.027020622012912443,1.1417884339183992,0.0,1.897422845972793,-0.39824249700492365
2022-10-31,0.0,0.0,92931.03825542738,92931.03825542738,82000.0,10931.038255427382,0.13330534457838272,-0.012752791935597751,1.1272274435861658,0.0,1.897422845972793,-0.4059165852363048
2022-11-01,1000.0,1.4551915228366852e-11,96391.42687658267,96391.42687658269,83000.0,13391.426876582686,0.16134249248894794,0.026475423791056274,1.1570712678640185,1.5096690338445535e-16,1.897422845972793,-0.39018797506319813
2022-11-02,0.0,1.4551915228366852e-11,97303.52172575309,97303.5217257531,83000.0,14303.521725753104,0.17233158705726637,0.009462406343857088,1.1680199463693497,1.495517836382219e-16,1.897422845972793,-0.3844176858898758
2022-11-03,0.0,1.4551915228366852e-11,97502.26274212211,97502.26274212213,83000.0,14502.262742122126,0.17472605713400147,0.0020424853370586415,1.1704056099832012,1.4924694893342462e-16,1.897422845972793,-0.3831603680395532
2022-11-04,0.0,1.4551915228366852e-11,100294.86659032627,100294.86659032629,83000.0,17294.866590326288,0.20837188663043715,0.02864142605172315,1.203927695712057,1.450913264365459e-16,1.897422845972793,-0.365493201334986
2022-11-07,0.0,1.4551915228366852e-11,101581.04795401148,101581.04795401149,83000.0,18581.04795401149,0.22386804763869272,0.012823999945469344,1.2193668644162174,1.4325423414567351e-16,1.897422845972793,-0.3573562861835059
2022-11-08,0.0,1.4551915228366852e-11,101673.1933836097,101673.19338360972,83000.0,18673.193383609716,0.22497823353746638,0.0009071124137245423,1.2204729672358137,1.431244042218969e-16,1.897422845972793,-0.3567733360931009
2022-11-09,0.0,1.4551915228366852e-11,101648.5864629808,101648.58646298082,83000.0,18648.58646298082,0.22468176461422673,-0.00024201974788040648,1.2201775886759885,1.431590515394573e-16,1.897422845972793,-0.35692900964812957
2022-11-10,0.0,1.4551915228366852e-11,100371.56621362525,100371.56621362526,83000.0,17371.566213625265,0.20929597847741288,-0.012563089107202052,1.2048483889028412,1.4498045390061328e-16,1.897422845972793,-0.3650079678021768
2022-11-11,0.0,1.4551915228366852e-11,102404.20274353305,102404.20274353307,83000.0,19404.202743533067,0.23378557522329002,0.02025111898305587,1.2292479169830557,1.4210271491309296e-16,1.897422845972793,-0.3521486686048463
2022-11-14,0.0,1.4551915228366852e-11,101433.17661499677,101433.17661499679,83000.0,18433.176614996788,0.22208646524092512,-0.009482287860471672,1.217591834382337,1.434630730692838e-16,1.897422845972793,-0.358291781419925
2022-11-15,0.0,1.4551915228366852e-11,102929.40493266084,102929.40493266085,83000.0,19929.40493266085,0.24011331244169698,0.014750877056164846,1.235552381835901,1.4137762904475258e-16,1.897422845972793,-0.3488260223817198
2022-11-16,0.0,1.4551915228366852e-11,102144.6772318999,102144.67723189991,83000.0,19144.677231899914,0.23065876183011946,-0.0076239409066274355,1.2261326034897415,1.424637643656117e-16,1.897422845972793,-0.353790534307015
2022-11-17,0.0,1.4551915228366852e-11,101572.98112906064,101572.98112906066,83000.0,18572.98112906066,0.22377085697663435,-0.005596925051134405,1.2192700312052571,1.4326561125420644e-16,1.897422845972793,-0.35740732025383226
2022-11-18,0.0,1.4551915228366852e-11,100373.69928136819,100373.6992813682,83000.0,17373.6992813682,0.20932167808877344,-0.011807095099125142,1.2048739939953033,1.4497737288305803e-16,1.897422845972793,-0.364994473133597
2022-11-21,0.0,1.4551915228366852e-11,100501.29067575707,100501.29067575709,83000.0,17501.29067575709,0.21085892380430238,0.0012711636145961158,1.2064055859766432,1.447933168869946e-16,1.897422845972793,-0.364187277212777
2022-11-22,0.0,1.4551915228366852e-11,100945.2630390034,100945.26303900342,83000.0,17945.263039003417,0.21620798842172784,0.004417578722234472,1.2117349776236384,1.4415649422543242e-16,1.897422845972793,-0.36137852445726626
2022-11-23,0.0,1.4551915228366852e-11,101662.22447474893,101662.22447474895,83000.0,18662.224474748946,0.22484607800902334,0.00710247726501545,1.2203412977534343,1.431398467183972e-16,1.897422845972793,-0.3568427299462733
2022-11-24,0.0,1.4551915228366852e-11,101868.96013784384,101868.96013784385,83000.0,18868.960137843853,0.22733686913064877,0.0020335543921357058,1.2228229281593854,1.4284935478555927e-16,1.897422845972793,-0.3555348346549215
2022-11-25,0.0,1.4551915228366852e-11,101895.41701666206,101895.41701666208,83000.0,18895.417016662075,0.22765562670677197,0.00025971482169273585,1.2231405133981341,1.428122643237949e-16,1.897422845972793,-0.3553674574994168
2022-11-28,0.0,1.4551915228366852e-11,101030.36893103676,101030.36893103678,83000.0,18030.368931036777,0.21723336061490084,-0.008489568137140524,1.2127565786683436,1.4403505977791662e-16,1.897422845972793,-0.36084010939239364
2022-11-29,0.0,1.4551915228366852e-11,102958.3006981825,102958.30069818252,83000.0,19958.300698182516,0.24046145419497011,0.019082695505761693,1.2358992431816809,1.4133795070127582e-16,1.897422845972793,-0.3486432158204328
2022-11-30,0.0,1.4551915228366852e-11,102831.10052171738,102831.1005217174,83000.0,19831.100521717395,0.23892892194840232,-0.0012354533398720724,1.2343723473339467,1.41512783141843e-16,1.897422845972793,-0.3494479367348957
2022-12-01,1000.0,1.4551915228366852e-11,104364.33722797583,104364.33722797585,84000.0,20364.337227975848,0.24243258604733153,0.005185558683638014,1.2407732575785069,1.3943379141650003e-16,1.897422845972793,-0.3460744608340728
2022-12-02,0.0,1.4551915228366852e-11,103976.58141008206,103976.58141008207,84000.0,19976.58141008207,0.23781644535811997,-0.0037154053596560876,1.2361632819671817,1.3995377642754303e-16,1.897422845972793,-0.3485040592871058
2022-12-05,0.0,1.4551915228366852e-11,106745.70947544488,106745.70947544489,84000.0,22745.70947544489,0.2707822556600583,0.026632228409601444,1.2690850648440943,1.3632318619526608e-16,1.897422845972793,-0.3311532705861119
2022-12-06,0.0,1.4551915228366852e-11,106319.74150399548,106319.7415039955,84000.0,22319.741503995494,0.2657112083808988,-0.003990492672189205,1.2640207901924492,1.3686936238290224e-16,1.897422845972793,-0.33382229855865575
2022-12-07,0.0,1.4551915228366852e-11,106323.5589688607,106323.55896886071,84000.0,22323.558968860714,0.2657566543911989,3.590551304233358e-05,1.2640661755074172,1.3686444819467257e-16,1.897422845972793,-0.3337983791065081
2022-12-08,0.0,1.4551915228366852e-11,106541.57584129582,106541.57584129584,84000.0,22541.57584129584,0.26835209334876,0.002050503901011913,1.2666581481314323,1.3658438138781954e-16,1.897422845972793,-0.3324323300840055
2022-12-09,0.0,1.4551915228366852e-11,107458.8808953607,107458.88089536071,84000.0,23458.880895360708,0.279272391611437,0.008609831859736072,1.2775638618106087,1.3541845129149393e-16,1.897422845972793,-0.32668468469103307
2022-12-12,0.0,1.4551915228366852e-11,106070.00738294364,106070.00738294366,84000.0,22070.00738294366,0.26273818313028174,-0.012924697343251523,1.261051735560031,1.3719161134617624e-16,1.897422845972793,-0.33538708135797735
2022-12-13,0.0,1.4551915228366852e-11,106354.54595602254,106354.54595602256,84000.0,22354.545956022557,0.2661255470955066,0.0026825544760418207,1.264434575537778,1.3682457197818368e-16,1.897422845972793,-0.33360422099823894
2022-12-14,0.0,1.4551915228366852e-11,106316.04487046911,106316.04487046912,84000.0,22316.044870469123,0.26566720083891804,-0.00036200695708255015,1.2639768414246575,1.3687412136236142e-16,1.897422845972793,-0.3338454609064081
2022-12-15,0.0,1.4551915228366852e-11,105413.6718028126,105413.67180281262,84000.0,21413.67180281262,0.2549246643191978,-0.008487647078631588,1.2532486520790815,1.3804580543961834e-16,1.897422845972793,-0.3394995455340629
2022-12-16,0.0,1.4551915228366852e-11,105789.54203527623,105789.54203527624,84000.0,21789.542035276245,0.2593993099437648,0.003565668722428361,1.2577173215992254,1.3755532870644639e-16,1.897422845972793,-0.33714441972242404
2022-12-19,0.0,1.4551915228366852e-11,103824.23721991517,103824.23721991519,84000.0,19824.237219915187,0.23600282404660944,-0.018577496201899746,1.2343520828341523,1.4015913449519238e-16,1.897422845972793,-0.3494586167474387
2022-12-20,0.0,1.4551915228366852e-11,102559.70122602808,102559.70122602809,84000.0,18559.70122602809,0.220948824119382,-0.012179583763361701,1.2193181882477937,1.4188726229122241e-16,1.897422845972793,-0.35738194001629653
2022-12-21,0.0,1.4551915228366852e-11,102433.5539715999,102433.55397159992,84000.0,18433.55397159992,0.21944707109047523,-0.0012299885132286414,1.217818440882278,1.420619969155949e-16,1.897422845972793,-0.3581723528484698
2022-12-22,0.0,1.4551915228366852e-11,102111.35637477678,102111.35637477679,84000.0,18111.35637477679,0.21561138541400937,-0.0031454302260415234,1.2139878779484963,1.4251025297281643e-16,1.897422845972793,-0.36019117692972935
2022-12-23,0.0,1.4551915228366852e-11,101788.796693128,101788.79669312801,84000.0,17788.79669312801,0.21177138920390481,-0.003158901155566829,1.2101530102380007,1.4296185534286096e-16,1.897422845972793,-0.36221226976026777
2022-12-26,0.0,1.4551915228366852e-11,101953.81802362841,101953.81802362842,84000.0,17953.818023628424,0.21373592885271941,0.001621213098705887,1.212114926149637,1.4273045885338357e-16,1.897422845972793,-0.36117827993780927
2022-12-27,0.0,1.4551915228366852e-11,103297.39953954233,103297.39953954234,84000.0,19297.39953954234,0.22973094689931362,0.0131783344847618,1.228088582080409,1.4087397449726085e-16,1.897422845972793,-0.35275967363469884
2022-12-28,0.0,1.4551915228366852e-11,102881.90424382465,102881.90424382467,84000.0,18881.90424382467,0.224784574331246,-0.0040223209642235025,1.2231488156307835,1.41442903252253e-16,1.897422845972793,-0.3553630819683289
2022-12-29,0.0,1.4551915228366852e-11,101971.7275236621,101971.72752366212,84000.0,17971.72752366212,0.21394913718645392,-0.008846810591738974,1.212327849733388,1.4270539081521532e-16,1.897422845972793,-0.36106606268259755
2022-12-30,0.0,1.4551915228366852e-11,102737.75262349095,102737.75262349096,84000.0,18737.75262349096,0.2230684836129877,0.007512132219698708,1.2214350168342083,1.4164136217478013e-16,1.897422845972793,-0.3562663064658165
2023-01-03,1000.0,0.0,104520.90525692009,104520.90525692009,85000.0,19520.905256920087,0.2296577089049423,0.007622832049861916,1.2307458108273557,0.0,1.897422845972793,-0.3513592326351681
2023-01-04,0.0,0.0,106021.96288620704,106021.96288620704,85000.0,21021.96288620704,0.2473172104259651,0.014361314854643092,1.2484209389226804,0.0,1.897422845972793,-0.3420438983474845
2023-01-05,0.0,0.0,107356.93187941916,107356.93187941916,85000.0,22356.931879419164,0.2630227279931667,0.012591438197054883,1.2641403540190346,0.0,1.897422845972793,-0.33375928475715166
2023-01-06,0.0,0.0,106951.3631991727,106951.3631991727,85000.0,21951.3631991727,0.25825133175497306,-0.003777759601978792,1.2593647356583904,0.0,1.897422845972793,-0.33627618201638954
2023-01-09,0.0,0.0,107349.5175909312,107349.5175909312,85000.0,22349.517590931195,0.2629355010697787,0.0037227612612755756,1.264053049910116,0.0,1.897422845972793,-0.33380529669861425
2023-01-10,0.0,0.0,106898.067570218,106898.067570218,85000.0,21898.067570218,0.25762432435550586,-0.0042054219790116365,1.2587371734313872,0.0,1.897422845972793,-0.33660692654617896
2023-01-11,0.0,0.0,107213.55725496114,107213.55725496114,85000.0,22213.55725496114,0.2613359677054252,0.0029513132642542406,1.2624521011475451,0.0,1.897422845972793,-0.3346490457690804
2023-01-12,0.0,0.0,106973.44001898383,106973.44001898383,85000.0,21973.440018983834,0.25851105904686866,-0.0022396163519348145,1.2596246927782806,0.0,1.897422845972793,-0.3361391766459514
2023-01-13,0.0,0.0,108483.82720039111,108483.82720039111,85000.0,23483.82720039111,0.27628032000460134,0.014119272794623106,1.2774096774344605,0.0,1.897422845972793,-0.3267659445833524
2023-01-16,0.0,0.0,109933.87701800016,109933.87701800016,85000.0,24933.87701800016,0.2933397296235314,0.013366506833599523,1.2944841826171944,0.0,1.897422845972793,-0.3177671569810139
2023-01-17,0.0,0.0,109807.6946539931,109807.6946539931,85000.0,24807.694653993094,0.29185523122344814,-0.001147802364746986,1.2929983706112589,0.0,1.897422845972793,-0.3185502254515391
2023-01-18,0.0,0.0,109598.42821101673,109598.42821101673,85000.0,24598.428211016726,0.2893932730707851,-0.001905753905823926,1.2905342339162424,0.0,1.897422845972793,-0.3198489010210077
2023-01-19,0.0,0.0,109733.13877067206,109733.13877067206,85000.0,24733.138770672056,0.2909781031843772,0.001229128572865612,1.2921204664174102,0.0,1.897422845972793,-0.3190129078713867
2023-01-20,0.0,0.0,110268.53917285342,110268.53917285342,85000.0,25268.539172853416,0.2972769314453343,0.004879113166536442,1.2984248683978585,0.0,1.897422845972793,-0.3156902947839406
2023-01-30,0.0,0.0,110402.42924039935,110402.42924039935,85000.0,25402.429240399346,0.29885210871058043,0.001214218203580808,1.3000014395090493,0.0,1.897422845972793,-0.3148593934829802
2023-01-31,0.0,0.0,109812.41012800865,109812.41012800865,85000.0,24812.410128008647,0.29191070738833713,-0.005344258423027437,1.2930538958660054,0.0,1.897422845972793,-0.31852096194031687
2023-02-01,1000.0,1.4551915228366852e-11,111517.77830433013,111517.77830433015,86000.0,25517.778304330146,0.296718352375932,0.006423392178527498,1.3013596881471257,1.3048964433863557e-16,1.897422845972793,-0.31414355481741385
2023-02-02,0.0,1.4551915228366852e-11,111356.06685875567,111356.06685875569,86000.0,25356.066858755687,0.2948379867297173,-0.0014500956532074172,1.2994725921200843,1.3067914159382566e-16,1.897422845972793,-0.31513811226729727
2023-02-03,0.0,1.4551915228366852e-11,111011.8942709668,111011.89427096682,86000.0,25011.89427096682,0.2908359798949629,-0.003090739440585799,1.2954562609276585,1.3108428897580433e-16,1.897422845972793,-0.3172548419150668
2023-02-06,0.0,1.4551915228366852e-11,109932.50462569078,109932.5046256908,86000.0,23932.504625690795,0.2782849375080325,-0.009723189144411504,1.2828602946743468,1.3237136075371584e-16,1.897422845972793,-0.3238933022245577
2023-02-07,0.0,1.4551915228366852e-11,110584.18445470805,110584.18445470807,86000.0,24584.18445470807,0.285862609938466,0.005927999468730238,1.2904650898196315,1.315912876703167e-16,1.897422845972793,-0.31988534207933994
2023-02-08,0.0,1.4551915228366852e-11,109779.10330780536,109779.10330780537,86000.0,23779.103307805373,0.2765012012535508,-0.007280255769598121,1.2810701739040071,1.3255633166874482e-16,1.897422845972793,-0.3248367507416551
2023-02-09,0.0,1.4551915228366852e-11,111225.31783507587,111225.31783507588,86000.0,25225.317835075883,0.2933176492450684,0.013173859903150564,1.2979468129011233,1.3083275922793342e-16,1.897422845972793,-0.31594224468416965
2023-02-10,0.0,1.4551915228366852e-11,111009.9882923824,111009.98829238242,86000.0,25009.98829238242,0.29081381735328393,-0.001935975970981274,1.295434019059735,1.310865396187544e-16,1.897422845972793,-0.31726656406122444
2023-02-13,0.0,1.4551915228366852e-11,112188.8268255555,112188.82682555552,86000.0,26188.826825555516,0.3045212421576222,0.01061921139986266,1.309190506762704,1.297091309368436e-16,1.897422845972793,-0.3100164733752361
2023-02-14,0.0,1.4551915228366852e-11,112198.15400644418,112198.1540064442,86000.0,26198.154006444194,0.304629697749351,8.313823357108951e-05,1.3092993505488444,1.2969834804529004e-16,1.897422845972793,-0.30995910936363935
2023-02-15,0.0,1.4551915228366852e-11,112026.60258706355,112026.60258706356,86000.0,26026.602587063564,0.3026349138030646,-0.0015290039386099963,1.3072974266850357,1.2989696101028825e-16,1.897422845972793,-0.3110141846032243
2023-02-16,0.0,1.4551915228366852e-11,111118.54568071949,111118.5456807195,86000.0,25118.5456807195,0.2920761125665059,-0.008105725652425733,1.2967008323982046,1.3095847447625295e-16,1.897422845972793,-0.31659891460124345
2023-02-17,0.0,1.4551915228366852e-11,109815.37725938416,109815.37725938417,86000.0,23815.37725938417,0.2769229913881881,-0.011727731076320635,1.2814934737493973,1.3251254597974194e-16,1.897422845972793,-0.3246136587480657
2023-02-20,0.0,1.4551915228366852e-11,113106.83568931968,113106.83568931969,86000.0,27106.83568931969,0.3151957638292988,0.0299726551242554,1.319903235682072,1.286563728857012e-16,1.897422845972793,-0.30437053686608884
2023-02-21,0.0,1.4551915228366852e-11,113068.15994947213,113068.15994947214,86000.0,27068.159949472145,0.3147460459240947,-0.0003419398979013222,1.3194519081044231,1.2870038068073103e-16,1.897422845972793,-0.30460840033368997
2023-02-22,0.0,1.4551915228366852e-11,112367.68132831031,112367.68132831033,86000.0,26367.681328310326,0.306600945678027,-0.006195189003472268,1.311277654152724,1.2950267422400383e-16,1.897422845972793,-0.3089164827250498
2023-02-23,0.0,1.4551915228366852e-11,111773.61934284255,111773.61934284256,86000.0,25773.61934284256,0.299693248172588,-0.005286769099845157,1.304345231969432,1.3019096378843964e-16,1.897422845972793,-0.3125700817095912
2023-02-24,0.0,1.4551915228366852e-11,111038.9915580386,111038.99155803862,86000.0,25038.991558038615,0.29115106462835594,-0.006572461275953012,1.295772473441839,1.3105229995501857e-16,1.897422845972793,-0.3170881882274865
2023-02-27,0.0,1.4551915228366852e-11,109885.5125848405,109885.51258484052,86000.0,23885.512584840515,0.27773851842837805,-0.01038805339469595,1.2823119198003479,1.3242796876550579e-16,1.897422845972793,-0.3241823125920479
2023-02-28,0.0,1.4551915228366852e-11,110951.6879667223,110951.68796672231,86000.0,24951.68796672231,0.2901359065897944,0.009702601888111673,1.2947536818545509,1.311554199403564e-16,1.897422845972793,-0.31762512262218423
2023-03-01,1000.0,-1.4551915228366852e-11,114155.37496492712,114155.3749649271,87000.0,27155.374964927105,0.3121307467233001,0.01986168068813643,1.320469666053335,-1.2747463912967528e-16,1.897422845972793,-0.30407201069809975
2023-03-02,0.0,-1.4551915228366852e-11,114544.28265333422,114544.2826533342,87000.0,27544.2826533342,0.3166009500383242,0.003406827655084932,1.3249682786293464,-1.2704182951154278e-16,1.897422845972793,-0.3017011039781984
2023-03-03,0.0,-1.4551915228366852e-11,114601.175859239,114601.17585923898,87000.0,27601.17585923898,0.31725489493378145,0.0004966917997728526,1.3256263795083008,-1.2697876020260482e-16,1.897422845972793,-0.30135426464275383
2023-03-06,0.0,-1.4551915228366852e-11,113655.63293105763,113655.63293105761,87000.0,26655.63293105761,0.3063865854144554,-0.008250726234630856,1.314688999161573,-1.2803514311687394e-16,1.897422845972793,-0.30711859934017893
2023-03-07,0.0,-1.4551915228366852e-11,111616.98634228826,111616.98634228825,87000.0,24616.986342288248,0.2829538660033133,-0.01793704839958077,1.2911073589532154,-1.3037366179858575e-16,1.897422845972793,-0.31954684655898336
2023-03-08,0.0,-1.4551915228366852e-11,111855.58018663665,111855.58018663664,87000.0,24855.58018663664,0.2856963239843291,0.0021376123130283364,1.2938672459411553,-1.3009556791074932e-16,1.897422845972793,-0.3180923015197489
2023-03-09,0.0,-1.4551915228366852e-11,111646.768195548,111646.76819554798,87000.0,24646.76819554798,0.28329618615572394,-0.001866799946325881,1.2914518546358795,-1.3033888453340043e-16,1.897422845972793,-0.319365286774671
2023-03-10,0.0,-1.4551915228366852e-11,109401.25461307238,109401.25461307236,87000.0,22401.254613072364,0.2574856852077283,-0.020112660838893515,1.265477321493828,-1.3301415308109312e-16,1.897422845972793,-0.33305466191694966
2023-03-13,0.0,-1.4551915228366852e-11,111029.44162538208,111029.44162538207,87000.0,24029.441625382067,0.2762004784526675,0.014882708777593345,1.2843110519342695,-1.3106357210608712e-16,1.897422845972793,-0.3231287086796861
2023-03-14,0.0,-1.4551915228366852e-11,109669.31545330546,109669.31545330545,87000.0,22669.315453305448,0.2605668442908673,-0.01225013971218325,1.2685780621141738,-1.3268903127751085e-16,1.897422845972793,-0.33142047656552576
2023-03-15,0.0,-1.4551915228366852e-11,110553.46308942148,110553.46308942146,87000.0,23553.463089421464,0.2707294607979478,0.008061941778896742,1.278805264592924,-1.3162785517262808e-16,1.897422845972793,-0.32603042737303445
2023-03-16,0.0,-1.4551915228366852e-11,108782.87081456726,108782.87081456724,87000.0,21782.870814567243,0.2503778254547959,-0.016015710637866443,1.2583242895130236,-1.3377028128971008e-16,1.897422845972793,-0.3368245290269545
2023-03-17,0.0,-1.4551915228366852e-11,109981.26012725668,109981.26012725667,87000.0,22981.260127256668,0.26415241525582367,0.011016342037269977,1.2721864202801036,-1.3231267955585507e-16,1.897422845972793,-0.32951876120798784
2023-03-20,0.0,-1.4551915228366852e-11,109291.2742973255,109291.27429732548,87000.0,22291.27429732548,0.25622154364741934,-0.006273667251428305,1.2642051459974806,-1.331480058396845e-16,1.897422845972793,-0.3337251373984943
2023-03-21,0.0,-1.4551915228366852e-11,110582.53854501396,110582.53854501394,87000.0,23582.538545013944,0.27106366143694194,0.011814888754756447,1.2791415891606315,-1.3159324627407898e-16,1.897422845972793,-0.32585317401676683
2023-03-22,0.0,-1.4551915228366852e-11,111065.12590745804,111065.12590745803,87000.0,24065.12590745803,0.2766106426144601,0.0043640467002630245,1.284723822791977,-1.3102146249302266e-16,1.897422845972793,-0.32291116578534196
2023-03-23,0.0,-1.4551915228366852e-11,111257.78111830306,111257.78111830304,87000.0,24257.781118303043,0.27882507032532233,0.0017346147971375458,1.2869523237452272,-1.3079458427175942e-16,1.897422845972793,-0.3217366774745366
2023-03-24,0.0,-1.4551915228366852e-11,111405.24633985813,111405.24633985812,87000.0,24405.246339858117,0.28052007287193237,0.0013254373768094574,1.2886580984572908,-1.3062145371479267e-16,1.897422845972793,-0.3208376819155424
2023-03-27,0.0,-1.4551915228366852e-11,110957.62995336327,110957.62995336326,87000.0,23957.629953363255,0.2753750569352098,-0.0040179111953968505,1.2834803846564604,-1.3114839632464378e-16,1.897422845972793,-0.3235664957968657
2023-03-28,0.0,-1.4551915228366852e-11,110200.95309821564,110200.95309821563,87000.0,23200.95309821563,0.26667762181857046,-0.006819511695281055,1.2747276751626317,-1.3204890537922649e-16,1.897422845972793,-0.32817944198985893
2023-03-29,0.0,-1.4551915228366852e-11,109813.79670066555,109813.79670066554,87000.0,22813.796700665538,0.2622275482835119,-0.0035131855638765863,1.2702493202963765,-1.3251445324336608e-16,1.897422845972793,-0.33053967227577563
2023-03-30,0.0,-1.4551915228366852e-11,110783.2330187993,110783.23301879929,87000.0,23783.233018799292,0.27337049446895745,0.008828001100592786,1.2814630826939801,-1.3135485246126978e-16,1.897422845972793,-0.324629675765823
2023-03-31,0.0,-1.4551915228366852e-11,111495.396673815,111495.39667381499,87000.0,24495.39667381499,0.28155628360706886,0.006428442604620832,1.2897008945710189,-1.3051583888202273e-16,1.897422845972793,-0.3202880963996194
2023-04-03,1000.0,0.0,113978.01988211663,113978.01988211663,88000.0,25978.019882116627,0.29520477138768886,0.013297618130720945,1.3068508445698734,0.0,1.897422845972793,-0.3112495470666362
2023-04-04,0.0,0.0,114617.02895364529,114617.02895364529,88000.0,26617.02895364529,0.3024662381096055,0.005606423696336904,1.3141776041124478,0.0,1.897422845972793,-0.3073881202064479
2023-04-06,0.0,0.0,114394.35335739043,114394.35335739043,88000.0,26394.353357390428,0.2999358336067095,-0.0019427793434160234,1.3116244470095981,0.0,1.897422845972793,-0.3087337122595153
2023-04-07,0.0,0.0,115874.79665633645,115874.79665633645,88000.0,27874.796656336446,0.31675905291291406,0.01294157670808116,1.3285989354027674,0.0,1.897422845972793,-0.2997876365710114
2023-04-10,0.0,0.0,113283.41156309634,113283.41156309634,88000.0,25283.411563096335,0.2873114950351856,-0.02236366464508832,1.2988865943635985,0.0,1.897422845972793,-0.315446951047082
2023-04-11,0.0,0.0,114584.06736835637,114584.06736835637,88000.0,26584.067368356365,0.3020916746404132,0.011481432164810679,1.3137996726865662,0.0,1.897422845972793,-0.3075873016523146
2023-04-12,0.0,0.0,117265.0413245628,117265.0413245628,88000.0,29265.0413245628,0.33255728777912275,0.023397441003624397,1.344539223018831,0.0,1.897422845972793,-0.29138661639256436
2023-04-13,0.0,0.0,115059.65407661216,115059.65407661216,88000.0,27059.65407661216,0.3074960690524109,-0.01880686028026568,1.319252661710179,0.0,1.897422845972793,-0.3047134092907957
2023-04-14,0.0,0.0,115519.1655424698,115519.1655424698,88000.0,27519.165542469796,0.31271779025533863,0.003993680230879759,1.3245213349847864,0.0,1.897422845972793,-0.30193665697868455
2023-04-17,0.0,0.0,114925.45605900661,114925.45605900661,88000.0,26925.45605900661,0.30597109157962055,-0.00513948902483119,1.3177139721204774,0.0,1.897422845972793,-0.30552434586877963
2023-04-18,0.0,0.0,115468.33607592934,115468.33607592934,88000.0,27468.336075929343,0.3121401826810153,0.00472375777777212,1.3239385337451604,0.0,1.897422845972793,-0.3022438110961039
2023-04-19,0.0,0.0,115143.54863005537,115143.54863005537,88000.0,27143.548630055375,0.30844941625062927,-0.002812783633258542,1.3202145811060018,0.0,1.897422845972793,-0.3042064482842576
2023-04-20,0.0,0.0,117369.94152670854,117369.94152670854,88000.0,29369.941526708542,0.3337493355307788,0.019335802336667207,1.3457419892882534,0.0,1.897422845972793,-0.2907527217011543
2023-04-21,0.0,0.0,112949.90274585078,112949.90274585078,88000.0,24949.902745850777,0.28352162211194054,-0.03765903538302395,1.295062644097226,0.0,1.897422845972793,-0.317462290049924
2023-04-24,0.0,0.0,113166.33236805072,113166.33236805072,88000.0,25166.332368050716,0.28598104963693993,0.0019161558968929793,1.2975441860195587,0.0,1.897422845972793,-0.3161544413921513
2023-04-25,0.0,0.0,111991.81190190294,111991.81190190294,88000.0,23991.81190190294,0.27263422615798794,-0.01037870929958118,1.2840773521095,0.0,1.897422845972793,-0.323251875650752
2023-04-26,0.0,0.0,110331.68584042859,110331.68584042859,88000.0,22331.68584042859,0.2537691572775975,-0.014823637847099946,1.2650426544741658,0.0,1.897422845972793,-0.33328374475980926
2023-04-27,0.0,0.0,109065.06108381887,109065.06108381887,88000.0,21065.061083818873,0.23937569413430548,-0.01148015410950598,1.2505197698457038,0.0,1.897422845972793,-0.34093775011727945
2023-04-28,0.0,0.0,112682.18190714385,112682.18190714385,88000.0,24682.18190714385,0.2804793398539074,0.03316479895009761,1.291993006595759,0.0,1.897422845972793,-0.3190800831043199
2023-05-04,1000.0,0.0,114121.57480745221,114121.57480745221,89000.0,25121.574807452213,0.28226488547699113,0.0038994000015941666,1.2970310041277382,0.0,1.897422845972793,-0.31642490397929146
2023-05-05,0.0,0.0,113287.06708851286,113287.06708851286,89000.0,24287.067088512864,0.27288839425295364,-0.007312444823402986,1.2875465364758112,0.0,1.897422845972793,-0.32142350915159523
2023-05-08,0.0,0.0,114970.1133281089,114970.1133281089,89000.0,25970.1133281089,0.29179902615852704,0.01485647287771208,1.3066749366737562,0.0,1.897422845972793,-0.3113422559198529
2023-05-09,0.0,0.0,113316.29537109054,113316.29537109054,89000.0,24316.295371090542,0.27321680192236575,-0.014384764084719892,1.2878787259742879,0.0,1.897422845972793,-0.32124843510356116
2023-05-10,0.0,0.0,111969.92790397239,111969.92790397239,89000.0,22969.92790397239,0.2580890775727236,-0.011881499149871022,1.2725767959864873,0.0,1.897422845972793,-0.32931302124485196
2023-05-11,0.0,0.0,111862.7612194457,111862.7612194457,89000.0,22862.761219445703,0.2568849575218619,-0.0009571023803695011,1.2713588097058457,0.0,1.897422845972793,-0.3299549373487013
2023-05-12,0.0,0.0,109792.13906350132,109792.13906350132,89000.0,20792.139063501323,0.2336195400393406,-0.01851037944506262,1.2478254757273672,0.0,1.897422845972793,-0.3423577257036676
2023-05-15,0.0,0.0,110294.9614417202,110294.9614417202,89000.0,21294.961441720196,0.2392692296822494,0.004579766661874096,1.2535402252409407,0.0,1.897422845972793,-0.33934587754040624
2023-05-16,0.0,0.0,107800.77750643199,107800.77750643199,89000.0,18800.777506431987,0.21124469108350552,-0.02261376134218185,1.225192965754517,0.0,1.897422845972793,-0.354285752195436
2023-05-17,0.0,0.0,107872.21472296785,107872.21472296785,89000.0,18872.214722967852,0.21204735643784112,0.0006626781196601428,1.226004874325284,0.0,1.897422845972793,-0.3538578514918632
2023-05-18,0.0,0.0,110121.99537932212,110121.99537932212,89000.0,21121.99537932212,0.23732579077890015,0.02085597910575987,1.2515744063677718,0.0,1.897422845972793,-0.3403819243432268
2023-05-19,0.0,0.0,108940.6485193883,108940.6485193883,89000.0,19940.648519388298,0.22405223055492463,-0.010727619453902881,1.2381479924180139,0.0,1.897422845972793,-0.34745805604378843
2023-05-22,0.0,0.0,108331.22591568754,108331.22591568754,89000.0,19331.225915687537,0.21720478556952294,-0.005594079087865023,1.2312216946259462,0.0,1.897422845972793,-0.35110842728642866
2023-05-23,0.0,0.0,106407.81680941218,106407.81680941218,89000.0,17407.81680941218,0.19559344729676598,-0.017754890983808447,1.2093614876609626,0.0,1.897422845972793,-0.3626294264202701
2023-05-24,0.0,0.0,105705.9009292201,105705.9009292201,89000.0,16705.900929220094,0.187706752013709,-0.006596469143327011,1.201383971924479,0.0,1.897422845972793,-0.3668338217417535
2023-05-25,0.0,0.0,105526.74289763943,105526.74289763943,89000.0,16526.74289763943,0.18569374042291487,-0.0016948725662971897,1.1993477791888751,0.0,1.897422845972793,-0.3679069577271905
2023-05-26,0.0,0.0,106830.65365479697,106830.65365479697,89000.0,17830.653654796974,0.20034442308760636,0.0123562115285063,1.2141671740447773,0.0,1.897422845972793,-0.36009668239117054
2023-05-29,0.0,0.0,107193.1730202622,107193.1730202622,89000.0,18193.1730202622,0.2044176743849686,0.0033934021094417233,1.2182873314943956,0.0,1.897422845972793,-0.3579252331233581
2023-05-30,0.0,0.0,109280.13664552801,109280.13664552801,89000.0,20280.136645528008,0.2278667038823372,0.019469184151040375,1.2420063919001396,0.0,1.897422845972793,-0.34542456124830034
2023-05-31,0.0,0.0,109708.03808197335,109708.03808197335,89000.0,20708.038081973355,0.23267458519071194,0.003915637823855622,1.2468696391057343,0.0,1.897422845972793,-0.3428614809017573
2023-06-01,1000.0,0.0,111937.59219590013,111937.59219590013,90000.0,21937.592195900128,0.2437510243988903,0.011207511641107448,1.2608439451009552,0.0,1.897422845972793,-0.3354965932991437
2023-06-02,0.0,0.0,112302.23038194049,112302.23038194049,90000.0,22302.23038194049,0.24780255979933874,0.00325751321684864,1.2649511609165052,0.0,1.897422845972793,-0.3333319646691747
2023-06-05,0.0,0.0,113530.46768277416,113530.46768277416,90000.0,23530.467682774164,0.2614496409197129,0.010936891428215079,1.2787857944254437,0.0,1.897422845972793,-0.3260406887480999
2023-06-06,0.0,0.0,110943.9515493999,110943.9515493999,90000.0,20943.951549399906,0.23271057277111007,-0.022782572697590542,1.2496517640993,0.0,1.897422845972793,-0.34139521575191445
2023-06-07,0.0,0.0,112136.58479206265,112136.58479206265,90000.0,22136.584792062655,0.24596205324514053,0.010749871678508827,1.2630853602061896,0.0,1.897422845972793,-0.3343152988343955
2023-06-08,0.0,0.0,111041.98224927878,111041.98224927878,90000.0,21041.98224927878,0.2337998027697643,-0.009761332974547288,1.250755963429941,0.0,1.897422845972793,-0.3408132688585349
2023-06-09,0.0,0.0,113331.67483828873,113331.67483828873,90000.0,23331.67483828873,0.25924083153654154,0.020620062274012696,1.276546629285459,0.0,1.897422845972793,-0.3272207974121951
2023-06-12,0.0,0.0,113837.03151691382,113837.03151691382,90000.0,23837.03151691382,0.26485590574348694,0.004459094770691285,1.2822388716846493,0.0,1.897422845972793,-0.3242208111881061
2023-06-13,0.0,0.0,115858.27747984735,115858.27747984735,90000.0,25858.277479847355,0.2873141942205262,0.017755610243870512,1.3050058053298224,0.0,1.897422845972793,-0.312221939300643
2023-06-14,0.0,0.0,116718.84786664124,116718.84786664124,90000.0,26718.84786664124,0.296876087407125,0.0074277850966977255,1.3146991080017552,0.0,1.897422845972793,-0.3071132716715447
2023-06-15,0.0,0.0,116458.60066368114,116458.60066368114,90000.0,26458.600663681136,0.2939844518186794,-0.002229693042013703,1.311767732548302,0.0,1.897422845972793,-0.30865819638860237
2023-06-16,0.0,0.0,118960.23757500065,118960.23757500065,90000.0,28960.237575000647,0.3217804175000072,0.02148091164639654,1.339945699311766,0.0,1.897422845972793,-0.29380754418776545
2023-06-19,0.0,0.0,120937.48485497822,120937.48485497822,90000.0,30937.48485497822,0.34374983172198026,0.016621077095033465,1.3622170400831854,0.0,1.897422845972793,-0.28206986493577924
2023-06-20,0.0,0.0,121790.20114451232,121790.20114451232,90000.0,31790.20114451232,0.35322445716124795,0.00705088493081063,1.3718218756836014,0.0,1.897422845972793,-0.27700782216508013
2023-06-21,0.0,0.0,116702.24789205416,116702.24789205416,90000.0,26702.24789205416,0.29669164324504615,-0.04177637613407792,1.314512129016087,0.0,1.897422845972793,-0.3072118153283079
2023-06-26,0.0,0.0,112137.23317351182,112137.23317351182,90000.0,22137.23317351182,0.24596925748346465,-0.03911676768012928,1.2630926634526527,0.0,1.897422845972793,-0.3343114497996489
2023-06-27,0.0,0.0,113438.86842074874,113438.86842074874,90000.0,23438.86842074874,0.2604318713416527,0.011607520628076129,1.277754037598851,0.0,1.897422845972793,-0.32658445622132426
2023-06-28,0.0,0.0,111234.10466009757,111234.10466009757,90000.0,21234.104660097568,0.2359344962233063,-0.01943569952120494,1.2529199940620732,0.0,1.897422845972793,-0.3396727583831155
2023-06-29,0.0,0.0,112805.61055360109,112805.61055360109,90000.0,22805.610553601087,0.25339567281778996,0.01412791426069937,1.2706211403136982,0.0,1.897422845972793,-0.330343711729548
2023-06-30,0.0,0.0,113662.50503163417,113662.50503163417,90000.0,23662.505031634166,0.262916722573713,0.007596204424831443,1.2802730382420335,0.0,1.897422845972793,-0.32525686566947176
2023-07-03,1000.0,0.0,113956.36938220868,113956.36938220868,91000.0,22956.36938220868,0.25226779540888655,-0.006212564550015509,1.2723192593503103,0.0,1.897422845972793,-0.32944875094618
2023-07-04,0.0,0.0,114559.18331120505,114559.18331120505,91000.0,23559.18331120505,0.2588921242989566,0.005289866044911884,1.279049657798635,0.0,1.897422845972793,-0.3259016246624369
2023-07-05,0.0,0.0,113116.7122218645,113116.7122218645,91000.0,22116.712221864494,0.2430407936468626,-0.012591492429044449,1.2629445137160915,0.0,1.897422845972793,-0.3343895292519311
2023-07-06,0.0,0.0,113179.28015898884,113179.28015898884,91000.0,22179.28015898884,0.2437283533954817,0.0005531272602905535,1.2636430827548624,0.0,1.897422845972793,-0.33402136195582544
2023-07-07,0.0,0.0,111984.46295439012,111984.46295439012,91000.0,20984.462954390125,0.2305984940042871,-0.010556854602011057,1.2503029864613822,0.0,1.897422845972793,-0.34105200160570315
2023-07-10,0.0,0.0,111855.0189403194,111855.0189403194,91000.0,20855.018940319394,0.2291760323112022,-0.0011559104777191243,1.248857748139008,0.0,1.897422845972793,-0.34181368650131916
2023-07-11,0.0,0.0,112573.51921543217,112573.51921543217,91000.0,21573.51921543217,0.23707163973002388,0.006423496074826396,1.2568797809821954,0.0,1.897422845972793,-0.337585829300056
2023-07-12,0.0,0.0,109764.34076034866,109764.34076034866,91000.0,18764.340760348656,0.2062015468170182,-0.024954167504593894,1.2255153923944284,0.0,1.897422845972793,-0.354115823473119
2023-07-13,0.0,0.0,111804.6891407091,111804.6891407091,91000.0,20804.689140709103,0.2286229575902099,0.01858844471917509,1.2482958175184504,0.0,1.897422845972793,-0.3421098411627591
2023-07-14,0.0,0.0,113607.8119088666,113607.8119088666,91000.0,22607.8119088666,0.24843749350402855,0.0161274342070592,1.2684276261864265,0.0,1.897422845972793,-0.3314997609106398
2023-07-17,0.0,0.0,113218.87312209574,113218.87312209574,91000.0,22218.87312209574,0.24416344090215092,-0.0034235215011697573,1.2640851369354995,0.0,1.897422845972793,-0.3337883858526993
2023-07-18,0.0,0.0,111803.88104909068,111803.88104909068,91000.0,20803.881049090676,0.22861407746253493,-0.012497846286450232,1.2482867952010932,0.0,1.897422845972793,-0.3421145962005602
2023-07-19,0.0,0.0,111836.7611029552,111836.7611029552,91000.0,20836.761102955206,0.2289753967357715,0.00029408687387233456,1.24865389996239,0.0,1.897422845972793,-0.34192112073879066
2023-07-20,0.0,0.0,109198.17463478597,109198.17463478597,91000.0,18198.174634785973,0.1999799410416041,-0.023593194600299516,1.2191941655121543,0.0,1.897422845972793,-0.35744730379954737
2023-07-21,0.0,0.0,108543.28568255603,108543.28568255603,91000.0,17543.28568255603,0.19278335914896738,-0.005997251826051375,1.2118823510767254,0.0,1.897422845972793,-0.36130085413016977
2023-07-24,0.0,0.0,108929.64893765759,108929.64893765759,91000.0,17929.648937657592,0.19702910920502847,0.003559531597666199,1.216196084598037,0.0,1.897422845972793,-0.3590273843390437
2023-07-25,0.0,0.0,110780.27381418418,110780.27381418418,91000.0,19780.273814184184,0.21736564630971622,0.016989175073773843,1.2368582528033114,0.0,1.897422845972793,-0.34813778835408493
2023-07-26,0.0,0.0,108708.70407451168,108708.70407451168,91000.0,17708.704074511683,0.1946011436759525,-0.01869980699945928,1.213729242190201,0.0,1.897422845972793,-0.36032748590210417
2023-07-27,0.0,0.0,107683.43736980157,107683.43736980157,91000.0,16683.43736980157,0.18333447659122615,-0.009431321193999032,1.2022821718645562,0.0,1.897422845972793,-0.36636044284153435
2023-07-28,0.0,0.0,108627.22003043618,108627.22003043618,91000.0,17627.220030436176,0.19370571462017772,0.008764418035742239,1.2128194754156973,0.0,1.897422845972793,-0.36080696087861497
2023-07-31,0.0,0.0,109783.26087428414,109783.26087428414,91000.0,18783.26087428414,0.2064094601569686,0.01064227588190203,1.225726634868015,0.0,1.897422845972793,-0.3540044922144937
2023-08-01,1000.0,0.0,110852.53811292537,110852.53811292537,92000.0,18852.538112925366,0.20491889253179751,0.0006310364448052219,1.2265001130459852,0.0,1.897422845972793,-0.35359684550590054
2023-08-02,0.0,0.0,110332.91091570373,110332.91091570373,92000.0,18332.91091570373,0.1992707708228667,-0.00468755344773697,1.2207508282124266,0.0,1.897422845972793,-0.35662689484137744
2023-08-03,0.0,0.0,110661.52060169923,110661.52060169923,92000.0,18661.52060169923,0.2028426152358611,0.002978346925393449,1.2243866476883045,0.0,1.897422845972793,-0.3547107065317475
2023-08-04,0.0,0.0,111609.40698277164,111609.40698277164,92000.0,19609.406982771645,0.21314572807360488,0.008565636690319067,1.2348742988808803,0.0,1.897422845972793,-0.3491833928837458
2023-08-07,0.0,0.0,111032.68790748988,111032.68790748988,92000.0,19032.687907489875,0.206877042472716,-0.005167298087792815,1.2284933352776086,0.0,1.897422845972793,-0.3525463562932014
2023-08-08,0.0,0.0,110530.79249064642,110530.79249064642,92000.0,18530.792490646418,0.20142165750702623,-0.004520249183390224,1.2229402392820197,0.0,1.897422845972793,-0.3554730080974501
2023-08-09,0.0,0.0,109495.57653322077,109495.57653322077,92000.0,17495.576533220767,0.19016931014370408,-0.009365860264805903,1.211486351888696,0.0,1.897422845972793,-0.361509557840505
2023-08-10,0.0,0.0,109320.7851664153,109320.7851664153,92000.0,17320.7851664153,0.18826940398277503,-0.001596332676986556,1.209552416637453,0.0,1.897422845972793,-0.3625288009972678
2023-08-11,0.0,0.0,106936.85266186744,106936.85266186744,92000.0,14936.852661867437,0.16235709415073307,-0.021806763470632595,1.1831759931825079,0.0,1.897422845972793,-0.37642998465326094
2023-08-14,0.0,0.0,107124.11136910487,107124.11136910487,92000.0,15124.111369104867,0.16439251488157458,0.0017511148175413105,1.185247870195929,0.0,1.897422845972793,-0.37533804195961273
2023-08-15,0.0,0.0,106807.83754889556,106807.83754889556,92000.0,14807.837548895564,0.16095475596625608,-0.0029524055431325857,1.1817485378139765,0.0,1.897422845972793,-0.3771822973871153
2023-08-16,0.0,0.0,105915.85889499863,105915.85889499863,92000.0,13915.85889499863,0.15125933581520257,-0.00835124719652336,1.1718794636505618,0.0,1.897422845972793,-0.3823836019800063
2023-08-17,0.0,0.0,106550.64897259443,106550.64897259443,92000.0,14550.648972594427,0.15815922796298287,0.005993343057578482,1.1789029392983508,0.0,1.897422845972793,-0.3786820150286865
2023-08-18,0.0,0.0,104807.56947036344,104807.56947036344,92000.0,12807.569470363436,0.1392127116343851,-0.01635916363756096,1.1596170732015674,0.0,1.897422845972793,-0.38884625761579195
2023-08-21,0.0,0.0,103809.05577822756,103809.05577822756,92000.0,11809.055778227557,0.12835930193725598,-0.009527114283651383,1.1485692688199027,0.0,1.897422845972793,-0.39466878916436743
2023-08-22,0.0,0.0,105333.63423360875,105333.63423360875,92000.0,13333.634233608755,0.14493080688705162,0.014686372435929185,1.1654375848702547,0.0,1.897422845972793,-0.38577866955494333
2023-08-23,0.0,0.0,103616.09746759401,103616.09746759401,92000.0,11616.097467594009,0.12626192899558708,-0.016305682211681716,1.1464343299738105,0.0,1.897422845972793,-0.3957939673768168
2023-08-24,0.0,0.0,103490.75753366583,103490.75753366583,92000.0,11490.757533665834,0.12489953840941115,-0.0012096569644246546,1.1450475377023022,0.0,1.897422845972793,-0.39652484941212685
2023-08-25,0.0,0.0,102392.86518199314,102392.86518199314,92000.0,10392.86518199314,0.11296592589122989,-0.010608602911381215,1.1329001830601637,0.0,1.897422845972793,-0.4029268776515995
2023-08-28,0.0,0.0,103984.94141119273,103984.94141119273,92000.0,11984.941411192733,0.13027110229557315,0.015548702796526204,1.1505153113046964,0.0,1.897422845972793,-0.3936431651244102
2023-08-29,0.0,0.0,105416.37599320887,105416.37599320887,92000.0,13416.375993208872,0.14583017383922692,0.013765787262943752,1.1663530603228764,0.0,1.897422845972793,-0.38529618593008097
2023-08-30,0.0,0.0,105225.02614212155,105225.02614212155,92000.0,13225.026142121555,0.14375028415349522,-0.0018151814581411907,1.1642359178741322,0.0,1.897422845972793,-0.38641198489562933
2023-08-31,0.0,0.0,104596.97036777134,104596.97036777134,92000.0,12596.97036777134,0.13692359095403628,-0.0059686920248605,1.1572869522360607,0.0,1.897422845972793,-0.39007430278793276
2023-09-01,1000.0,1.4551915228366852e-11,106325.64739157534,106325.64739157536,93000.0,13325.64739157536,0.14328653109220824,0.006966521317414154,1.1653492164591785,1.3686175993620013e-16,1.897422845972793,-0.38582524241626615
2023-09-04,0.0,1.4551915228366852e-11,107809.25684055919,107809.2568405592,93000.0,14809.256840559203,0.15923932086622794,0.013953448536457191,1.1816098567780424,1.3497834652443534e-16,1.897422845972793,-0.3772553865439304
2023-09-05,0.0,1.4551915228366852e-11,106642.10561126561,106642.10561126562,93000.0,13642.105611265622,0.14668930764801735,-0.010826076196960521,1.1688176584334837,1.3645562552386056e-16,1.897422845972793,-0.3839972671804526
2023-09-06,0.0,1.4551915228366852e-11,106492.71169679465,106492.71169679466,93000.0,13492.711696794664,0.1450829214709104,-0.00140089051706771,1.167180272859603,1.366470530847122e-16,1.897422845972793,-0.3848602195673473
2023-09-07,0.0,1.4551915228366852e-11,105417.40045518984,105417.40045518985,93000.0,12417.400455189854,0.13352043500204136,-0.010097510190804737,1.1553946581598968,1.3804092270850945e-16,1.897422845972793,-0.3910715997690354
2023-09-08,0.0,1.4551915228366852e-11,105417.40045518984,105417.40045518985,93000.0,12417.400455189854,0.13352043500204136,0.0,1.1553946581598968,1.3804092270850945e-16,1.897422845972793,-0.3910715997690354
2023-09-11,0.0,1.4551915228366852e-11,105777.96693389381,105777.96693389383,93000.0,12777.966933893826,0.13739749391283684,0.0034203696652266302,1.1593465350000318,1.3757038114999037e-16,1.897422845972793,-0.3889888395405905
2023-09-12,0.0,1.4551915228366852e-11,105932.95861619289,105932.9586161929,93000.0,12932.958616192904,0.13906407114185915,0.0014652548804983123,1.1610452731686294,1.37369100405192e-16,1.897422845972793,-0.38809355245568833
2023-09-13,0.0,1.4551915228366852e-11,105336.02756348485,105336.02756348487,93000.0,12336.027563484866,0.1326454576718803,-0.005634988963829302,1.154502795867818,1.3814756038333202e-16,1.897422845972793,-0.39154163853449653
2023-09-14,0.0,1.4551915228366852e-11,105206.8193599096,105206.81935990961,93000.0,12206.819359909612,0.1312561221495656,-0.0012266287856487201,1.1530866495052947,1.383172242721753e-16,1.897422845972793,-0.3922879910755387
2023-09-15,0.0,1.4551915228366852e-11,104557.40921209622,104557.40921209623,93000.0,11557.40921209623,0.12427321733436814,-0.006172700132600406,1.1459689913909936,1.3917631794843042e-16,1.897422845972793,-0.3960392150736096
2023-09-18,0.0,1.4551915228366852e-11,104921.47680662789,104921.4768066279,93000.0,11921.476806627907,0.12818792265191292,0.00348198752508444,1.1499592411231507,1.3869338929708628e-16,1.897422845972793,-0.39393623115485565
2023-09-19,0.0,1.4551915228366852e-11,104801.01959874522,104801.01959874523,93000.0,11801.019598745232,0.12689268385747554,-0.0011480700762979135,1.148639007329455,1.3885280204412324e-16,1.897422845972793,-0.3946320348321951
2023-09-20,0.0,1.4551915228366852e-11,104765.16420659405,104765.16420659407,93000.0,11765.164206594069,0.1265071420063879,-0.00034212827593127493,1.14824602544621,1.389003237724218e-16,1.897422845972793,-0.394839148330422
2023-09-21,0.0,1.4551915228366852e-11,103952.11758944225,103952.11758944226,93000.0,10952.117589442263,0.11776470526282012,-0.007760658070926185,1.1393348806614219,1.3998671278481772e-16,1.897422845972793,-0.39953559477814016
2023-09-22,0.0,1.4551915228366852e-11,105909.8759223301,105909.87592233012,93000.0,12909.875922330117,0.1388158701325819,0.018833270339138286,1.1607922824757282,1.3739903952902955e-16,1.897422845972793,-0.388226886305567
2023-09-25,0.0,1.4551915228366852e-11,105206.62443665363,105206.62443665364,93000.0,12206.624436653641,0.1312540262005768,-0.00664009356589379,1.153084513109522,1.3831748054162463e-16,1.897422845972793,-0.3922891170215962
2023-09-26,0.0,1.4551915228366852e-11,104806.66483632801,104806.66483632803,93000.0,11806.664836328026,0.1269533853368605,-0.003801657951362558,1.148700880201666,1.388453229676943e-16,1.897422845972793,-0.3945994259320007
2023-09-27,0.0,1.4551915228366852e-11,105030.91715046001,105030.91715046002,93000.0,12030.917150460024,0.12936470054258087,0.0021396760834075934,1.1511587280020228,1.385488732572028e-16,1.897422845972793,-0.3933040648027861
2023-09-28,0.0,1.4551915228366852e-11,105288.09293121516,105288.09293121517,93000.0,12288.092931215171,0.1321300315184426,0.002448572170294705,1.1539774232270004,1.3821045498348645e-16,1.897422845972793,-0.3918185260200313
2023-10-09,1000.0,1.4551915228366852e-11,105938.74018754848,105938.7401875485,94000.0,11938.740187548494,0.12700787433562222,-0.0033180650721341687,1.1501484510449596,1.3736160353242724e-16,1.897422845972793,-0.39383651172636325
2023-10-10,0.0,1.4551915228366852e-11,105234.10477222194,105234.10477222195,94000.0,11234.104772221952,0.11951175289597815,-0.0066513478834946405,1.142498413579397,1.382813609700421e-16,1.897422845972793,-0.3978683159611439
2023-10-11,0.0,1.4551915228366852e-11,105387.78878729047,105387.78878729048,94000.0,11387.788787290483,0.12114668922649452,0.0014604012206991257,1.144166919657235,1.3807970919418112e-16,1.897422845972793,-0.396988962114752
2023-10-12,0.0,1.4551915228366852e-11,106601.40471029811,106601.40471029813,94000.0,12601.404710298128,0.13405749691806523,0.011515716735049253,1.1573428218016217,1.3650772490206293e-16,1.897422845972793,-0.3900448578143574
2023-10-13,0.0,1.4551915228366852e-11,106265.13332737618,106265.1333273762,94000.0,12265.1333273762,0.13048014178059786,-0.0031544742195075415,1.1536920137071165,1.3693969764792046e-16,1.897422845972793,-0.39196894558543793
2023-10-16,0.0,1.4551915228366852e-11,105767.16341958889,105767.1634195889,94000.0,11767.163419588906,0.12518258957009465,-0.004686108154150381,1.1482856881543053,1.3758443318213944e-16,1.897422845972793,-0.3948182448675067
2023-10-17,0.0,1.4551915228366852e-11,106055.18619226526,106055.18619226528,94000.0,12055.186192265275,0.12824666161984344,0.0027231776230374205,1.1514126740451411,1.3721078384593076e-16,1.897422845972793,-0.3931702274540595
2023-10-18,0.0,1.4551915228366852e-11,105262.90339651368,105262.90339651369,94000.0,11262.903396513691,0.1198181212395073,-0.007470476684801386,1.142811072509102,1.3824352890544355e-16,1.897422845972793,-0.39770353512150725
2023-10-19,0.0,1.4551915228366852e-11,103152.4201689338,103152.42016893381,94000.0,9152.420168933808,0.09736617200993414,-0.02004963913668545,1.119898122903886,1.4107197101662788e-16,1.897422845972793,-0.4097793618956225
2023-10-20,0.0,1.4551915228366852e-11,102067.64647686335,102067.64647686336,94000.0,8067.64647686336,0.08582602634961023,-0.01051622143517239,1.1081210262585948,1.4257128219043898e-16,1.897422845972793,-0.4159862528215369
2023-10-23,0.0,1.4551915228366852e-11,100631.07394586319,100631.0739458632,94000.0,6631.0739458632015,0.07054333984960848,-0.014074710063250007,1.092524544099014,1.4460657784687252e-16,1.897422845972793,-0.42420607698602597
2023-10-24,0.0,1.4551915228366852e-11,101341.30404437812,101341.30404437814,94000.0,7341.304044378136,0.07809897919551201,0.007057761292471376,1.1002353215374308,1.4359313179939403e-16,1.897422845972793,-0.42014226092373774
2023-10-25,0.0,1.4551915228366852e-11,102052.49307572708,102052.49307572709,94000.0,8052.493075727092,0.08566481995454356,0.007017760804000739,1.1079565098520934,1.4259245207825291e-16,1.897422845972793,-0.4160729580105519
2023-10-26,0.0,1.4551915228366852e-11,102788.63588220387,102788.63588220389,94000.0,8788.63588220389,0.09349612640642446,0.007213374061626698,1.1159486146016708,1.415712457264575e-16,1.897422845972793,-0.4118608738319828
2023-10-27,0.0,1.4551915228366852e-11,103813.86510627565,103813.86510627567,94000.0,9813.865106275669,0.10440282027952841,0.009974149528034326,1.1270792529493106,1.4017313788933547e-16,1.897422845972793,-0.4059946862442956
2023-10-30,0.0,1.4551915228366852e-11,104176.35760175734,104176.35760175735,94000.0,10176.35760175735,0.10825912342295063,0.0034917541612633496,1.1310147366208698,1.3968539084458619e-16,1.897422845972793,-0.4039205657181766
2023-10-31,0.0,1.4551915228366852e-11,103531.58187048558,103531.58187048559,94000.0,9531.581870485592,0.10139980713282548,-0.006189271213883241,1.1240145796690246,1.4055532587699463e-16,1.897422845972793,-0.4076098630019649
2023-11-01,1000.0,1.4551915228366852e-11,104432.20304383477,104432.20304383479,95000.0,9432.203043834787,0.0992863478298398,-0.0009598890005865224,1.1229356504375014,1.3934317963453068e-16,1.897422845972793,-0.4081784917785253
2023-11-02,0.0,1.4551915228366852e-11,103641.7268968253,103641.72689682532,95000.0,8641.72689682532,0.09096554628237175,-0.007569275797788877,1.1144358407961705,1.4040595100131043e-16,1.897422845972793,-0.4126581519973169
2023-11-03,0.0,1.4551915228366852e-11,104773.92297653982,104773.92297653983,95000.0,9773.922976539834,0.10288339975305094,0.010924133682581383,1.126610086901688,1.3888871214286024e-16,1.897422845972793,-0.40624195113236117
2023-11-06,0.0,1.4551915228366852e-11,107052.66279800356,107052.66279800357,95000.0,12052.66279800357,0.12687013471582698,0.02174911234328758,1.1511128562487938,1.3593230516670746e-16,1.897422845972793,-0.3933282406228077
2023-11-07,0.0,1.4551915228366852e-11,107091.66302044602,107091.66302044604,95000.0,12091.663020446038,0.12728066337311628,0.0003643087562992253,1.1515322167418138,1.3588280187215494e-16,1.897422845972793,-0.3931072247886671
2023-11-08,0.0,1.4551915228366852e-11,106902.07100589552,106902.07100589553,95000.0,11902.07100589553,0.12528495795679495,-0.0017703713734869009,1.1494935770696462,1.361237915359407e-16,1.897422845972793,-0.39418165038467734
2023-11-09,0.0,1.4551915228366852e-11,105928.83523736268,105928.8352373627,95000.0,10928.835237362699,0.11504037091960728,-0.009103993583802095,1.1390285949193824,1.3737444762570345e-16,1.897422845972793,-0.3996970167525248
2023-11-10,0.0,1.4551915228366852e-11,105478.3864676078,105478.38646760781,95000.0,10478.386467607808,0.11029880492218735,-0.0042523715921688465,1.1341850220796792,1.3796110952868734e-16,1.897422845972793,-0.40224972810518056
2023-11-13,0.0,1.4551915228366852e-11,105492.13282958588,105492.1328295859,95000.0,10492.132829585898,0.11044350346932519,0.0001303239690939595,1.1343328335734435,1.3794313223218558e-16,1.897422845972793,-0.4021718269172202
2023-11-14,0.0,1.4551915228366852e-11,106110.7192599759,106110.71925997591,95000.0,11110.719259975915,0.11695493957869374,0.0058638157538182245,1.1409843523130248,1.3713897455274072e-16,1.897422845972793,-0.39866627265782106
2023-11-15,0.0,1.4551915228366852e-11,106993.67265958771,106993.67265958773,95000.0,11993.672659587726,0.12624918589039713,0.008321057530941145,1.1504785487505251,1.3600725039755751e-16,1.897422845972793,-0.3936625401173115
2023-11-16,0.0,1.4551915228366852e-11,105974.1218885198,105974.12188851982,95000.0,10974.121888519818,0.11551707251073484,-0.009529075371697227,1.1395155519459605,1.373157424571523e-16,1.897422845972793,-0.3994403754732171
2023-11-17,0.0,1.4551915228366852e-11,106720.43692145839,106720.4369214584,95000.0,11720.4369214584,0.12337302022587782,0.007042427147673669,1.147540507204181,1.363554690005292e-16,1.897422845972793,-0.3952109780696529
2023-11-20,0.0,1.4551915228366852e-11,107060.91059140467,107060.91059140468,95000.0,12060.910591404681,0.12695695359373338,0.003190332421491693,1.1512015428892897,1.3592183316938034e-16,1.897422845972793,-0.3932815000448263
2023-11-21,0.0,1.4551915228366852e-11,106564.89630880559,106564.8963088056,95000.0,11564.896308805604,0.12173575061900643,-0.004633010123481052,1.1458680144869167,1.365544915109574e-16,1.897422845972793,-0.39609243299722174
2023-11-22,0.0,1.4551915228366852e-11,105177.99935847202,105177.99935847204,95000.0,10177.999358472036,0.1071368353523372,-0.013014576078736018,1.1309550280361864,1.3835512480866278e-16,1.897422845972793,-0.4039520339725039
2023-11-23,0.0,1.4551915228366852e-11,106487.82082611872,106487.82082611874,95000.0,11487.82082611874,0.12092442974861828,0.012453378801991821,1.1450392394083384,1.3665332913637424e-16,1.897422845972793,-0.39652922286740666
2023-11-24,0.0,1.4551915228366852e-11,105399.60256884155,105399.60256884157,95000.0,10399.602568841568,0.109469500724648,-0.0102191804549564,1.1333378767928186,1.3806423244207485e-16,1.897422845972793,-0.40269619963821734
2023-11-27,0.0,1.4551915228366852e-11,105319.3353583927,105319.33535839271,95000.0,10319.33535839271,0.10862458271992326,-0.0007615513578093092,1.1324747817938903,1.3816945557857848e-16,1.897422845972793,-0.4031510771584076
2023-11-28,0.0,1.4551915228366852e-11,106236.91163852882,106236.91163852884,95000.0,11236.911638528836,0.11828328040556668,0.008712325016234646,1.142341270165568,1.3697607548946598e-16,1.897422845972793,-0.3979511353570221
2023-11-29,0.0,1.4551915228366852e-11,105336.13664047002,105336.13664047004,95000.0,10336.136640470038,0.10880143832073719,-0.008478926807696463,1.132655442146423,1.3814741732967658e-16,1.897422845972793,-0.4030558636149868
2023-11-30,0.0,1.4551915228366852e-11,104974.76030032184,104974.76030032185,95000.0,9974.760300321854,0.1049974768454931,-0.003430696735932326,1.1287696448181153,1.3862299077164205e-16,1.897422845972793,-0.4051037979152168
2023-12-01,1000.0,0.0,105804.90932020817,105804.90932020817,96000.0,9804.909320208171,0.10213447208550175,-0.0016180173179510815,1.1269432759848221,0.0,1.897422845972793,-0.4060663502725732
2023-12-04,0.0,0.0,105178.47274250639,105178.47274250639,96000.0,9178.47274250639,0.09560909106777493,-0.005920675909337314,1.120271010079509,0.0,1.897422845972793,-0.4095828389242593
2023-12-05,0.0,0.0,103299.30840100758,103299.30840100758,96000.0,7299.308401007584,0.07603446251049562,-0.01786643495099327,1.10025576095044,0.0,1.897422845972793,-0.420131488726569
2023-12-06,0.0,0.0,103457.04571316738,103457.04571316738,96000.0,7457.045713167376,0.07767755951216015,0.0015269929160364182,1.1019358437032396,0.0,1.897422845972793,-0.4192460336176219
2023-12-07,0.0,0.0,102818.65981175173,102818.65981175173,96000.0,6818.659811751728,0.07102770637241385,-0.006170540604702346,1.0951363038358919,0.0,1.897422845972793,-0.4228295995485263
2023-12-08,0.0,0.0,102941.01556857576,102941.01556857576,96000.0,6941.015568575764,0.07230224550599762,0.0011900150911132723,1.0964395325642826,0.0,1.897422845972793,-0.4221427580618452
2023-12-11,0.0,0.0,104189.6530954008,104189.6530954008,96000.0,8189.653095400805,0.085308886410425,0.012129640648369522,1.1097389500869537,0.0,1.897422845972793,-0.4151335573710774
2023-12-12,0.0,0.0,104155.4351798216,104155.4351798216,96000.0,8155.435179821594,0.0849524497898082,-0.00032841951731887864,1.109374490156616,0.0,1.897422845972793,-0.4153256389258616
2023-12-13,0.0,0.0,103572.85990368405,103572.85990368405,96000.0,7572.859903684046,0.07888395733004216,-0.005593325736018895,1.1031693972699401,0.0,1.897422845972793,-0.41859591307684807
2023-12-14,0.0,0.0,102942.30911515956,102942.30911515956,96000.0,6942.309115159558,0.07231571994957875,-0.00608799244426439,1.096453310314617,0.0,1.897422845972793,-0.42213549676510065
2023-12-15,0.0,0.0,102131.54998316956,102131.54998316956,96000.0,6131.549983169563,0.06387031232468288,-0.00787585919685374,1.0878177984266548,0.0,1.897422845972793,-0.4266866762274386
2023-12-18,0.0,0.0,101224.04070434635,101224.04070434635,96000.0,5224.040704346349,0.05441709067027456,-0.008885689867359936,1.0781517868376413,0.0,1.897422845972793,-0.4317809606193068
2023-12-19,0.0,0.0,101348.42817011982,101348.42817011982,96000.0,5348.42817011982,0.05571279343874802,0.0012288332387044854,1.079476655589676,0.0,1.897422845972793,-0.4310827141768512
2023-12-20,0.0,0.0,100179.45545744155,100179.45545744155,96000.0,4179.455457441552,0.04353599434834954,-0.011534196768361094,1.0670257594372523,0.0,1.897422845972793,-0.43764471809645733
2023-12-21,0.0,0.0,100845.66576354812,100845.66576354812,96000.0,4845.665763548124,0.05047568503695965,0.0066501689699201005,1.0741216610327673,0.0,1.897422845972793,-0.43390496045067173
2023-12-22,0.0,0.0,100111.63759482291,100111.63759482291,96000.0,4111.637594822911,0.04282955827940538,-0.007278727976731125,1.0663034216481952,0.0,1.897422845972793,-0.4380254122525281
2023-12-25,0.0,0.0,100542.38665549582,100542.38665549582,96000.0,4542.386655495822,0.04731652766141492,0.004302687190237187,1.070891391721427,0.0,1.897422845972793,-0.4356074113925882
2023-12-26,0.0,0.0,99142.93503054343,99142.93503054343,96000.0,3142.9350305434346,0.0327389065681607,-0.013919021335226045,1.0559856315923466,0.0,1.897422845972793,-0.44346320387485827
2023-12-27,0.0,0.0,99826.53437928115,99826.53437928115,96000.0,3826.5343792811473,0.0398597331175119,0.006895088878769995,1.06326674637688,0.0,1.897422845972793,-0.43962583320126947
2023-12-28,0.0,0.0,101355.22347567398,101355.22347567398,96000.0,5355.223475673978,0.05578357787160404,0.015313454542904559,1.0795490333645044,0.0,1.897422845972793,-0.4310445688709791
2023-12-29,0.0,0.0,102818.57668733726,102818.57668733726,96000.0,6818.576687337263,0.07102684049309649,0.01443786675695602,1.0951354184658217,0.0,1.897422845972793,-0.42283006616569185
2024-01-02,1000.0,0.0,103047.71716733147,103047.71716733147,97000.0,6047.717167331473,0.06234759966321102,-0.007497278651793726,1.0869248830721348,0.0,1.897422845972793,-0.427157269989085
2024-01-03,0.0,0.0,102452.87160300883,102452.87160300883,97000.0,5452.871603008825,0.05621517116503938,-0.005772525395751571,1.0806505815813265,0.0,1.897422845972793,-0.43046401919584465
2024-01-04,0.0,0.0,101740.62848961336,101740.62848961336,97000.0,4740.628489613358,0.048872458655807804,-0.0069519097146960585,1.0731379963050394,0.0,1.897422845972793,-0.43442338191366603
2024-01-05,0.0,0.0,100827.98155318655,100827.98155318655,97000.0,3827.981553186546,0.03946372735243853,-0.00897032925759822,1.063511595139344,0.0,1.897422845972793,-0.43949679039829925
2024-01-08,0.0,0.0,98981.05115947074,98981.05115947074,97000.0,1981.051159470735,0.02042320782959517,-0.018317637279504195,1.0440305754970345,0.0,1.897422845972793,-0.4497638848857811
2024-01-09,0.0,0.0,99201.18098567627,99201.18098567627,97000.0,2201.18098567627,0.022692587481198734,0.0022239592692432364,1.0463524569727845,0.0,1.897422845972793,-0.4485401821773005
2024-01-10,0.0,0.0,98460.86224394964,98460.86224394964,97000.0,1460.8622439496394,0.015060435504635539,-0.007462801696216936,1.038543736082047,0.0,1.897422845972793,-0.45265561744114335
2024-01-11,0.0,0.0,99617.49914098992,99617.49914098992,97000.0,2617.499140989923,0.026984527226700195,0.011747174163218022,1.050743690225922,0.0,1.897422845972793,-0.44622586765196537
2024-01-12,0.0,0.0,98868.40056897113,98868.40056897113,97000.0,1868.400568971134,0.019261861535784908,-0.007519748824035277,1.042842361596983,0.0,1.897422845972793,-0.45039011003247076
2024-01-15,0.0,0.0,98932.24160748933,98932.24160748933,97000.0,1932.2416074893263,0.019920016572055,0.0006457173186862342,1.043515742970526,0.0,1.897422845972793,-0.45003521740799746
2024-01-16,0.0,0.0,99311.73331101013,99311.73331101013,97000.0,2311.7333110101317,0.02383230217536214,0.0038358749115017243,1.0475185388287436,0.0,1.897422845972793,-0.44792562129624336
2024-01-17,0.0,0.0,96924.27826794222,96924.27826794222,97000.0,-75.72173205777653,-0.0007806364129667731,-0.0240400098102328,1.0223361828789,0.0,1.897422845972793,-0.4611974947762597
2024-01-18,0.0,0.0,97464.03961028767,97464.03961028767,97000.0,464.03961028766935,0.004783913508120241,0.005568897205025403,1.0280294679903306,0.0,1.897422845972793,-0.45819695901085855
2024-01-19,0.0,0.0,96791.71098200913,96791.71098200913,97000.0,-208.2890179908718,-0.0021473094638234658,-0.006898222472276561,1.020937892012077,0.0,1.897422845972793,-0.4619344369237577
2024-01-22,0.0,0.0,93611.69036307189,93611.69036307189,97000.0,-3388.309636928112,-0.03493102718482588,-0.032854265997305454,0.9873957269411839,0.0,1.897422845972793,-0.4796121860570546
2024-01-23,0.0,0.0,94372.69602845376,94372.69602845376,97000.0,-2627.3039715462364,-0.027085607954084878,0.008129387071532657,0.9954226489982662,0.0,1.897422845972793,-0.4753817520902036
2024-01-24,0.0,0.0,95814.91904323609,95814.91904323609,97000.0,-1185.080956763908,-0.012217329451174264,0.015282206352857486,1.0106349033285658,0.0,1.897422845972793,-0.46736442776917153
2024-01-25,0.0,0.0,97810.61488635416,97810.61488635416,97000.0,810.6148863541603,0.008356854498496435,0.02082865448352056,1.0316850685389827,0.0,1.897422845972793,-0.45627034546954337
2024-01-26,0.0,0.0,97033.3398936496,97033.3398936496,97000.0,33.33989364959416,0.00034371024381019133,-0.00794673455031114,1.0234865411597838,0.0,1.897422845972793,-0.46059122070122926
2024-01-29,0.0,0.0,95348.30537023045,95348.30537023045,97000.0,-1651.694629769554,-0.0170277796883459,-0.017365521224622205,1.0057131639061583,0.0,1.897422845972793,-0.4699583353068897
2024-01-30,0.0,0.0,93307.35140356896,93307.35140356896,97000.0,-3692.6485964310414,-0.03806854223124789,-0.021405246362131036,0.9841856258631086,0.0,1.897422845972793,-0.4813040077218398
2024-01-31,0.0,0.0,91218.60818105217,91218.60818105217,97000.0,-5781.391818947828,-0.05960197751492602,-0.022385623330820392,0.9621540171549293,0.0,1.897422845972793,-0.4929153408281849
2024-02-01,1000.0,0.0,92120.86165358231,92120.86165358231,98000.0,-5879.138346417691,-0.059991207616507,-0.001071563460778191,0.9611230080665052,0.0,1.897422845972793,-0.4934587142204745
2024-02-02,0.0,0.0,90556.90373172564,90556.90373172564,98000.0,-7443.096268274356,-0.07594996192116688,-0.016977239398149324,0.9448057926674908,0.0,1.897422845972793,-0.5020583868941999
2024-02-05,0.0,0.0,88819.61317209143,88819.61317209143,98000.0,-9180.386827908573,-0.09367741661131201,-0.019184518110081705,0.9266801488275512,0.0,1.897422845972793,-0.5116111567885914
2024-02-06,0.0,0.0,91631.798799612,91631.798799612,98000.0,-6368.201200387994,-0.06498164490191827,0.03166176396278453,0.9560204769687272,0.0,1.897422845972793,-0.49614790451277435
2024-02-07,0.0,0.0,92666.05884384879,92666.05884384879,98000.0,-5333.94115615121,-0.05442797098113483,0.011287130207916052,0.9668112045737072,0.0,1.897422845972793,-0.49046086030547875
2024-02-08,0.0,0.0,93884.37169726056,93884.37169726056,98000.0,-4115.628302739438,-0.04199620717081065,0.013147347244633956,0.9795222072002405,0.0,1.897422845972793,-0.4837617723011828
2024-02-19,0.0,0.0,95317.48803588952,95317.48803588952,98000.0,-2682.511964110483,-0.027372571062351914,0.015264695419703989,0.9944743153499884,0.0,1.897422845972793,-0.4758815529913525
2024-02-20,0.0,0.0,96131.98504376065,96131.98504376065,98000.0,-1868.014956239349,-0.01906137710448319,0.008545095182999951,1.0029721930317028,0.0,1.897422845972793,-0.4714029109744975
2024-02-21,0.0,0.0,97357.23154760478,97357.23154760478,98000.0,-642.7684523952194,-0.006558861759134893,0.012745461391298507,1.0157555363945343,0.0,1.897422845972793,-0.46466569718477024
2024-02-22,0.0,0.0,98189.45678551146,98189.45678551146,98000.0,189.4567855114583,0.0019332325052190402,0.008548160467152899,1.0244383777150337,0.0,1.897422845972793,-0.4600895736607342
2024-02-23,0.0,0.0,98806.14776148429,98806.14776148429,98000.0,806.1477614842879,0.008225997566166265,0.006280623156108778,1.0308724891121173,0.0,1.897422845972793,-0.4566985997348433
2024-02-26,0.0,0.0,98541.2779728497,98541.2779728497,98000.0,541.2779728496971,0.005523244620915246,-0.0026807015012262347,1.0281090276829816,0.0,1.897422845972793,-0.45815502861415236
2024-02-27,0.0,0.0,100345.6420166703,100345.6420166703,98000.0,2345.642016670303,0.023935122619084703,0.018310743283822095,1.0469344681566646,0.0,1.897422845972793,-0.44823344444347624
2024-02-28,0.0,0.0,97927.99858065054,97927.99858065054,98000.0,-72.00141934945714,-0.000734708360708769,-0.024093158282032068,1.021710510304451,0.0,1.897422845972793,-0.4615272434012312
2024-02-29,0.0,0.0,100061.09815931691,100061.09815931691,98000.0,2061.0981593169126,0.021031613870580834,0.021782325888235254,1.0439657416033377,0.0,1.897422845972793,-0.4497980543350605
2024-03-01,1000.0,2.9103830456733704e-11,101759.8549675614,101759.85496756143,99000.0,2759.854967561434,0.02787732290466094,0.006983301413821863,1.0512560690426578,2.860050308248896e-16,1.897422845972793,-0.445955828310011
2024-03-04,0.0,2.9103830456733704e-11,102089.23048064139,102089.23048064142,99000.0,3089.2304806414177,0.031204348289307182,0.0032367922810521144,1.0546587665723441,2.850822787057102e-16,1.897422845972793,-0.44416250241172295
2024-03-05,0.0,2.9103830456733704e-11,102424.31744715628,102424.31744715631,99000.0,3424.3174471563107,0.03458906512279092,0.0032822949584132566,1.058120467724711,2.8414961585415705e-16,1.897422845972793,-0.44233807979569195
2024-03-06,0.0,2.9103830456733704e-11,102447.29205075317,102447.2920507532,99000.0,3447.2920507531962,0.03482113182578983,0.00022430809567008936,1.0583578127118158,2.8408589308847165e-16,1.897422845972793,-0.4422129917123431
2024-03-07,0.0,2.9103830456733704e-11,103067.69328459632,103067.69328459635,99000.0,4067.6932845963456,0.04108781095551861,0.00605580900601832,1.0647670254856259,2.823758786991629e-16,1.897422845972793,-0.43883514012411473
2024-03-08,0.0,2.9103830456733704e-11,103799.35415146187,103799.3541514619,99000.0,4799.354151461899,0.04847832476224134,0.007098838089305559,1.0723256342023797,2.803854676616387e-16,1.897422845972793,-0.434851521642448
2024-03-11,0.0,2.9103830456733704e-11,104275.0162926003,104275.01629260032,99000.0,5275.016292600325,0.05328299285454863,0.004582515421476918,1.077239582957957,2.791064580135578e-16,1.897422845972793,-0.43226172002495034
2024-03-12,0.0,2.9103830456733704e-11,103187.32203289076,103187.32203289079,99000.0,4187.322032890792,0.042296182150411976,-0.010431015006100886,1.0660028807029567,2.8204851025649165e-16,1.897422845972793,-0.4381838065429081
2024-03-13,0.0,2.9103830456733704e-11,103275.09598628488,103275.09598628491,99000.0,4275.095986284912,0.04318278774025175,0.0008506273025103983,1.0669096518578374,2.8180879600052595e-16,1.897422845972793,-0.43770591034976103
2024-03-14,0.0,2.9103830456733704e-11,103619.57705138787,103619.5770513879,99000.0,4619.577051387896,0.04666239445846365,0.003335567610111223,1.0704684011354895,2.808719286925895e-16,1.897422845972793,-0.43583034039696666
2024-03-15,0.0,2.9103830456733704e-11,104920.60166599751,104920.60166599754,99000.0,5920.601665997543,0.059804057232298424,0.012555780014083862,1.0839089668921746,2.7738909227171936e-16,1.897422845972793,-0.42874675026037046
2024-03-18,0.0,2.9103830456733704e-11,105102.53628348187,105102.5362834819,99000.0,6102.536283481895,0.06164178064123127,0.001734021866015567,1.085788488741536,2.769089261388996e-16,1.897422845972793,-0.42775618463428944
2024-03-19,0.0,2.9103830456733704e-11,104527.62670737918,104527.62670737921,99000.0,5527.626707379211,0.0558346132058507,-0.0054699876561687955,1.0798492391109098,2.7843194544355895e-16,1.897422845972793,-0.43088635124065877
2024-03-20,0.0,2.9103830456733704e-11,104667.24976617245,104667.24976617248,99000.0,5667.249766172477,0.05724494713305539,0.0013357526922919138,1.0812916506393215,2.7806052534820496e-16,1.897422845972793,-0.43012615615210836
2024-03-21,0.0,2.9103830456733704e-11,104615.37728897907,104615.3772889791,99000.0,5615.3772889791,0.05672098271696058,-0.0004955941548980825,1.0807557688175247,2.7819839884857636e-16,1.897422845972793,-0.4304085822981487
2024-03-22,0.0,2.9103830456733704e-11,103957.76817833884,103957.76817833887,99000.0,4957.768178338869,0.05007846644786729,-0.0062859698801612796,1.0739621706069271,2.79958207709945e-16,1.897422845972793,-0.43398901679382096
2024-03-25,0.0,2.9103830456733704e-11,103716.2658189997,103716.26581899973,99000.0,4716.265818999731,0.04763904867676505,-0.002323081416338635,1.0714672690465394,2.806100877901274e-16,1.897422845972793,-0.43530390639035077
2024-03-26,0.0,2.9103830456733704e-11,103867.70036815392,103867.70036815395,99000.0,4867.70036815395,0.04916869058741358,0.0014600848570704983,1.073031702180921,2.802009705960237e-16,1.897422845972793,-0.4344794021752244
2024-03-27,0.0,2.9103830456733704e-11,102864.63879577183,102864.63879577185,99000.0,3864.6387957718543,0.03903675551284702,-0.00965710773249806,1.062669319432574,2.8293328783778304e-16,1.897422845972793,-0.439940695513365
2024-03-28,0.0,2.9103830456733704e-11,104137.44904073403,104137.44904073406,99000.0,5137.449040734064,0.05189342465387936,0.012373642292073272,1.0758184094659937,2.7947516215179753e-16,1.897422845972793,-0.43301072201730006
2024-03-29,0.0,2.9103830456733704e-11,105285.63820795866,105285.63820795869,99000.0,6285.638207958691,0.06349129502988582,0.011025708597639072,1.0876800697527413,2.764273546905631e-16,1.897422845972793,-0.4267592634602769
2024-04-01,1000.0,0.0,108283.02418998376,108283.02418998376,100000.0,8283.024189983757,0.08283024189983768,0.01897111530140383,1.1083145737670597,0.0,1.897422845972793,-0.4158842473519202
2024-04-02,0.0,0.0,107594.16991623054,107594.16991623054,100000.0,7594.169916230545,0.07594169916230542,-0.006361609115613676,1.1012639096716157,0.0,1.897422845972793,-0.4196001634485397
2024-04-03,0.0,0.0,106781.98449938402,106781.98449938402,100000.0,6781.984499384023,0.0678198449938403,-0.007548600611714029,1.09295090824941,0.0,1.897422845972793,-0.42398137000977076
2024-04-08,0.0,0.0,105971.81183607024,105971.81183607024,100000.0,5971.811836070236,0.05971811836070229,-0.007587166197669415,1.084658508062628,0.0,1.897422845972793,-0.4283517190884605
2024-04-09,0.0,0.0,106005.368928965,106005.368928965,100000.0,6005.3689289650065,0.06005368928965016,0.0003166605563627023,1.0850019766292547,0.0,1.897422845972793,-0.4281707006257832
2024-04-10,0.0,0.0,104895.5508970436,104895.5508970436,100000.0,4895.550897043606,0.0489555089704361,-0.01046945115265907,1.0736426014343963,0.0,1.897422845972793,-0.4341574395432408
2024-04-11,0.0,0.0,105511.47688132645,105511.47688132645,100000.0,5511.476881326453,0.05511476881326449,0.005871802750598842,1.0799468190146588,0.0,1.897422845972793,-0.4308349236403449
2024-04-12,0.0,0.0,105454.77440221902,105454.77440221902,100000.0,5454.774402219016,0.0545477440221902,-0.0005374057949280031,1.0793664493359063,0.0,1.897422845972793,-0.43114079625065127
2024-04-15,0.0,0.0,105449.30795632843,105449.30795632843,100000.0,5449.307956328426,0.05449307956328431,-5.183687435283968e-05,1.0793104983528914,0.0,1.897422845972793,-0.4311702841337205
2024-04-16,0.0,0.0,102197.9698861044,102197.9698861044,100000.0,2197.9698861044017,0.021979698861044117,-0.030833185473066904,1.0460319175741484,0.0,1.897422845972793,-0.4487091162656174
2024-04-17,0.0,0.0,105855.9117237064,105855.9117237064,100000.0,5855.911723706406,0.058559117237064084,0.03579270548797231,1.0834722299308988,0.0,1.897422845972793,-0.4289769240259087
2024-04-18,0.0,0.0,106286.19400132293,106286.19400132293,100000.0,6286.194001322932,0.06286194001322931,0.004064792136877493,1.087876319331647,0.0,1.897422845972793,-0.4266558339167137
2024-04-19,0.0,0.0,105679.72257329644,105679.72257329644,100000.0,5679.722573296443,0.05679722573296453,-0.005706022628102936,1.0816688724369632,0.0,1.897422845972793,-0.4299273487020757
2024-04-22,0.0,0.0,104254.62435128502,104254.62435128502,100000.0,4254.62435128502,0.0425462435128503,-0.013485067781314641,1.0670824943752126,0.0,1.897422845972793,-0.43761481704510197
2024-04-23,0.0,0.0,103425.33874443408,103425.33874443408,100000.0,3425.338744434077,0.0342533874443407,-0.007954425158702483,1.0585944665355433,0.0,1.897422845972793,-0.44208826789327993
2024-04-24,0.0,0.0,104967.37464790231,104967.37464790231,100000.0,4967.37464790231,0.04967374647902312,0.014909652916667016,1.0743777426110925,0.0,1.897422845972793,-0.43376999760943225
2024-04-25,0.0,0.0,104860.71517304496,104860.71517304496,100000.0,4860.715173044955,0.048607151730449605,-0.0010161202489357146,1.0732860456318196,0.0,1.897422845972793,-0.4343453553804162
2024-04-26,0.0,0.0,106741.32305439602,106741.32305439602,100000.0,6741.3230543960235,0.06741323054396031,0.017934341552483524,1.092534724157695,0.0,1.897422845972793,-0.42420071178305985
2024-04-29,0.0,0.0,108228.3260832314,108228.3260832314,100000.0,8228.326083231397,0.08228326083231408,0.013930903105609627,1.10775471953945,0.0,1.897422845972793,-0.4161793076906306
2024-04-30,0.0,0.0,107861.64681542569,107861.64681542569,100000.0,7861.646815425687,0.07861646815425694,-0.003388015698623348,1.1040016291594261,0.0,1.897422845972793,-0.418157301361356
2024-05-06,1000.0,1.4551915228366852e-11,110270.6270203482,110270.62702034821,101000.0,9270.627020348213,0.09178838634008124,0.013062847142818024,1.1184230336865577,1.3196547096518813e-16,1.897422845972793,-0.4105567791278747
2024-05-07,0.0,1.4551915228366852e-11,110132.9564406323,110132.95644063232,101000.0,9132.956440632319,0.09042531129338927,-0.0012484791592822786,1.1170267058377388,1.3213043305716695e-16,1.897422845972793,-0.41129268670471375
2024-05-08,0.0,1.4551915228366852e-11,109131.84487435683,109131.84487435684,101000.0,8131.844874356844,0.08051331558769159,-0.009090027169252779,1.1068729027328927,1.33342520188497e-16,1.897422845972793,-0.4166440521773057
2024-05-09,0.0,1.4551915228366852e-11,110532.96851494994,110532.96851494996,101000.0,9532.968514949956,0.09438582688069275,0.012838815674803383,1.1210838399065148,1.3165226107537912e-16,1.897422845972793,-0.40915445269040995
2024-05-10,0.0,1.4551915228366852e-11,110834.82373618748,110834.82373618749,101000.0,9834.823736187493,0.09737449243749996,0.0027309066723988362,1.1241454152452341,1.3129371020613318e-16,1.897422845972793,-0.40754090864290504
2024-05-13,0.0,1.4551915228366852e-11,110656.73886638763,110656.73886638765,101000.0,9656.738866387648,0.09561127590482821,-0.0016067591736665943,1.1223391842867536,1.315050070826463e-16,1.897422845972793,-0.40849284772296524
2024-05-14,0.0,1.4551915228366852e-11,110507.62635480922,110507.62635480924,101000.0,9507.62635480924,0.09413491440405197,-0.001347523098059633,1.1208268063120699,1.3168245222863353e-16,1.897422845972793,-0.409289917273326
2024-05-15,0.0,1.4551915228366852e-11,109799.44125899207,109799.44125899208,101000.0,8799.441258992083,0.0871231807820998,-0.006408472602093318,1.1136440184321272,1.3253177850005786e-16,1.897422845972793,-0.4130754666542601
2024-05-16,0.0,1.4551915228366852e-11,109789.90591085055,109789.90591085056,101000.0,8789.90591085056,0.08702877139456011,-8.684332116981608e-05,1.1135473058869656,1.3254328899947335e-16,1.897422845972793,-0.41312643713001196
2024-05-17,0.0,1.4551915228366852e-11,110503.1952659202,110503.19526592022,101000.0,9503.195265920222,0.09409104223683395,0.0064968573308448185,1.1207818638644598,1.3168773258862262e-16,1.897422845972793,-0.40931360332080113
2024-05-20,0.0,1.4551915228366852e-11,111073.15966922302,111073.15966922304,101000.0,10073.159669223038,0.09973425415072312,0.005157899750602102,1.1265627443605657,1.3101198589922713e-16,1.897422845972793,-0.40626690210268535
2024-05-21,0.0,1.4551915228366852e-11,110208.00809589446,110208.00809589447,101000.0,9208.008095894475,0.09116839698905421,-0.007789024602388173,1.1177879194286073,1.3204045223015828e-16,1.897422845972793,-0.4108915038094597
2024-05-22,0.0,1.4551915228366852e-11,109815.84134271418,109815.8413427142,101000.0,8815.841342714193,0.08728555784865533,-0.0035584233846150948,1.1138103567570723,1.3251198597981062e-16,1.897422845972793,-0.4129878012583795
2024-05-23,0.0,1.4551915228366852e-11,108101.56873425079,108101.5687342508,101000.0,7101.568734250803,0.07031256172525557,-0.015610430949697607,1.096423297091858,1.346133585178606e-16,1.897422845972793,-0.4221513146534658
2024-05-24,0.0,1.4551915228366852e-11,107400.46951014955,107400.46951014956,101000.0,6400.46951014956,0.06337098524900564,-0.006485560129333323,1.0893123778713667,1.3549210068389567e-16,1.897422845972793,-0.42589898704793705
2024-05-27,0.0,1.4551915228366852e-11,108782.46937542554,108782.46937542556,101000.0,7782.469375425557,0.07705415223193612,0.012867726478098751,1.1033293515990228,1.3377077494118915e-16,1.897422845972793,-0.41851161224247047
2024-05-28,0.0,1.4551915228366852e-11,107844.7075953554,107844.70759535542,101000.0,6844.707595355416,0.06776938213223183,-0.008620523007560887,1.0938180755386462,1.3493397638915352e-16,1.897422845972793,-0.4235243462677637
2024-05-29,0.0,1.4551915228366852e-11,108127.50691164416,108127.50691164417,101000.0,7127.506911644174,0.0705693753628136,0.0026222827489119638,1.0966863758085792,1.345810667794077e-16,1.897422845972793,-0.42201266410581395
2024-05-30,0.0,1.4551915228366852e-11,106900.26951590808,106900.26951590809,101000.0,5900.26951590809,0.058418510058495965,-0.011349909294948501,1.084239084918146,1.3612608550253792e-16,1.897422845972793,-0.42857276794184185
2024-05-31,0.0,1.4551915228366852e-11,106904.65064318028,106904.6506431803,101000.0,5904.650643180299,0.0584618875562406,4.098331362545338e-05,1.084283520628608,1.3612050683311552e-16,1.897422845972793,-0.42854934896037633
2024-06-03,1000.0,0.0,107302.22766626315,107302.22766626315,102000.0,5302.227666263148,0.05198262417905042,-0.005635142842642882,1.0781734281079423,0.0,1.897422845972793,-0.43176955500650593
2024-06-04,0.0,0.0,107840.57391270998,107840.57391270998,102000.0,5840.5739127099805,0.057260528555980184,0.0050171022368821205,1.0835827344258495,0.0,1.897422845972793,-0.4289186847698645
2024-06-05,0.0,0.0,106725.61585295688,106725.61585295688,102000.0,4725.615852956878,0.04632956718585168,-0.010338947756858063,1.0723796291443872,0.0,1.897422845972793,-0.4348230646529466
2024-06-06,0.0,0.0,105556.45754351198,105556.45754351198,102000.0,3556.457543511977,0.034867230818744765,-0.010954804993168032,1.0606319194284646,0.0,1.897422845972793,-0.44101446776631004
2024-06-07,0.0,0.0,105187.12035857773,105187.12035857773,102000.0,3187.1203585777257,0.0312462780252718,-0.0034989539581887774,1.0569208171757989,0.0,1.897422845972793,-0.4429703324068893
2024-06-11,0.0,0.0,105026.23826236629,105026.23826236629,102000.0,3026.238262366285,0.029669002572218384,-0.0015294847474006668,1.0553042729067184,0.0,1.897422845972793,-0.44382230078732265
2024-06-12,0.0,0.0,105335.24872697184,105335.24872697184,102000.0,3335.2487269718404,0.03269851693109649,0.0029422215792744844,1.058409211911165,0.0,1.897422845972793,-0.4421859027587879
2024-06-13,0.0,0.0,105218.72399681227,105218.72399681227,102000.0,3218.723996812274,0.03155611761580657,-0.0011062273224569097,1.0572383707226087,0.0,1.897422845972793,-0.44280297195400775
2024-06-14,0.0,0.0,105867.66387813933,105867.66387813933,102000.0,3867.6638781393267,0.037918273315091344,0.006167532323873459,1.0637589225480797,0.0,1.897422845972793,-0.4393664412727679
2024-06-17,0.0,0.0,105949.15686400162,105949.15686400162,102000.0,3949.1568640016194,0.03871722415687873,0.0007697627668075135,1.0645777645595165,0.0,1.897422845972793,-0.4389348864334369
2024-06-18,0.0,0.0,107092.46976613597,107092.46976613597,102000.0,5092.469766135968,0.04992617417780365,0.010791146772427096,1.0760657794675406,0.0,1.897422845972793,-0.4328803504440517
2024-06-19,0.0,0.0,106268.826914594,106268.826914594,102000.0,4268.826914593999,0.041851244260725506,-0.007690950197904667,1.0677898111479862,0.0,1.897422845972793,-0.4372420394250396
2024-06-20,0.0,0.0,104779.3865806175,104779.3865806175,102000.0,2779.3865806175017,0.027248888045269704,-0.01401577844811941,1.0528239057257767,0.0,1.897422845972793,-0.44512953032037383
2024-06-21,0.0,0.0,104647.37975397613,104647.37975397613,102000.0,2647.379753976129,0.025954703470354223,-0.0012598549290017136,1.0514975003387772,0.0,1.897422845972793,-0.4458285866165572
2024-06-24,0.0,0.0,102745.39430159303,102745.39430159303,102000.0,745.3943015930272,0.007307787270519839,-0.01817518467117507,1.032386339088841,0.0,1.897422845972793,-0.45590075439428734
2024-06-25,0.0,0.0,102070.78165298115,102070.78165298115,102000.0,70.78165298115346,0.0006939377743251374,-0.0065658675330171334,1.0256078271434872,0.0,1.897422845972793,-0.459473237965749
2024-06-26,0.0,0.0,103394.60269264065,103394.60269264065,102000.0,1394.6026926406485,0.013672575418045563,0.012969637522324495,1.0389095889015971,0.0,1.897422845972793,-0.45246280179104903
2024-06-27,0.0,0.0,101816.6544651605,101816.6544651605,102000.0,-183.34553483949276,-0.0017975052435243999,-0.015261417776040842,1.023054355633835,0.0,1.897422845972793,-0.46081899572083873
2024-06-28,0.0,0.0,103182.6269302039,103182.6269302039,102000.0,1182.6269302039,0.011594381668665665,0.013416002246575465,1.0367796551673873,0.0,1.897422845972793,-0.4535853421561187
2024-07-01,1000.0,0.0,104757.15591036715,104757.15591036715,103000.0,1757.1559103671461,0.01705976612006932,0.005568078631607909,1.0425525258110107,0.0,1.897422845972793,-0.4505428623757808
2024-07-02,0.0,0.0,103796.87955944863,103796.87955944863,103000.0,796.8795594486292,0.007736694751928397,-0.00916668978432511,1.0329957702230366,0.0,1.897422845972793,-0.4555795655061652
2024-07-03,0.0,0.0,102943.42847615072,102943.42847615072,103000.0,-56.57152384928486,-0.0005492380956241272,-0.008222319273183065,1.0245021491924151,0.0,1.897422845972793,-0.46005596413741856
2024-07-04,0.0,0.0,101927.7324711535,101927.7324711535,103000.0,-1072.2675288464961,-0.010410364357733015,-0.009866545344684341,1.0143938522816816,0.0,1.897422845972793,-0.46538334645084867
2024-07-05,0.0,0.0,102101.32364416527,102101.32364416527,103000.0,-898.6763558347302,-0.008725013163443984,0.0017030808868518932,1.0161214470632425,0.0,1.897422845972793,-0.46447285104639635
2024-07-08,0.0,0.0,101095.09166107864,101095.09166107864,103000.0,-1904.9083389213629,-0.01849425571768315,-0.00985522956189544,1.006107336939669,0.0,1.897422845972793,-0.4697505940359614
2024-07-09,0.0,0.0,104062.79552255808,104062.79552255808,103000.0,1062.7955225580808,0.010318403131631904,0.02935556823499086,1.0356421895209262,0.0,1.897422845972793,-0.45418482141762084
2024-07-10,0.0,0.0,104211.1970837057,104211.1970837057,103000.0,1211.1970837057015,0.011759194987434052,0.0014260770182312754,1.0371190950465128,0.0,1.897422845972793,-0.4534064469352427
2024-07-11,0.0,0.0,105844.76379181173,105844.76379181173,103000.0,2844.7637918117252,0.027619065939919585,0.015675539230145308,1.0533764961072472,0.0,1.897422845972793,-0.44483829825123156
2024-07-12,0.0,0.0,105535.65604762918,105535.65604762918,103000.0,2535.656047629178,0.02461801987989487,-0.0029203876801174866,1.0503002283654903,0.0,1.897422845972793,-0.4464595856454917
2024-07-15,0.0,0.0,104896.3596140979,104896.3596140979,103000.0,1896.3596140979062,0.018411258389300134,-0.006057634523470967,1.0439378934421342,0.0,1.897422845972793,-0.44981273116962195
2024-07-16,0.0,0.0,105868.77419258075,105868.77419258075,103000.0,2868.7741925807495,0.02785217662699746,0.009270241427445702,1.0536154497496018,0.0,1.897422845972793,-0.4447123623572574
2024-07-17,0.0,0.0,104015.06590968986,104015.06590968986,103000.0,1015.0659096898598,0.00985500883194046,-0.01750949037644378,1.0351671801717386,0.0,1.897422845972793,-0.4544351659047212
2024-07-18,0.0,0.0,104367.15624241547,104367.15624241547,103000.0,1367.156242415469,0.013273361576849219,0.0033849936030545535,1.0386712144547119,0.0,1.897422845972793,-0.45258843243125724
2024-07-19,0.0,0.0,104698.89044637163,104698.89044637163,103000.0,1698.8904463716317,0.016494082003608135,0.0031785306402871694,1.0419726627350405,0.0,1.897422845972793,-0.4508484679908923
2024-07-22,0.0,0.0,104813.59102761713,104813.59102761713,103000.0,1813.5910276171344,0.01760767987977796,0.0010955281451072718,1.0431141731134992,0.0,1.897422845972793,-0.45024685703164746
2024-07-23,0.0,0.0,101897.94852263013,101897.94852263013,103000.0,-1102.051477369867,-0.010699528906503608,-0.027817408757789486,1.0140974397789575,0.0,1.897422845972793,-0.46553956492547754
2024-07-24,0.0,0.0,100924.74085144719,100924.74085144719,103000.0,-2075.25914855281,-0.020148147073328238,-0.009550807305672149,1.0044119905424531,0.0,1.897422845972793,-0.4706440935533801
2024-07-25,0.0,0.0,99989.9068693793,99989.9068693793,103000.0,-3010.093130620706,-0.029224205151657356,-0.009262683997810717,0.9951084396704464,0.0,1.897422845972793,-0.47554735003716975
2024-07-26,0.0,0.0,102098.26852802293,102098.26852802293,103000.0,-901.7314719770657,-0.008754674485214275,0.021085744798201134,1.0160910422758735,0.0,1.897422845972793,-0.4644888753013132
2024-07-29,0.0,0.0,102392.67843776241,102392.67843776241,103000.0,-607.3215622375865,-0.005896325846966866,0.002883593561223474,1.0190210358629972,0.0,1.897422845972793,-0.46294467887016855
2024-07-30,0.0,0.0,102212.305554527,102212.305554527,103000.0,-787.6944454729964,-0.007647518888087346,-0.001761579890158349,1.0172259488985727,0.0,1.897422845972793,-0.46389074472377334
2024-07-31,0.0,0.0,104688.35949738974,104688.35949738974,103000.0,1688.3594973897416,0.016391839780482975,0.024224616883745442,1.041867857794845,0.0,1.897422845972793,-0.4509037034068767
2024-08-01,1000.0,1.4551915228366852e-11,105783.76643130906,105783.76643130908,104000.0,1783.766431309079,0.017151600301048786,0.0009113423343090066,1.0428173560804093,1.3756283898074447e-16,1.897422845972793,-0.4504032887061791
2024-08-02,0.0,1.4551915228366852e-11,103589.31051039607,103589.31051039608,104000.0,-410.6894896039157,-0.003948937400037655,-0.02074473234357721,1.0211843891452843,1.4047699667724346e-16,1.897422845972793,-0.4618045253788796
2024-08-05,0.0,1.4551915228366852e-11,100078.0666539455,100078.06665394551,104000.0,-3921.9333460544876,-0.037710897558216216,-0.03389581260026042,0.9865705144605044,1.4540563896667914e-16,1.897422845972793,-0.4800470983289453
2024-08-06,0.0,1.4551915228366852e-11,100977.76974208473,100977.76974208474,104000.0,-3022.23025791526,-0.02905990632610822,0.008990012679304327,0.9954397958945321,1.441100874532587e-16,1.897422845972793,-0.47537271515028146
2024-08-07,0.0,1.4551915228366852e-11,101393.70384479512,101393.70384479513,104000.0,-2606.2961552048655,-0.025060539953892902,0.0041190660456531525,0.9995400781582932,1.43518923528444e-16,1.897422845972793,-0.4732117407146338
2024-08-08,0.0,1.4551915228366852e-11,100186.97656928924,100186.97656928925,104000.0,-3813.0234307107457,-0.0366636868337572,-0.011901402451507614,0.98764414942172,1.4524757335403525e-16,1.897422845972793,-0.47948125979511813
2024-08-09,0.0,1.4551915228366852e-11,99973.2253783819,99973.22537838192,104000.0,-4026.774621618082,-0.03871898674632768,-0.002133522721483705,0.9855369881881882,1.4555812492085044e-16,1.897422845972793,-0.4805917983543033
2024-08-12,0.0,1.4551915228366852e-11,99241.23513520326,99241.23513520327,104000.0,-4758.764864796729,-0.04575735446919926,-0.007321862832855408,0.9783210215439689,1.4663174242583498e-16,1.897422845972793,-0.4843948339610131
2024-08-13,0.0,1.4551915228366852e-11,100068.29413472688,100068.2941347269,104000.0,-3931.7058652731066,-0.0378048640891645,0.008333824124587608,0.9864741768749032,1.4541983906285929e-16,1.897422845972793,-0.4800978711895154
2024-08-14,0.0,1.4551915228366852e-11,99343.78804555807,99343.78804555809,104000.0,-4656.211954441911,-0.04477126879271065,-0.00724011631689625,0.9793319890907145,1.4648037400882566e-16,1.897422845972793,-0.4838620230755053
2024-08-15,0.0,1.4551915228366852e-11,100204.12895585198,100204.128955852,104000.0,-3795.871044148007,-0.036498760039884726,0.008660238624073502,0.9878132378084287,1.4522271068069605e-16,1.897422845972793,-0.4793921450323927
2024-08-16,0.0,1.4551915228366852e-11,100339.88214524658,100339.88214524659,104000.0,-3660.1178547534073,-0.035193440911090446,0.0013547664233917178,0.9891514940155934,1.450262340083506e-16,1.897422845972793,-0.4786868429907285
2024-08-19,0.0,1.4551915228366852e-11,100480.93890519686,100480.93890519688,104000.0,-3519.0610948031244,-0.03383712591156851,0.00140578957174875,0.9905420328707603,1.44822643845879e-16,1.897422845972793,-0.4779539863909894
2024-08-20,0.0,1.4551915228366852e-11,99375.86008065056,99375.86008065057,104000.0,-4624.139919349429,-0.04446288383989838,-0.010997895089226217,0.9796481555117788,1.4643309971412512e-16,1.897422845972793,-0.48369539368041015
2024-08-21,0.0,1.4551915228366852e-11,99280.95120797034,99280.95120797036,104000.0,-4719.048792029644,-0.045375469154131154,-0.0009550495724333086,0.9787125429597221,1.4657308427559275e-16,1.897422845972793,-0.48418849017392107
2024-08-22,0.0,1.4551915228366852e-11,98502.94821971229,98502.9482197123,104000.0,-5497.0517802877,-0.052856267118150946,-0.007836377258597427,0.9710429822453684,1.4773075822977995e-16,1.897422845972793,-0.4882305837592449
2024-08-23,0.0,1.4551915228366852e-11,98784.55964733654,98784.55964733656,104000.0,-5215.440352663441,-0.05014846492945613,0.002858913694604448,0.9738191103253593,1.4730961276051204e-16,1.897422845972793,-0.4867674791666745
2024-08-26,0.0,1.4551915228366852e-11,98688.49046838627,98688.49046838628,104000.0,-5311.509531613716,-0.05107220703474724,-0.0009725120939269027,0.9728720594632707,1.4745301259855009e-16,1.897422845972793,-0.4872666040001815
2024-08-27,0.0,1.4551915228366852e-11,97319.59757228909,97319.5975722891,104000.0,-6680.402427710898,-0.0642346387279894,-0.013870846434070105,0.9593775005264582,1.4952707975963087e-16,1.897422845972793,-0.4943786501977142
2024-08-28,0.0,1.4551915228366852e-11,97209.19062368711,97209.19062368713,104000.0,-6790.809376312871,-0.06529624400300837,-0.001134478063577693,0.9582891077974209,1.4969690761750836e-16,1.897422845972793,-0.49495226652754143
2024-08-29,0.0,1.4551915228366852e-11,97831.57370259613,97831.57370259614,104000.0,-6168.4262974038575,-0.05931179132119091,0.0064025127142386395,0.9644245659940103,1.487445686257083e-16,1.897422845972793,-0.4917186919926867
2024-08-30,0.0,1.4551915228366852e-11,99676.41290671242,99676.41290671243,104000.0,-4323.58709328757,-0.041572952820072784,0.01885729866438135,0.9826110080742256,1.459915621360296e-16,1.897422845972793,-0.48213387956207043
2024-09-02,1000.0,0.0,98408.19567950867,98408.19567950867,105000.0,-6591.8043204913265,-0.06277908876658411,-0.02275580712687353,0.9602509014937458,0.0,1.897422845972793,-0.4939183411162982
2024-09-03,0.0,0.0,99301.94120830524,99301.94120830524,105000.0,-5698.058791694755,-0.054267226587569106,0.00908202332768382,0.9689719225815414,0.0,1.897422845972793,-0.4893220956846035
2024-09-04,0.0,0.0,98756.86567296245,98756.86567296245,105000.0,-6243.134327037551,-0.05945842216226238,-0.005489072305237097,0.9636531656367467,0.0,1.897422845972793,-0.49212524362607757
2024-09-05,0.0,0.0,99352.84338479195,99352.84338479195,105000.0,-5647.156615208049,-0.05378244395436238,0.006034797760827049,0.9694686176029452,0.0,1.897422845972793,-0.4890603221835317
2024-09-06,0.0,0.0,98404.02424821978,98404.02424821978,105000.0,-6595.975751780221,-0.0628188166836211,-0.009549994788749183,0.9602101973569812,0.0,1.897422845972793,-0.49393979344404415
2024-09-09,0.0,0.0,97812.96296146962,97812.96296146962,105000.0,-7187.037038530383,-0.06844797179552742,-0.0060064747480167435,0.9544427190537683,0.0,1.897422845972793,-0.49697943129569866
2024-09-10,0.0,0.0,98378.39355655618,98378.39355655618,105000.0,-6621.606443443816,-0.06306291850898871,0.005780732716473391,0.9599600973058022,0.0,1.897422845972793,-0.49407160383713067
2024-09-11,0.0,0.0,98270.75482968576,98270.75482968576,105000.0,-6729.245170314243,-0.06408804924108802,-0.0010941297471842582,0.9589097764072301,0.0,1.897422845972793,-0.4946251551453177
2024-09-12,0.0,0.0,97843.17355523193,97843.17355523193,105000.0,-7156.82644476807,-0.06816025185493402,-0.004351053120482007,0.9547375090323327,0.0,1.897422845972793,-0.49682406794103573
2024-09-13,0.0,0.0,97713.94635386905,97713.94635386905,105000.0,-7286.053646130953,-0.0693909871060091,-0.001320758481836548,0.9534765313693507,0.0,1.897422845972793,-0.4974886418211587
2024-09-18,0.0,0.0,97982.07887023233,97982.07887023233,105000.0,-7017.921129767667,-0.06683734409302544,0.002744055750161234,0.9560929241278986,0.0,1.897422845972793,-0.4961097226392267
2024-09-19,0.0,0.0,98869.19461708015,98869.19461708015,105000.0,-6130.805382919847,-0.05838862269447476,0.009053857165275181,0.9647492528996828,0.0,1.897422845972793,-0.4915475720410314
2024-09-20,0.0,0.0,99026.58113360783,99026.58113360783,105000.0,-5973.418866392167,-0.05688970348944922,0.0015918660725136036,0.9662850045038567,0.0,1.897422845972793,-0.4907381838714763
2024-09-23,0.0,0.0,99171.7173607667,99171.7173607667,105000.0,-5828.282639233294,-0.055507453706983734,0.0014656289805972111,0.967701219809974,0.0,1.897422845972793,-0.48999179499504675
2024-09-24,0.0,0.0,103173.02546728127,103173.02546728127,105000.0,-1826.9745327187266,-0.017399757454464093,0.04034727050211928,1.0067453226908778,0.0,1.897422845972793,-0.4694143559894116
2024-09-25,0.0,0.0,104358.96052386725,104358.96052386725,105000.0,-641.039476132748,-0.0061051378679309876,0.011494623242991553,1.0183174808768534,0.0,1.897422845972793,-0.4633154739133699
2024-09-26,0.0,0.0,108427.14658879756,108427.14658879756,105000.0,3427.1465887975646,0.032639491321881486,0.03898262348061521,1.0580141678176043,0.0,1.897422845972793,-0.44239410310506244
2024-09-27,0.0,0.0,113804.7141409936,113804.7141409936,105000.0,8804.714140993601,0.08385442039041524,0.04959613640475191,1.1104875828028462,0.0,1.897422845972793,-0.4147390049825671
2024-09-30,0.0,0.0,125688.77922205637,125688.77922205637,105000.0,20688.77922205637,0.197035992591013,0.10442506859899936,1.2264503248153704,0.0,1.897422845972793,-0.353623085429553
2024-10-08,1000.0,0.0,138384.29446474844,138384.29446474844,106000.0,32384.29446474844,0.30551221193158895,0.09305138704569171,1.3405732286820797,0.0,1.897422845972793,-0.2934768169744584
2024-10-09,0.0,0.0,129086.87944540323,129086.87944540323,106000.0,23086.879445403232,0.2178007494849361,-0.06718547834713717,1.250506175053708,0.0,1.897422845972793,-0.3409449149893714
2024-10-10,0.0,0.0,128915.32253999726,128915.32253999726,106000.0,22915.322539997258,0.21618228811318163,-0.0013290034288769847,1.2488442480592299,0.0,1.897422845972793,-0.3418208014571693
2024-10-11,0.0,0.0,125238.30221960142,125238.30221960142,106000.0,19238.30221960142,0.18149341716605116,-0.02852275623989542,1.213223767990241,0.0,1.897422845972793,-0.3605938862993763
2024-10-14,0.0,0.0,128387.93651395463,128387.93651395463,106000.0,22387.936513954628,0.21120694824485509,0.02514912960757343,1.243735289774416,0.0,1.897422845972793,-0.34451337907404445
2024-10-15,0.0,0.0,125239.43348600868,125239.43348600868,106000.0,19239.433486008682,0.1815040894906479,-0.02452335564723196,1.213234726932265,0.0,1.897422845972793,-0.3605881106010139
2024-10-16,0.0,0.0,124547.38177131416,124547.38177131416,106000.0,18547.38177131416,0.17497529972937897,-0.005525829169227503,1.206530599089063,0.0,1.897422845972793,-0.36412139147060574
2024-10-17,0.0,0.0,123666.74631419772,123666.74631419772,106000.0,17666.74631419772,0.16666741805846907,-0.007070686228743073,1.1979995997975268,0.0,1.897422845972793,-0.36861748959108676
2024-10-18,0.0,0.0,128613.10648641476,128613.10648641476,106000.0,22613.106486414763,0.2133311932680637,0.03999749584783219,1.245916583816133,0.0,1.897422845972793,-0.34336377025261244
2024-10-21,0.0,0.0,129572.50030240261,129572.50030240261,106000.0,23572.50030240261,0.22238207832455292,0.007459533808004126,1.2552105406950624,0.0,1.897422845972793,-0.3384655700972514
2024-10-22,0.0,0.0,130539.9112244548,130539.9112244548,106000.0,24539.9112244548,0.23150859645712085,0.00746617468825872,1.2645821618624355,0.0,1.897422845972793,-0.3335264384812998
2024-10-23,0.0,0.0,130598.95441397288,130598.95441397288,106000.0,24598.954413972882,0.23206560767898954,0.0004522999055558419,1.2651541322548134,0.0,1.897422845972793,-0.3332249925523695
2024-10-24,0.0,0.0,129849.49336463328,129849.49336463328,106000.0,23849.49336463328,0.22499522042106856,-0.005738645096376227,1.2578938616975892,0.0,1.897422845972793,-0.3370513776792451
2024-10-25,0.0,0.0,130720.90535640843,130720.90535640843,106000.0,24720.90535640843,0.2332160882680041,0.006710938712160663,1.2663355103098448,0.0,1.897422845972793,-0.33260237010553917
2024-10-28,0.0,0.0,132126.958233125,132126.958233125,106000.0,26126.958233125013,0.24648073804834914,0.01075614396092961,1.2799563973615748,0.0,1.897422845972793,-0.325423745119211
2024-10-29,0.0,0.0,130891.92426058275,130891.92426058275,106000.0,24891.924260582746,0.23482947415644095,-0.009347327669219307,1.2679922255131226,0.0,1.897422845972793,-0.33172923041145663
2024-10-30,0.0,0.0,130848.96547364119,130848.96547364119,106000.0,24848.96547364119,0.23442420258152064,-0.0003282004385238846,1.2675760699086644,0.0,1.897422845972793,-0.3319485571710882
2024-10-31,0.0,0.0,131583.96958631396,131583.96958631396,106000.0,25583.969586313964,0.24135820364447147,0.005617194679470527,1.2746962914643796,0.0,1.897422845972793,-0.328195982160817
2024-11-01,1000.0,-1.4551915228366852e-11,130337.43192873063,130337.43192873061,107000.0,23337.431928730613,0.21810684045542628,-0.01707303453943687,1.252933357652916,-1.116480124936322e-16,1.897422845972793,-0.3396657153611179
2024-11-04,0.0,-1.4551915228366852e-11,131963.33752286594,131963.3375228659,107000.0,24963.337522865913,0.23330221983986843,0.012474586694514178,1.268563183445406,-1.1027240975809188e-16,1.897422845972793,-0.33142831808003015
2024-11-05,0.0,-1.4551915228366852e-11,134737.17638890859,134737.17638890859,107000.0,27737.176388908585,0.25922594755989325,0.02101976896092106,1.295228088473759,-1.080022278807733e-16,1.897422845972793,-0.317375095792258
2024-11-06,0.0,-1.4551915228366852e-11,133974.27290477976,133974.27290477976,107000.0,26974.272904779762,0.25209600845588565,-0.005662160248384285,1.2878942994786122,-1.0861723607717887e-16,1.897422845972793,-0.32124022738942015
2024-11-07,0.0,-1.4551915228366852e-11,136864.8143900237,136864.8143900237,107000.0,29864.814390023705,0.2791104148600345,0.021575347434789505,1.315681066449148,-1.0632327448965996e-16,1.897422845972793,-0.3065957494705882
2024-11-08,0.0,-1.4551915228366852e-11,136895.5581006801,136895.55810068006,107000.0,29895.558100680064,0.27939773925869216,0.00022462830051228622,1.3159766056511206,-1.0629939663684794e-16,1.897422845972793,-0.3064399912522239
2024-11-11,0.0,-1.4551915228366852e-11,137491.39662967256,137491.39662967256,107000.0,30491.396629672556,0.28496632364179963,0.004352504473185803,1.321704399713825,-1.0583873307769096e-16,1.897422845972793,-0.30342126821172644
2024-11-12,0.0,-1.4551915228366852e-11,136227.83367557958,136227.83367557958,107000.0,29227.833675579575,0.27315732407083715,-0.009190123782772619,1.3095577726762198,-1.0682042601530008e-16,1.897422845972793,-0.3098229129813074
2024-11-13,0.0,-1.4551915228366852e-11,136626.08902328543,136626.08902328543,107000.0,29626.08902328543,0.276879336666219,0.002923450641183045,1.3133862001864163,-1.0650905205876707e-16,1.897422845972793,-0.30780521433373276
2024-11-14,0.0,-1.4551915228366852e-11,134314.58020462672,134314.58020462672,107000.0,27314.58020462672,0.25527645051053005,-0.016918502426463755,1.2911656725716785,-1.0834203707592412e-16,1.897422845972793,-0.31951611349461306
2024-11-15,0.0,-1.4551915228366852e-11,132163.60638351718,132163.60638351715,107000.0,25163.60638351715,0.23517389143473966,-0.01601444770800453,1.2704883674259089,-1.1010531285094911e-16,1.897422845972793,-0.33041368711119323
2024-11-18,0.0,-1.4551915228366852e-11,131141.28540901793,131141.28540901793,107000.0,24141.28540901793,0.2256194898039059,-0.0077352684485062495,1.260660798843165,-1.109636464442203e-16,1.897422845972793,-0.3355931169908336
2024-11-19,0.0,-1.4551915228366852e-11,132303.5493507359,132303.5493507359,107000.0,25303.549350735906,0.2364817696330459,0.00886268529466494,1.271833638766633,-1.0998884988179579e-16,1.897422845972793,-0.3297046878791141
2024-11-20,0.0,-1.4551915228366852e-11,133310.80046822235,133310.80046822235,107000.0,26310.800468222355,0.24589533147871356,0.007613182884581793,1.2815163408573265,-1.0915781149956886e-16,1.897422845972793,-0.32460160708125996
2024-11-21,0.0,-1.4551915228366852e-11,133387.09991686733,133387.09991686733,107000.0,26387.09991686733,0.2466084104380124,0.0005723425887249611,1.282249807237346,-1.0909537157218532e-16,1.897422845972793,-0.32421504781663624
2024-11-22,0.0,-1.4551915228366852e-11,129885.29917570474,129885.29917570473,107000.0,22885.299175704728,0.21388130070752087,-0.026252919085466897,1.2485870068005884,-1.120366609671621e-16,1.897422845972793,-0.3419563754854822
2024-11-25,0.0,-1.4551915228366852e-11,129235.16355579831,129235.1635557983,107000.0,22235.163555798295,0.2078052668766195,-0.005005459617311692,1.242337254959348,-1.126002771071199e-16,1.897422845972793,-0.34525018627441895
2024-11-26,0.0,-1.4551915228366852e-11,128546.84389622515,128546.84389622514,107000.0,21546.84389622514,0.20137237286191723,-0.005326101972827013,1.2357204400547925,-1.1320320894159408e-16,1.897422845972793,-0.34873745054901095
2024-11-27,0.0,-1.4551915228366852e-11,130730.60542303081,130730.6054230308,107000.0,23730.605423030793,0.22178135909374563,0.016988060232490776,1.2567129333209635,-1.1131223007250943e-16,1.897422845972793,-0.337673763131772
2024-11-28,0.0,-1.4551915228366852e-11,130046.64683609651,130046.6468360965,107000.0,23046.646836096494,0.21538922276725692,-0.0052318168704342805,1.250138041395122,-1.1189765812806591e-16,1.897422845972793,-0.3411389327115504
2024-11-29,0.0,-1.4551915228366852e-11,131146.17439462533,131146.1743946253,107000.0,24146.174394625297,0.22566518125818025,0.00845487050438587,1.2607077966477243,-1.1095950984112904e-16,1.897422845972793,-0.3355683477072451
2024-12-02,1000.0,0.0,133911.38670531916,133911.38670531916,108000.0,25911.386705319164,0.23992024727147365,0.01345988412427701,1.2776767775051752,0.0,1.897422845972793,-0.32662517465888274
2024-12-03,0.0,0.0,134196.89570784057,134196.89570784057,108000.0,26196.895707840566,0.24256384914667195,0.002132074124134631,1.2804008791015016,0.0,1.897422845972793,-0.3251894896179294
2024-12-04,0.0,0.0,133419.17342482088,133419.17342482088,108000.0,25419.17342482088,0.23536271689648958,-0.005795382068396471,1.2729804668063978,0.0,1.897422845972793,-0.32910027434936295
2024-12-05,0.0,0.0,133595.762426242,133595.762426242,108000.0,25595.762426242,0.23699780024298156,0.001323565398346771,1.274665339705034,0.0,1.897422845972793,-0.3282122946867315
2024-12-06,0.0,0.0,135182.63732629182,135182.63732629182,108000.0,27182.63732629182,0.25169108635455384,0.011878182894655254,1.2898060477395283,0.0,1.897422845972793,-0.32023267745663964
2024-12-09,0.0,0.0,135213.59373481054,135213.59373481054,108000.0,27213.593734810536,0.2519777197667643,0.00022899692690558915,1.290101409360765,0.0,1.897422845972793,-0.3200770128287663
2024-12-10,0.0,0.0,136692.7725010785,136692.7725010785,108000.0,28692.772501078492,0.2656738194544306,0.010939571424815497,1.3042145658737223,0.0,1.897422845972793,-0.3126389467472327
2024-12-11,0.0,0.0,137688.18954253258,137688.18954253258,108000.0,29688.18954253258,0.27489064391233864,0.007282148304119218,1.3137120497628072,0.0,1.897422845972793,-0.30763348161897053
2024-12-12,0.0,0.0,139406.52890451316,139406.52890451316,108000.0,31406.528904513165,0.290801193560307,0.012479932866353627,1.330107087949567,0.0,1.897422845972793,-0.29899279395066425
2024-12-13,0.0,0.0,136401.5354897904,136401.5354897904,108000.0,28401.535489790404,0.26297718046102236,-0.02155561463538802,1.301435812137928,0.0,1.897422845972793,-0.31410343514089367
2024-12-16,0.0,0.0,135195.13548228418,135195.13548228418,108000.0,27195.135482284182,0.2518068100211499,-0.008844475270562646,1.2899252952812494,0.0,1.897422845972793,-0.3201698303469539
2024-12-17,0.0,0.0,134319.82640186892,134319.82640186892,108000.0,26319.826401868922,0.24370209631360118,-0.006474412539273389,1.2815737867747545,0.0,1.897422845972793,-0.32457133132193194
2024-12-18,0.0,0.0,134852.2868354553,134852.2868354553,108000.0,26852.286835455307,0.24863228551347505,0.003964123896299077,1.2866541040477788,0.0,1.897422845972793,-0.32189384839617985
2024-12-19,0.0,0.0,134491.69624056097,134491.69624056097,108000.0,26491.696240560967,0.2452934837088978,-0.0026739672226272493,1.2832136331466961,0.0,1.897422845972793,-0.3237070820190304
2024-12-20,0.0,0.0,134101.70194994193,134101.70194994193,108000.0,26101.701949941926,0.24168242546242524,-0.0028997648295063794,1.2794926153845543,0.0,1.897422845972793,-0.32566817243703583
2024-12-23,0.0,0.0,133118.76281363994,133118.76281363994,108000.0,25118.762813639943,0.23258113716333284,-0.007329803589434691,1.2701141858196534,0.0,1.897422845972793,-0.3306108922871769
2024-12-24,0.0,0.0,135052.74036406347,135052.74036406347,108000.0,27052.740364063473,0.2504883367042914,0.014528211572481409,1.2885666734324512,0.0,1.897422845972793,-0.3208858657060104
2024-12-25,0.0,0.0,133978.4669311118,133978.4669311118,108000.0,25978.46693111179,0.24054136047325736,-0.007954473415761498,1.2783168040841966,0.0,1.897422845972793,-0.3262878610335199
2024-12-26,0.0,0.0,134198.62973225876,134198.62973225876,108000.0,26198.629732258763,0.24257990492832193,0.0016432700432389424,1.280417423794117,0.0,1.897422845972793,-0.3251807700577899
2024-12-27,0.0,0.0,134386.3669962299,134386.3669962299,108000.0,26386.366996229888,0.24431821292805456,0.0013989506774076954,1.2822086646164985,0.0,1.897422845972793,-0.3242367312389344
2024-12-30,0.0,0.0,134036.56153239912,134036.56153239912,108000.0,26036.561532399122,0.24107927344813995,-0.0026029832612454173,1.2788710969250778,0.0,1.897422845972793,-0.325995731716084
2024-12-31,0.0,0.0,132395.99235294657,132395.99235294657,108000.0,24395.992352946574,0.22588881808283867,-0.012239714005614744,1.2632180804486681,0.0,1.897422845972793,-0.3342453511984428
2025-01-02,1000.0,-1.4551915228366852e-11,130965.70538303602,130965.70538303601,109000.0,21965.70538303601,0.20152023287188991,-0.01835619739479577,1.2400302000112773,-1.111124105796002e-16,1.897422845972793,-0.34646607494834714
2025-01-03,0.0,-1.4551915228366852e-11,127728.98866515828,127728.98866515826,109000.0,18728.988665158264,0.17182558408402082,-0.02471423116770388,1.2093838069932645,-1.1392805486399583e-16,1.897422845972793,-0.3626176634480105
2025-01-06,0.0,-1.4551915228366852e-11,126797.66675385267,126797.66675385265,109000.0,17797.666753852653,0.16328134636562064,-0.007291390318192148,1.2005657176119755,-1.1476485018147783e-16,1.897422845972793,-0.36726506684573235
2025-01-07,0.0,-1.4551915228366852e-11,128625.38924492475,128625.38924492474,109000.0,19625.389244924736,0.18004944261398848,0.014414480470056112,1.2178712487015122,-1.1313408117784209e-16,1.897422845972793,-0.35814452150905796
2025-01-08,0.0,-1.4551915228366852e-11,128968.90845355944,128968.90845355943,109000.0,19968.90845355943,0.18320099498678366,0.002670695192071193,1.2211238115899812,-1.1283273932342282e-16,1.897422845972793,-0.3564303211686476
2025-01-09,0.0,-1.4551915228366852e-11,129132.74247978654,129132.74247978652,109000.0,20132.742479786524,0.18470405944758284,0.0012703373874494162,1.2226750508225486,-1.126895855297482e-16,1.897422845972793,-0.3556127705441994
2025-01-10,0.0,-1.4551915228366852e-11,126373.70415148021,126373.7041514802,109000.0,17373.704151480197,0.15939178120624042,-0.021365908253193067,1.1965514878632058,-1.1514986702394927e-16,1.897422845972793,-0.36938068896828125
2025-01-13,0.0,-1.4551915228366852e-11,125894.81317913174,125894.81317913173,109000.0,16894.81317913173,0.15499828604708,-0.0037894827532667374,1.1920171766365524,-1.1558788532186305e-16,1.897422845972793,-0.37177040997131294
2025-01-14,0.0,-1.4551915228366852e-11,130585.44092722755,130585.44092722754,109000.0,21585.440927227537,0.19803156813970224,0.03725830818321052,1.2364297199633576,-1.1143596962295607e-16,1.897422845972793,-0.3483636382962121
2025-01-15,0.0,-1.4551915228366852e-11,130067.08976715108,130067.08976715106,109000.0,21067.08976715106,0.19327605290964267,-0.003969440669617574,1.231521785547811,-1.1188007092661186e-16,1.897422845972793,-0.35095027017216085
2025-01-16,0.0,-1.4551915228366852e-11,130085.05964660968,130085.05964660966,109000.0,21085.05964660966,0.19344091418907938,0.00013815854180143639,1.2316919308018992,-1.1186461587440347e-16,1.897422845972793,-0.35086059840793116
2025-01-17,0.0,-1.4551915228366852e-11,130473.15435596024,130473.15435596023,109000.0,21473.15435596023,0.19700141610972688,0.002983391869941565,1.2353665504945261,-1.1153187259247172e-16,1.897422845972793,-0.34892396119476266
2025-01-20,0.0,-1.4551915228366852e-11,130948.53484455953,130948.53484455952,109000.0,21948.534844559515,0.20136270499595876,0.003643511885229156,1.2398676232038675,-1.111269801196362e-16,1.897422845972793,-0.3465517579091879
2025-01-21,0.0,-1.4551915228366852e-11,131315.78881170944,131315.78881170944,109000.0,22315.78881170944,0.2047320074468757,0.0028045672109724418,1.2433449152858513,-1.1081618867044613e-16,1.897422845972793,-0.3447191183953524
2025-01-22,0.0,-1.4551915228366852e-11,129752.96721623185,129752.96721623183,109000.0,20752.96721623183,0.19039419464432883,-0.011901246678862831,1.2285475607421246,-1.1215092448804082e-16,1.897422845972793,-0.352517777811272
2025-01-23,0.0,-1.4551915228366852e-11,129926.52104149766,129926.52104149765,109000.0,20926.521041497646,0.1919864315733728,0.00133757114761468,1.2301908305128457,-1.1200111502807858e-16,1.897422845972793,-0.35165172427227886
2025-01-24,0.0,-1.4551915228366852e-11,131496.16001164797,131496.16001164797,109000.0,22496.160011647968,0.20638678909768782,0.01208097436588007,1.2450527344014122,-1.1066418385964912e-16,1.897422845972793,-0.34381904537304975
2025-01-27,0.0,-1.4551915228366852e-11,130529.26366711823,130529.26366711821,109000.0,21529.26366711821,0.19751618043227714,-0.007353038632033848,1.2358978135464391,-1.114839295001144e-16,1.897422845972793,-0.34864396928202657
2025-02-05,1000.0,0.0,132329.63042239263,132329.63042239263,110000.0,22329.630422392627,0.20299664020356945,0.006131703594954407,1.2434759726127582,0.0,1.897422845972793,-0.34465004716687797
2025-02-06,0.0,0.0,134285.58754288848,134285.58754288848,110000.0,24285.587542888476,0.22077806857171334,0.014780945992613148,1.2618557238070596,0.0,1.897422845972793,-0.33496335490778995
2025-02-07,0.0,0.0,135843.4370289014,135843.4370289014,110000.0,25843.43702890139,0.23494033662637626,0.011601017760117793,1.2764945344696517,0.0,1.897422845972793,-0.32724825297694604
2025-02-10,0.0,0.0,136998.45296361798,136998.45296361798,110000.0,26998.45296361798,0.24544048148743625,0.008502552349811676,1.2873479960732284,0.0,1.897422845972793,-0.32152814602945523
2025-02-11,0.0,0.0,137105.8313861016,137105.8313861016,110000.0,27105.831386101607,0.24641664896456006,0.0007837929564953328,1.288357010365109,0.0,1.897422845972793,-0.3209963645691327
2025-02-12,0.0,0.0,138521.45988936385,138521.45988936385,110000.0,28521.459889363847,0.2592859989942169,0.01032507872896904,1.3016593979281479,0.0,1.897422845972793,-0.3139855985760529
2025-02-13,0.0,0.0,138126.41138652436,138126.41138652436,110000.0,28126.411386524356,0.2556946489684033,-0.0028518938737362998,1.2979472034655053,0.0,1.897422845972793,-0.3159420388447687
2025-02-14,0.0,0.0,138857.80279084365,138857.80279084365,110000.0,28857.80279084365,0.26234366173494217,0.005295087282566113,1.3048199471960178,0.0,1.897422845972793,-0.3123198922341175
2025-02-17,0.0,0.0,139271.77387481264,139271.77387481264,110000.0,29271.773874812643,0.26610703522556944,0.0029812590697013697,1.3087099534979232,0.0,1.897422845972793,-0.3102697396757873
2025-02-18,0.0,0.0,137295.3761785151,137295.3761785151,110000.0,27295.376178515085,0.24813978344104615,-0.01419094222260775,1.2901381261616824,0.0,1.897422845972793,-0.32005766194923235
2025-02-19,0.0,0.0,138563.42949427394,138563.42949427394,110000.0,28563.429494273936,0.2596675408570357,0.009235950627427547,1.3020537781974737,0.0,1.897422845972793,-0.31377774808549785
2025-02-20,0.0,0.0,138777.99417009598,138777.99417009598,110000.0,28777.994170095975,0.2616181288190542,0.0015484942643606558,1.3040700010049016,0.0,1.897422845972793,-0.3127151368643316
2025-02-21,0.0,0.0,140014.28795026022,140014.28795026022,110000.0,30014.287950260215,0.27285716318418385,0.008908428080095732,1.315687214820264,0.0,1.897422845972793,-0.306592509090549
2025-02-24,0.0,0.0,139934.66844822947,139934.66844822947,110000.0,29934.668448229466,0.27213334952935875,-0.0005686526939239211,1.3149390457411954,0.0,1.897422845972793,-0.3069868171282417
2025-02-25,0.0,0.0,138214.70455589294,138214.70455589294,110000.0,28214.70455589294,0.2564973141444813,-0.012291192107071414,1.2987768773209012,0.0,1.897422845972793,-0.31550477529165144
2025-02-26,0.0,0.0,139412.0591880615,139412.0591880615,110000.0,29412.05918806151,0.26738235625510454,0.008663004678234998,1.3100281874851156,0.0,1.897422845972793,-0.30957498995777355
2025-02-27,0.0,0.0,139828.35643954008,139828.35643954008,110000.0,29828.356439540075,0.2711668767230917,0.0029860921207469637,1.3139400523337215,0.0,1.897422845972793,-0.3075133172753197
2025-02-28,0.0,0.0,136712.57328322917,136712.57328322917,110000.0,26712.57328322917,0.2428415753020834,-0.02228291339216404,1.2846616399450737,0.0,1.897422845972793,-0.32294393805170074
2025-03-03,1000.0,2.9103830456733704e-11,137321.02648659912,137321.02648659915,111000.0,26321.02648659915,0.2371263647441364,-0.002864014532290682,1.2809823503391946,2.1194008813773237e-16,1.897422845972793,-0.3248830364522962
2025-03-04,0.0,2.9103830456733704e-11,138834.61778324196,138834.617783242,111000.0,27834.617783241993,0.2507623223715494,0.011022283588817627,1.2951017010769033,2.0962949242365888e-16,1.897422845972793,-0.31744170582445197
2025-03-05,0.0,2.9103830456733704e-11,139924.65261950338,139924.6526195034,111000.0,28924.65261950341,0.26058245603156216,0.00785131873927325,1.305269957331833,2.0799644602924719e-16,1.897422845972793,-0.3120827230987452
2025-03-06,0.0,2.9103830456733704e-11,142285.4539375872,142285.45393758724,111000.0,31285.45393758724,0.28185093637465974,0.016871946964939433,1.3272924028268644,2.0454536743791072e-16,1.897422845972793,-0.3004762192866016
2025-03-07,0.0,2.9103830456733704e-11,142058.06687467004,142058.06687467007,111000.0,31058.06687467007,0.279802404276307,-0.0015981047719531016,1.3251712505041298,2.0487277559823756e-16,1.897422845972793,-0.30159413157865433
2025-03-10,0.0,2.9103830456733704e-11,141834.42372480425,141834.42372480428,111000.0,30834.423724804277,0.27778760112436296,-0.0015743079909928959,1.323085022815027,2.051958170126789e-16,1.897422845972793,-0.3026936375182664
2025-03-11,0.0,2.9103830456733704e-11,142162.11341143164,142162.11341143167,111000.0,31162.113411431666,0.28073976046334836,0.0023103678079110512,1.3261418358588681,2.047228319721461e-16,1.897422845972793,-0.301082603346137
2025-03-12,0.0,2.9103830456733704e-11,142108.03630905258,142108.0363090526,111000.0,31108.036309052608,0.28025257936083436,-0.0003803903943279119,1.325637384242991,2.0480073620494974e-16,1.897422845972793,-0.3013484648102529
2025-03-13,0.0,2.9103830456733704e-11,140239.08299085658,140239.0829908566,111000.0,29239.08299085661,0.2634151620797893,-0.013151637069500066,1.3082030824796658,2.075300967179829e-16,1.897422845972793,-0.3105368762391175
2025-03-14,0.0,2.9103830456733704e-11,142850.8113406115,142850.81134061152,111000.0,31850.811340611515,0.2869442463118155,0.018623398656458567,1.3325662700082925,2.0373584289513714e-16,1.897422845972793,-0.2976967296263914
2025-03-17,0.0,2.9103830456733704e-11,143233.05045429018,143233.0504542902,111000.0,32233.050454290205,0.29038784193054235,0.0026757923885170065,1.3361319406907752,2.031921429057435e-16,1.897422845972793,-0.29581751188109506
2025-03-18,0.0,2.9103830456733704e-11,144030.68791445746,144030.6879144575,111000.0,33030.68791445749,0.29757376499511246,0.005568808718640295,1.3435726038913478,2.020668711519243e-16,1.897422845972793,-0.2918960543017447
2025-03-19,0.0,2.9103830456733704e-11,143576.99941043192,143576.99941043195,111000.0,32576.99941043195,0.2934864811750626,-0.0031499433252377695,1.339340426335748,2.0270538161573457e-16,1.897422845972793,-0.29412654159907137
2025-03-20,0.0,2.9103830456733704e-11,143014.31476110558,143014.3147611056,111000.0,32014.314761105605,0.2884172501000506,-0.003919044496241697,1.334091491609323,2.0350291860887778e-16,1.897422845972793,-0.2968928910912606
2025-03-21,0.0,2.9103830456733704e-11,140378.94426225565,140378.94426225568,111000.0,29378.94426225568,0.2646751735338351,-0.01842731969350131,1.309507761193058,2.0732333192620385e-16,1.897422845972793,-0.3098492705658954
2025-03-24,0.0,2.9103830456733704e-11,139942.5356600982,139942.53566009822,111000.0,28942.53566009822,0.26074356450538927,-0.003108789601253603,1.3054367770823,2.0796986648450498e-16,1.897422845972793,-0.31199480397685764
2025-03-25,0.0,2.9103830456733704e-11,138803.176487493,138803.17648749304,111000.0,27803.176487493038,0.25047906745489223,-0.008141621610834093,1.2948084048064292,2.0967697709249562e-16,1.897422845972793,-0.3175962819491659
2025-03-26,0.0,2.9103830456733704e-11,139274.20038068388,139274.2003806839,111000.0,28274.200380683906,0.2547225259521073,0.003393466238384768,1.2992022934133167,2.0896785174269897e-16,1.897422845972793,-0.3152805679710121
2025-03-27,0.0,2.9103830456733704e-11,139171.2122171455,139171.21221714554,111000.0,28171.21221714554,0.2537947046589688,-0.0007394633267099326,1.29824158096336,2.091224901549588e-16,1.897422845972793,-0.3157868928800832
2025-03-28,0.0,2.9103830456733704e-11,137774.33138926714,137774.33138926717,111000.0,26774.331389267172,0.24121019269610056,-0.010037139187225375,1.2852109495165873,2.1124276317120225e-16,1.897422845972793,-0.3226544350699697
2025-03-31,0.0,2.9103830456733704e-11,136848.19312838078,136848.1931283808,111000.0,25848.193128380808,0.2328666047601875,-0.006722139396704185,1.2765715823597663,2.1267237653207926e-16,1.897422845972793,-0.3272076463771687
2025-04-01,1000.0,0.0,137584.6879986208,137584.6879986208,112000.0,25584.687998620793,0.2284347142734,-0.0019255287463884052,1.27411350708111,0.0,1.897422845972793,-0.3285031273944198
2025-04-02,0.0,0.0,137731.23683321878,137731.23683321878,112000.0,25731.236833218776,0.22974318601088184,0.0010651536644794568,1.2754706337521402,0.0,1.897422845972793,-0.32778788003987747
2025-04-03,0.0,0.0,135532.2286920336,135532.2286920336,112000.0,23532.22869203359,0.21010918475029983,-0.015965936208414355,1.2551065509779478,0.0,1.897422845972793,-0.33852037586568373
2025-04-07,0.0,0.0,121192.40002961183,121192.40002961183,112000.0,9192.400029611832,0.0820750002643913,-0.10580382836473368,1.1223114728788242,0.0,1.897422845972793,-0.4085074524843595
2025-04-08,0.0,0.0,120923.3512482375,120923.3512482375,112000.0,8923.351248237494,0.07967277900212055,-0.002220013642015517,1.1198199260984427,0.0,1.897422845972793,-0.40982057400899463
2025-04-09,0.0,0.0,123523.1985864062,123523.1985864062,112000.0,11523.1985864062,0.10288570166434119,0.021499961019370017,1.143896010858273,0.0,1.897422845972793,-0.39713173935575397
2025-04-10,0.0,0.0,126581.51404170305,126581.51404170305,112000.0,14581.514041703049,0.13019208965806284,0.02475903709016669,1.1722177746184066,0.0,1.897422845972793,-0.3822053017299788
2025-04-11,0.0,0.0,128404.27759166554,128404.27759166554,112000.0,16404.277591665537,0.14646676421129934,0.014399919006830464,1.1890976156312787,0.0,1.897422845972793,-0.3733091081120412
2025-04-14,0.0,0.0,129708.34982535898,129708.34982535898,112000.0,17708.34982535898,0.15811026629784797,0.010155987465156668,1.2011740761104777,0.0,1.897422845972793,-0.36694444326949927
2025-04-15,0.0,0.0,129235.80574042752,129235.80574042752,112000.0,17235.805740427517,0.15389112268238847,-0.0036431277212893853,1.1967980455357055,0.0,1.897422845972793,-0.3692507455173404
2025-04-16,0.0,0.0,127967.18808144389,127967.18808144389,112000.0,15967.188081443892,0.1425641792986061,-0.00981630169530312,1.1850499148523779,0.0,1.897422845972793,-0.37544237049342977
2025-04-17,0.0,0.0,127867.12157352993,127867.12157352993,112000.0,15867.121573529934,0.14167072833508865,-0.0007819700457141199,1.1841232413162872,0.0,1.897422845972793,-0.37593075585152613
2025-04-18,0.0,0.0,127912.8990926454,127912.8990926454,112000.0,15912.899092645399,0.14207945618433393,0.00035800852128464733,1.1845471675269297,0.0,1.897422845972793,-0.37570733374424925
2025-04-21,0.0,0.0,130399.27002683646,130399.27002683646,112000.0,18399.270026836457,0.1642791966681827,0.019438000012728995,1.2075723953843962,0.0,1.897422845972793,-0.3635723328896233
2025-04-22,0.0,0.0,129804.74817210696,129804.74817210696,112000.0,17804.748172106963,0.15897096582238368,-0.004559242199800195,1.2020667803600458,0.0,1.897422845972793,-0.3664739607666334
2025-04-23,0.0,0.0,131371.72409723903,131371.72409723903,112000.0,19371.72409723903,0.17296182229677703,0.012071792035330153,1.216577880545131,0.0,1.897422845972793,-0.3588261661720419
2025-04-24,0.0,0.0,129956.1708738243,129956.1708738243,112000.0,17956.170873824303,0.1603229542305742,-0.010775174286111633,1.203469041849629,0.0,1.897422845972793,-0.3657349259792325
2025-04-25,0.0,0.0,130564.92183576664,130564.92183576664,112000.0,18564.92183576664,0.16575823067648776,0.004684278998443148,1.2091064266076417,0.0,1.897422845972793,-0.36276385141355105
2025-04-28,0.0,0.0,129760.94056357502,129760.94056357502,112000.0,17760.940563575015,0.15857982646049118,-0.006157712660395331,1.2016610966567545,0.0,1.897422845972793,-0.3666877685133634
2025-04-29,0.0,0.0,130545.81711977272,130545.81711977272,112000.0,18545.81711977272,0.16558765285511368,0.0060486349188657584,1.208929505926635,0.0,1.897422845972793,-0.3628570940354485
2025-04-30,0.0,0.0,131769.26043985324,131769.26043985324,112000.0,19769.260439853242,0.17651125392726108,0.009371754278101774,1.2202592961957264,0.0,1.897422845972793,-0.356885947280713
2025-05-06,1000.0,0.0,136143.7763631313,136143.7763631313,113000.0,23143.7763631313,0.20481218020470182,0.025609280282925972,1.2515092585298486,0.0,1.897422845972793,-0.3404162592507364
2025-05-07,0.0,0.0,136609.5923475895,136609.5923475895,113000.0,23609.592347589496,0.2089344455538893,0.003421500393934629,1.2557912979509214,0.0,1.897422845972793,-0.33815949322192995
2025-05-08,0.0,0.0,137610.91359541868,137610.91359541868,113000.0,24610.91359541868,0.21779569553467848,0.00732980188742105,1.264995999376849,0.0,1.897422845972793,-0.3333083334261764
2025-05-09,0.0,0.0,137272.1925121757,137272.1925121757,113000.0,24272.19251217571,0.21479816382456374,-0.0024614405528824435,1.2618822869247488,0.0,1.897422845972793,-0.3349493553305499
2025-05-12,0.0,0.0,138636.2345459207,138636.2345459207,113000.0,25636.234545920714,0.226869332264785,0.009936768756891645,1.2744213194083376,0.0,1.897422845972793,-0.32834090086284784
2025-05-13,0.0,0.0,138462.01290109678,138462.01290109678,113000.0,25462.01290109678,0.22532754779731667,-0.0012566818869148566,1.272819777219939,0.0,1.897422845972793,-0.3291849626869151
2025-05-14,0.0,0.0,139129.96895444632,139129.96895444632,113000.0,26129.968954446318,0.23123866331368426,0.004824110522116065,1.278960000499983,0.0,1.897422845972793,-0.32594887680701934
2025-05-15,0.0,0.0,137785.38390296936,137785.38390296936,113000.0,24785.383902969363,0.21933968055725095,-0.009664237414709675,1.266599827411234,0.0,1.897422845972793,-0.3324630668912081
2025-05-16,0.0,0.0,137695.10248048074,137695.10248048074,113000.0,24695.10248048074,0.21854072991575868,-0.0006552322164461444,1.265769910398969,0.0,1.897422845972793,-0.3329004585954486
2025-05-19,0.0,0.0,137889.21561845895,137889.21561845895,113000.0,24889.215618458955,0.220258545296097,0.0014097316061458809,1.267554306247767,0.0,1.897422845972793,-0.3319600272874851
2025-05-20,0.0,0.0,139262.3315418642,139262.3315418642,113000.0,26262.3315418642,0.23241001364481595,0.009958109611738486,1.2801767509682134,0.0,1.897422845972793,-0.3253076120141911
2025-05-21,0.0,0.0,139049.54667552793,139049.54667552793,113000.0,26049.546675527934,0.2305269617303356,-0.0015279427249306199,1.2782207142149462,0.0,1.897422845972793,-0.32633850333998005
2025-05-22,0.0,0.0,138523.03764860434,138523.03764860434,113000.0,25523.03764860434,0.2258675898106579,-0.0037864850300606268,1.273380750615458,0.0,1.897422845972793,-0.3288893125124115
2025-05-23,0.0,0.0,137269.6875205379,137269.6875205379,113000.0,24269.687520537904,0.2147759957569726,-0.009047954400522529,1.261859259649386,0.0,1.897422845972793,-0.3349614914105026
2025-05-26,0.0,0.0,137297.91496627027,137297.91496627027,113000.0,24297.91496627027,0.2150257961616837,0.0002056349529326873,1.2621187420188518,0.0,1.897422845972793,-0.3348247362480903
2025-05-27,0.0,0.0,136930.7129656616,136930.7129656616,113000.0,23930.7129656616,0.21177622093505843,-0.002674490728419854,1.2587432171451574,0.0,1.897422845972793,-0.336603741323769
2025-05-28,0.0,0.0,136903.88294747635,136903.88294747635,113000.0,23903.882947476348,0.21153878714580832,-0.00019593864374300995,1.2584965807063693,0.0,1.897422845972793,-0.3367337262869582
2025-05-29,0.0,0.0,137794.7603026713,137794.7603026713,113000.0,24794.76030267129,0.21942265754576362,0.006507319851086546,1.2666860204885244,0.0,1.897422845972793,-0.33241764049746914
2025-05-30,0.0,0.0,136471.18774652248,136471.18774652248,113000.0,23471.187746522482,0.2077096260754201,-0.009605391041295985,1.2545190059351892,0.0,1.897422845972793,-0.3388300301127619
2025-06-03,1000.0,0.0,137048.96344787156,137048.96344787156,114000.0,23048.96344787156,0.20218388989361014,-0.003093871355726363,1.2506376855175119,0.0,1.897422845972793,-0.3408756049438626
2025-06-04,0.0,0.0,137342.51543427818,137342.51543427818,114000.0,23342.515434278175,0.20475890731822965,0.0021419497019272704,1.253316488535225,0.0,1.897422845972793,-0.33946379364233914
2025-06-05,0.0,0.0,137478.62641492212,137478.62641492212,114000.0,23478.626414922124,0.2059528632887906,0.0009910331131883776,1.2545585666766683,0.0,1.897422845972793,-0.3388091803893789
2025-06-06,0.0,0.0,137262.35614127674,137262.35614127674,114000.0,23262.356141276745,0.2040557556252347,-0.0015731192497708824,1.2525849964454643,0.0,1.897422845972793,-0.3398493123954802
2025-06-09,0.0,0.0,138370.45659448614,138370.45659448614,114000.0,24370.45659448614,0.213775935039352,0.008072864872499252,1.2626969458630886,0.0,1.897422845972793,-0.3345200050989614
2025-06-10,0.0,0.0,137532.74048811515,137532.74048811515,114000.0,23532.740488115145,0.20642754814136088,-0.006054154383735466,1.2550523836129621,0.0,1.897422845972793,-0.33854892372737977
2025-06-11,0.0,0.0,138159.8879508173,138159.8879508173,114000.0,24159.887950817298,0.21192884167383585,0.004559986665548577,1.2607754057468021,0.0,1.897422845972793,-0.3355327156396639
2025-06-12,0.0,0.0,138106.93981111603,138106.93981111603,114000.0,24106.939811116026,0.21146438430803527,-0.0003832381488332315,1.2602922285142093,0.0,1.897422845972793,-0.33578736485168237
2025-06-13,0.0,0.0,137041.07180160214,137041.07180160214,114000.0,23041.071801602142,0.20211466492633456,-0.0077177005802289145,1.2505656704509471,0.0,1.897422845972793,-0.3409135590913619
2025-06-16,0.0,0.0,136997.23216774146,136997.23216774146,114000.0,22997.23216774146,0.20173010673457425,-0.0003199014228679742,1.25016561271358,0.0,1.897422845972793,-0.34112440178160164
2025-06-17,0.0,0.0,136769.8585672075,136769.8585672075,114000.0,22769.8585672075,0.19973560146673242,-0.0016596948488386554,1.248090719285964,0.0,1.897422845972793,-0.3422179342179902
2025-06-18,0.0,0.0,136850.22602984088,136850.22602984088,114000.0,22850.22602984088,0.2004405792091306,0.0005876109215532388,1.2488241110237057,0.0,1.897422845972793,-0.3418314142921348
2025-06-19,0.0,0.0,134851.44026686784,134851.44026686784,114000.0,20851.440266867838,0.1829073707619986,-0.014605644586492605,1.2305842299070509,0.0,1.897422845972793,-0.3514443907329784
2025-06-20,0.0,0.0,134238.83869359744,134238.83869359744,114000.0,20238.83869359744,0.17753367275085474,-0.0045427885090294495,1.2249939460080363,0.0,1.897422845972793,-0.35439064170222323
2025-06-23,0.0,0.0,135200.973651493,135200.973651493,114000.0,21200.973651492997,0.18597345308327196,0.007167336720572015,1.2337738900997381,0.0,1.897422845972793,-0.3497633420413506
2025-06-24,0.0,0.0,136976.2095917113,136976.2095917113,114000.0,22976.20959171129,0.20154569817290602,0.013130348785758805,1.24997377159951,0.0,1.897422845972793,-0.3412255079290675
2025-06-25,0.0,0.0,138710.42469115194,138710.42469115194,114000.0,24710.424691151944,0.2167581113258943,0.012660702939655488,1.2657993182040923,0.0,1.897422845972793,-0.33288495978073496
2025-06-26,0.0,0.0,138094.08334823238,138094.08334823238,114000.0,24094.08334823238,0.21135160831782795,-0.00444336713907334,1.2601749071089228,0.0,1.897422845972793,-0.33584919682842684
2025-06-27,0.0,0.0,138175.7147555106,138175.7147555106,114000.0,24175.71475551059,0.2120676732939526,0.00059112892673574,1.2609198329492615,0.0,1.897422845972793,-0.33545659807695727
2025-06-30,0.0,0.0,139984.3926981182,139984.3926981182,114000.0,25984.3926981182,0.22793326928173863,0.013089694855625611,1.2774248887999737,0.0,1.897422845972793,-0.32675792772746526
2025-07-01,1000.0,2.9103830456733704e-11,141612.33401071484,141612.33401071487,115000.0,26612.33401071487,0.23141160009317274,0.004485795169686169,1.2831551551957896,2.0551762429486975e-16,1.897422845972793,-0.32373790169163563
2025-07-02,0.0,2.9103830456733704e-11,140019.11883923184,140019.11883923187,115000.0,25019.118839231873,0.2175575551237554,-0.011250539598919751,1.2687189673107013,2.0785611777881805e-16,1.897422845972793,-0.3313462152079024
2025-07-03,0.0,2.9103830456733704e-11,140906.4993700794,140906.49937007943,115000.0,25906.49937007943,0.22527390756590804,0.006337566885179724,1.276759558624529,2.065471116438346e-16,1.897422845972793,-0.32710857712375396
2025-07-04,0.0,2.9103830456733704e-11,140809.11367622283,140809.11367622286,115000.0,25809.113676222856,0.22442707544541607,-0.0006911369900745035,1.2758771428661324,2.0668996272254927e-16,1.897422845972793,-0.32757363727640754
2025-07-07,0.0,2.9103830456733704e-11,140629.9686330698,140629.96863306983,115000.0,25629.96863306983,0.2228692924614768,-0.0012722546039523053,1.2742539022970434,2.0695325996033676e-16,1.897422845972793,-0.3284291348122016
2025-07-08,0.0,2.9103830456733704e-11,142296.56300575644,142296.56300575647,115000.0,27296.56300575647,0.23736141744136052,0.011850919038708607,1.2893549821279242,2.0452939861629922e-16,1.897422845972793,-0.32047040286010553
2025-07-09,0.0,2.9103830456733704e-11,142588.23445249093,142588.23445249096,115000.0,27588.234452490957,0.2398976908912258,0.00204974344125719,1.2919978290459933,2.041110233848279e-16,1.897422845972793,-0.3190775415252278
2025-07-10,0.0,2.9103830456733704e-11,142562.72430826936,142562.7243082694,115000.0,27562.72430826939,0.23967586355016857,-0.00017890777818740933,1.2917666805849757,2.0414754696887851e-16,1.897422845972793,-0.3191993638493914
2025-07-11,0.0,2.9103830456733704e-11,143266.40009292442,143266.40009292445,115000.0,28266.40009292445,0.24579478341673444,0.004935903042463385,1.2981427156738279,2.031448437167164e-16,1.897422845972793,-0.31583899791810466
2025-07-14,0.0,2.9103830456733704e-11,143181.01593529506,143181.0159352951,115000.0,28181.015935295087,0.24505231248082682,-0.0005959817345447815,1.297369046326454,2.0326598653194368e-16,1.897422845972793,-0.31624674537883324
2025-07-15,0.0,2.9103830456733704e-11,144183.32454490435,144183.32454490438,115000.0,29183.324544904375,0.25376803952090765,0.0070002898293599625,1.3064510056663796,2.0185295732773608e-16,1.897422845972793,-0.3114602744247169
2025-07-16,0.0,2.9103830456733704e-11,144448.90700661254,144448.90700661257,115000.0,29448.90700661257,0.25607745223141376,0.001841977652731197,1.3088574592232052,2.0148183229521695e-16,1.897422845972793,-0.3101919996371896
2025-07-17,0.0,2.9103830456733704e-11,146576.9685743209,146576.96857432093,115000.0,31576.968574320927,0.27458233542887767,0.014732278781527386,1.328139912197763,1.9855664051325219e-16,1.897422845972793,-0.3000295558701167
2025-07-18,0.0,2.9103830456733704e-11,146760.95111882468,146760.9511188247,115000.0,31760.951118824712,0.276182183641954,0.0012551940887663982,1.3298069855646084,1.9830772582803613e-16,1.897422845972793,-0.29915095710633377
2025-07-21,0.0,2.9103830456733704e-11,147530.1314672983,147530.13146729834,115000.0,32530.131467298343,0.28287070841129003,0.005241042270507368,1.3367765601875685,1.9727380547467948e-16,1.897422845972793,-0.29547777764728334
2025-07-22,0.0,2.9103830456733704e-11,147587.6783344393,147587.67833443932,115000.0,32587.67833443932,0.2833711159516463,0.00039006856815371194,1.3372979947063424,1.9719688516803763e-16,1.897422845972793,-0.2952029656727778
2025-07-23,0.0,2.9103830456733704e-11,146977.8949741272,146977.89497412724,115000.0,31977.894974127237,0.2780686519489326,-0.004131668491527352,1.3317727227178315,1.9801501757700978e-16,1.897422845972793,-0.29811495337242944
2025-07-24,0.0,2.9103830456733704e-11,148545.12851106955,148545.12851106958,115000.0,33545.128511069575,0.2916967696614745,0.010663056082128586,1.345973489948821,1.9592584925842846e-16,1.897422845972793,-0.2906307137570322
2025-07-25,0.0,2.9103830456733704e-11,148436.34369197267,148436.3436919727,115000.0,33436.343691972696,0.29075081471280595,-0.0007323351508546905,1.3449877862500128,1.9606943779973754e-16,1.897422845972793,-0.2911502098202846
2025-07-28,0.0,2.9103830456733704e-11,149705.5020371637,149705.50203716374,115000.0,34705.50203716374,0.3017869742362065,0.008550185982920233,1.3564876819672065,1.944072199130584e-16,1.897422845972793,-0.28508941228029416
2025-07-29,0.0,2.9103830456733704e-11,151844.6441283433,151844.64412834332,115000.0,36844.64412834332,0.32038820981168104,0.01428900115273346,1.3758705360185046,1.9166846893944006e-16,1.897422845972793,-0.2748740540682659
2025-07-30,0.0,2.9103830456733704e-11,151553.4304666662,151553.43046666624,115000.0,36553.430466666236,0.31785591710144545,-0.0019178395349325195,1.3732318371095795,1.9203676463882494e-16,1.897422845972793,-0.2762647292751791
2025-07-31,0.0,2.9103830456733704e-11,150472.99144781873,150472.99144781876,115000.0,35472.99144781876,0.30846079519842395,-0.0071290964217739505,1.3634419349333755,1.9341564341017553e-16,1.897422845972793,-0.28142430780401506
2025-08-01,1000.0,0.0,150995.3378251436,150995.3378251436,116000.0,34995.33782514359,0.3016839467684793,-0.003174347888476703,1.359113895906159,0.0,1.897422845972793,-0.28370531703524815
2025-08-04,0.0,0.0,152434.54573030016,152434.54573030016,116000.0,36434.54573030016,0.31409091146810475,0.009531472467204205,1.3720682525847832,0.0,1.897422845972793,-0.27687797398616487
2025-08-05,0.0,0.0,153664.23614654923,153664.23614654923,116000.0,37664.23614654923,0.3246916909185278,0.008067006139308663,1.383136735601935,0.0,1.897422845972793,-0.27104454416284196
2025-08-06,0.0,0.0,154816.5999100854,154816.5999100854,116000.0,38816.59991008541,0.33462586129383975,0.007499232042758264,1.393509198929077,0.0,1.897422845972793,-0.2655779380506845
2025-08-07,0.0,0.0,154149.2921962346,154149.2921962346,116000.0,38149.2921962346,0.3288732085882293,-0.00431031113096636,1.387502740717829,0.0,1.897422845972793,-0.26874352563913195
2025-08-08,0.0,0.0,153689.28129337364,153689.28129337364,116000.0,37689.28129337364,0.3249075973566693,-0.00298419082116419,1.3833621677746388,0.0,1.897422845972793,-0.2709257344978365
2025-08-11,0.0,0.0,155418.2309952654,155418.2309952654,116000.0,39418.23099526539,0.339812336166081,0.01124964400472006,1.3989244996917014,0.0,1.897422845972793,-0.26272390855793437
2025-08-12,0.0,0.0,155999.24554331868,155999.24554331868,116000.0,39999.245543318684,0.34482108226998864,0.0037383937800128386,1.4041542303400565,0.0,1.897422845972793,-0.2599676802035351
2025-08-13,0.0,0.0,159343.4660021808,159343.4660021808,116000.0,43343.466002180794,0.37365056898431726,0.021437414310657488,1.4342556663319186,0.0,1.897422845972793,-0.24410330076078135
2025-08-14,0.0,0.0,157486.83073221004,157486.83073221004,116000.0,41486.830732210045,0.3576450925190522,-0.011651781629661184,1.4175440325067148,0.0,1.897422845972793,-0.2529108440348985
2025-08-15,0.0,0.0,159828.7393946802,159828.7393946802,116000.0,43828.73939468019,0.3778339602989671,0.014870504737328316,1.4386236277574773,0.0,1.897422845972793,-0.24180125120191287
2025-08-18,0.0,0.0,163151.08703058172,163151.08703058172,116000.0,47151.08703058172,0.40647488819467004,0.020786922605310343,1.4685281857658428,0.0,1.897422845972793,-0.22604063249120387
2025-08-19,0.0,0.0,162521.5658141476,162521.5658141476,116000.0,46521.56581414759,0.4010479811564447,-0.0038585168379303703,1.46286184503409,0.0,1.897422845972793,-0.22902696774261044
2025-08-20,0.0,0.0,163478.58938251578,163478.58938251578,116000.0,47478.589382515784,0.4092981843320327,0.005888594314077622,1.4714760449770388,0.0,1.897422845972793,-0.2244870203285525
2025-08-21,0.0,0.0,163102.59602485047,163102.59602485047,116000.0,47102.59602485047,0.4060568622831937,-0.002299954746890709,1.4680917166624579,0.0,1.897422845972793,-0.22627066508742322
2025-08-22,0.0,0.0,166672.04000413965,166672.04000413965,116000.0,50672.04000413965,0.4368279310701695,0.02188465460565281,1.5002203968110357,0.0,1.897422845972793,-0.2093378658346
2025-08-25,0.0,0.0,170739.8260306338,170739.8260306338,116000.0,54739.82603063379,0.47189505198822235,0.02440592931119756,1.5368346697668225,0.0,1.897422845972793,-0.19004102167911863
2025-08-26,0.0,0.0,169237.4339724497,169237.4339724497,116000.0,53237.43397244971,0.45894339631422154,-0.008799306483506242,1.523311590493066,0.0,1.897422845972793,-0.19716809896843168
2025-08-27,0.0,0.0,166940.26515863475,166940.26515863475,116000.0,50940.26515863475,0.4391402168847822,-0.013573644789420025,1.5026347000601068,0.0,1.897422845972793,-0.20806545401864895
2025-08-28,0.0,0.0,171505.3687154752,171505.3687154752,116000.0,55505.3687154752,0.47849455789202766,0.02734573083673042,1.5437253441138816,0.0,1.897422845972793,-0.18640942508393465
2025-08-29,0.0,0.0,172029.1452195682,172029.1452195682,116000.0,56029.14521956819,0.4830098725824845,0.0030539947992060945,1.5484398732862081,0.0,1.897422845972793,-0.1839247236994579
2025-09-01,1000.0,0.0,175896.41165894087,175896.41165894087,117000.0,58896.411658940866,0.5033881338371013,0.01666732945579108,1.5742482307967527,0.0,1.897422845972793,-0.17032292820863104
2025-09-02,0.0,0.0,171337.17583862878,171337.17583862878,117000.0,54337.175838628784,0.4644203063130665,-0.025920004719324985,1.5334437092251119,0.0,1.897422845972793,-0.19182816182497908
2025-09-03,0.0,0.0,169399.53952843085,169399.53952843085,117000.0,52399.53952843085,0.4478593122088106,-0.01130890771786075,1.516102135826951,0.0,1.897422845972793,-0.20096770256307417
2025-09-04,0.0,0.0,164132.45382988616,164132.45382988616,117000.0,47132.45382988616,0.4028414857255227,-0.03109268014073141,1.468962457057004,0.0,1.897422845972793,-0.22581175820939436
2025-09-05,0.0,0.0,170367.18781808965,170367.18781808965,117000.0,53367.187818089646,0.4561298104110225,0.03798599145215631,1.5247624523943097,0.0,1.897422845972793,-0.19640345027437645
2025-09-08,0.0,0.0,171173.58320145524,171173.58320145524,117000.0,54173.58320145524,0.4630220786449166,0.0047332787122520426,1.531979578051469,0.0,1.897422845972793,-0.192599803832321
2025-09-09,0.0,0.0,169375.94540102198,169375.94540102198,117000.0,52375.94540102198,0.4476576530001879,-0.010501841270201262,1.5158909716935824,0.0,1.897422845972793,-0.2010789925340033
2025-09-10,0.0,0.0,169948.30258537678,169948.30258537678,117000.0,52948.302585376776,0.4525495947468101,0.0033792117469788607,1.5210134882722686,0.0,1.897422845972793,-0.19837926928066607
2025-09-11,0.0,0.0,175098.22370667694,175098.22370667694,117000.0,58098.223706676945,0.49656601458698235,0.030302868831025842,1.5671045604976042,0.0,1.897422845972793,-0.17408786142544708
2025-09-12,0.0,0.0,175083.82944196093,175083.82944196093,117000.0,58083.82944196093,0.4964429866834268,-8.22068003392129e-05,1.5669757338458887,0.0,1.897422845972793,-0.17415575701972053
2025-09-15,0.0,0.0,174861.81349999894,174861.81349999894,117000.0,57861.81349999894,0.4945454145299055,-0.0012680550949200065,1.5649887222829695,0.0,1.897422845972793,-0.17520297301964205
2025-09-16,0.0,0.0,175064.91050504052,175064.91050504052,117000.0,58064.91050504052,0.4962812863678676,0.0011614714555250316,1.5668064120121197,0.0,1.897422845972793,-0.17424499481620248
2025-09-17,0.0,0.0,176321.54898457252,176321.54898457252,117000.0,59321.548984572524,0.5070217861929276,0.00717812882037161,1.5780531502741268,0.0,1.897422845972793,-0.1683176190149266
2025-09-18,0.0,0.0,174523.96734588547,174523.96734588547,117000.0,57523.96734588547,0.49165784056312356,-0.010194906119185387,1.5619650465559973,0.0,1.897422845972793,-0.17679654281004997
2025-09-19,0.0,0.0,175184.86560367924,175184.86560367924,117000.0,58184.86560367924,0.4973065436211901,0.003786862445568584,1.567879993332091,0.0,1.897422845972793,-0.17367918455295506
2025-09-22,0.0,0.0,176153.0689170733,176153.0689170733,117000.0,59153.06891707331,0.5055817856160112,0.005526752040238669,1.5765452772840887,0.0,1.897422845972793,-0.1691123143002914
2025-09-23,0.0,0.0,175248.4979696492,175248.4979696492,117000.0,58248.49796964921,0.4978504099970018,-0.005135141573093693,1.5684494940888427,0.0,1.897422845972793,-0.17337904019769956
2025-09-24,0.0,0.0,177868.6611499106,177868.6611499106,117000.0,60868.66114991059,0.520244967093253,0.014951130598078954,1.5918995873114559,0.0,1.897422845972793,-0.161020122272586
2025-09-25,0.0,0.0,178886.17571412708,178886.17571412708,117000.0,61886.17571412708,0.5289416727703169,0.0057205949470711115,1.6010062000468743,0.0,1.897422845972793,-0.15622065822336417
2025-09-26,0.0,0.0,176944.9299166131,176944.9299166131,117000.0,59944.929916613095,0.5123498283471204,-0.010851849170369854,1.5836323222431388,0.0,1.897422845972793,-0.1653772243733982
2025-09-29,0.0,0.0,180231.52504039524,180231.52504039524,117000.0,63231.52504039524,0.540440384960643,0.018574113004147463,1.6130468879535034,0.0,1.897422845972793,-0.14987484662307438
2025-09-30,0.0,0.0,182265.51163962105,182265.51163962105,117000.0,65265.51163962105,0.5578248858087269,0.011285409690507509,1.6312507829340568,0.0,1.897422845972793,-0.1402808359790103
2025-10-09,1000.0,0.0,187543.21419644816,187543.21419644816,118000.0,69543.21419644816,0.5893492728512555,0.02346962142396447,1.6695356212570647,0.0,1.897422845972793,-0.12010355266851047
2025-10-10,0.0,0.0,185576.70987336754,185576.70987336754,118000.0,67576.70987336754,0.572683981977691,-0.01048560637880902,1.6520295278971626,0.0,1.897422845972793,-0.12932980046934095
2025-10-13,0.0,0.0,185815.5016753011,185815.5016753011,118000.0,67815.50167530109,0.574707641316111,0.0012867552296649265,1.6541552855317452,0.0,1.897422845972793,-0.12820946103678155
2025-10-14,0.0,0.0,181363.09223235183,181363.09223235183,118000.0,63363.09223235183,0.5369753579012868,-0.023961453176977177,1.614519321110027,0.0,1.897422845972793,-0.14909882921628037
2025-10-15,0.0,0.0,184029.17164587753,184029.17164587753,118000.0,66029.17164587753,0.5595692512362502,0.014700231346464143,1.6382531286436808,0.0,1.897422845972793,-0.13659038515278243
2025-10-16,0.0,0.0,181359.95147932085,181359.95147932085,118000.0,63359.95147932085,0.5369487413501768,-0.014504331800683223,1.6144913616923255,0.0,1.897422845972793,-0.14911356468642645
2025-10-17,0.0,0.0,176786.17072060725,176786.17072060725,118000.0,58786.170720607246,0.4981878874627732,-0.025219353674315048,1.5737749330376802,0.0,1.897422845972793,-0.17057237063527675
2025-10-20,0.0,0.0,177682.27491998544,177682.27491998544,118000.0,59682.274919985444,0.5057819908473342,0.005068859151853067,1.5817521765099651,0.0,1.897422845972793,-0.1663681188053716
2025-10-21,0.0,0.0,180750.6941428257,180750.6941428257,118000.0,62750.6941428257,0.5317855435832686,0.017269135169628136,1.6090676686509693,0.0,1.897422845972793,-0.15197201716731012
2025-10-22,0.0,0.0,179774.1172364756,179774.1172364756,118000.0,61774.117236475606,0.5235094681057255,-0.00540289436221153,1.6003740460155982,0.0,1.897422845972793,-0.1565538227747545
2025-10-23,0.0,0.0,179921.29075103623,179921.29075103623,118000.0,61921.29075103623,0.5247567012799681,0.0008186579738118649,1.6016842049894504,0.0,1.897422845972793,-0.15586332883628784
2025-10-24,0.0,0.0,182299.31741217122,182299.31741217122,118000.0,64299.31741217122,0.5449094695946715,0.013217038690688021,1.6228537270970598,0.0,1.897422845972793,-0.14470634179328856
2025-10-27,0.0,0.0,185306.46324652492,185306.46324652492,118000.0,67306.46324652492,0.5703937563264823,0.016495650543521645,1.6496237550625046,0.0,1.897422845972793,-0.1305977164954204
2025-10-28,0.0,0.0,184054.33667480043,184054.33667480043,118000.0,66054.33667480043,0.559782514193224,-0.006757058279498351,1.6384771512103022,0.0,1.897422845972793,-0.1364723183933898
2025-10-29,0.0,0.0,187920.41302264578,187920.41302264578,118000.0,69920.41302264578,0.5925458730732693,0.02100508153022318,1.6728934973568825,0.0,1.897422845972793,-0.11833384903763833
2025-10-30,0.0,0.0,186295.4852683632,186295.4852683632,118000.0,68295.4852683632,0.5787752988844339,-0.008646893267985511,1.6584281658365305,0.0,1.897422845972793,-0.12595752214300548
2025-10-31,0.0,0.0,184910.25834026712,184910.25834026712,118000.0,66910.25834026712,0.5670360876293823,-0.007435644111829287,1.6460966842103362,0.0,1.897422845972793,-0.1324565909469716
2025-11-03,1000.0,2.9103830456733704e-11,185454.93673179852,185454.93673179855,119000.0,66454.93673179855,0.5584448464857021,-0.002462392365656041,1.642043348302005,1.5693208802968195e-16,1.897422845972793,-0.134592823214299
2025-11-04,0.0,2.9103830456733704e-11,182644.01696069157,182644.0169606916,119000.0,63644.0169606916,0.5348236719385848,-0.015156888355967846,1.6171550805961319,1.593472972235241e-16,1.897422845972793,-0.14770970317529308
2025-11-05,0.0,2.9103830456733704e-11,183814.50575247884,183814.50575247887,119000.0,64814.50575247887,0.5446597122057049,0.006408579986713514,1.6275187482810523,1.5833261002765675e-16,1.897422845972793,-0.14224773263619228
2025-11-06,0.0,2.9103830456733704e-11,187879.96225659255,187879.96225659258,119000.0,68879.96225659258,0.5788232122402739,0.022117169085600796,1.6635148556267696,1.549065164117174e-16,1.897422845972793,-0.12327668070534947
2025-11-07,0.0,2.9103830456733704e-11,189489.62264526662,189489.62264526665,119000.0,70489.62264526665,0.5923497701282912,0.008567493677030358,1.677767008633998,1.5359062966322658e-16,1.897422845972793,-0.11576535921078746
2025-11-10,0.0,2.9103830456733704e-11,190060.9140787871,190060.91407878711,119000.0,71060.91407878711,0.5971505384772027,0.0030148956209066213,1.6828253010412302,1.5312896182678105e-16,1.897422845972793,-0.11309948406441817
2025-11-11,0.0,2.9103830456733704e-11,189858.8947190497,189858.89471904974,119000.0,70858.89471904974,0.5954528967987374,-0.0010629190158142343,1.6810365940284602,1.5329189870088047e-16,1.897422845972793,-0.1140421874879416
2025-11-12,0.0,2.9103830456733704e-11,188897.78232099477,188897.7823209948,119000.0,69897.7823209948,0.5873763220251664,-0.0050622458298684725,1.6725267735404834,1.5407184827229704e-16,1.897422845972793,-0.11852712372977003
2025-11-13,0.0,2.9103830456733704e-11,193730.71611240585,193730.71611240588,119000.0,74730.71611240588,0.6279892110286207,0.0255849154607779,1.7153182296474043,1.5022827066745143e-16,1.897422845972793,-0.09597471470942742
2025-11-14,0.0,2.9103830456733704e-11,191233.74493035846,191233.7449303585,119000.0,72233.74493035849,0.6070062599189789,-0.012888876024174767,1.693209705643472,1.5218982647300262e-16,1.897422845972793,-0.10762658453425689
2025-11-17,0.0,2.9103830456733704e-11,191475.5504339563,191475.55043395632,119000.0,72475.55043395632,0.6090382389408093,0.0012644499729159708,1.695350684609914,1.5199763306998396e-16,1.897422845972793,-0.1064982229932403
2025-11-18,0.0,2.9103830456733704e-11,186656.72584256888,186656.7258425689,119000.0,67656.7258425689,0.5685439146434361,-0.02516678803359551,1.6526841532877252,1.5592168096466358e-16,1.897422845972793,-0.12898479282281028
2025-11-19,0.0,2.9103830456733704e-11,187903.97580027947,187903.9758002795,119000.0,68903.9758002795,0.5790250067250378,0.006682052050792642,1.663727474823514,1.548867198407114e-16,1.897422845972793,-0.12316462387142035
2025-11-20,0.0,2.9103830456733704e-11,186777.0085353218,186777.00853532183,119000.0,67777.00853532183,0.5695546935741331,-0.00599757008949886,1.6537491526834351,1.5582126882190542e-16,1.897422845972793,-0.12842350549670356
2025-11-21,0.0,2.9103830456733704e-11,178024.86055338554,178024.86055338557,119000.0,59024.86055338557,0.4960072315410553,-0.04685880800088471,1.5762564386562163,1.6348183262868576e-16,1.897422845972793,-0.16926454111071765
2025-11-24,0.0,2.9103830456733704e-11,177824.32071742084,177824.32071742087,119000.0,58824.320717420866,0.49432202283546944,-0.0011264709622090807,1.574480831549075,1.6366619784805677e-16,1.897422845972793,-0.17020034048243382
2025-11-25,0.0,2.9103830456733704e-11,180484.71792632985,180484.71792632987,119000.0,61484.717926329875,0.5166783019019316,0.014960817497718049,1.598036351923536,1.6125371051422362e-16,1.897422845972793,-0.15778585921672295
2025-11-26,0.0,2.9103830456733704e-11,180217.74293929612,180217.74293929615,119000.0,61217.74293929615,0.5144348146159341,-0.00147921103848081,1.5956725189118772,1.6149259213914873e-16,1.897422845972793,-0.15903167167053422
2025-11-27,0.0,2.9103830456733704e-11,180778.3007324596,180778.30073245964,119000.0,61778.30073245964,0.5191453843063836,0.003110447306802211,1.600635774200865,1.6099183551794481e-16,1.897422845972793,-0.15641588399857587
2025-11-28,0.0,2.9103830456733704e-11,183269.33788722154,183269.33788722157,119000.0,64269.33788722157,0.5400784696405174,0.013779514159990347,1.622691757516453,1.588035990758221e-16,1.897422845972793,-0.14479170472699132
2025-12-01,1000.0,0.0,186836.74001230823,186836.74001230823,120000.0,66836.74001230823,0.5569728334359019,0.014008901623612457,1.6454238867129478,0.0,1.897422845972793,-0.13281117585081437
2025-12-02,0.0,0.0,185271.71401246235,185271.71401246235,120000.0,65271.714012462355,0.543930950103853,-0.008376436025070766,1.6316410987917735,0.0,1.897422845972793,-0.14007512755795637
2025-12-03,0.0,0.0,184991.09384079187,184991.09384079187,120000.0,64991.09384079187,0.5415924486732655,-0.0015146412023349098,1.6291697479561205,0.0,1.897422845972793,-0.14137760520066966
2025-12-04,0.0,0.0,184305.40026509354,184305.40026509354,120000.0,64305.40026509354,0.5358783355424461,-0.0037066302029029607,1.6231310181626906,0.0,1.897422845972793,-0.14456020090212174
2025-12-05,0.0,0.0,187597.89283314717,187597.89283314717,120000.0,67597.89283314717,0.5633157736095598,0.01786433041743707,1.65212716698194,0.0,1.897422845972793,-0.12927834167881125
2025-12-08,0.0,0.0,188292.5017156579,188292.5017156579,120000.0,68292.50171565791,0.569104180963816,0.003702647572531914,1.6582444116262796,0.0,1.897422845972793,-0.12605436624427735
2025-12-09,0.0,0.0,184476.91544903372,184476.91544903372,120000.0,64476.915449033724,0.5373076287419476,-0.02026414345689742,1.6246415089824862,0.0,1.897422845972793,-0.14376412594023247
2025-12-10,0.0,0.0,185470.40860969693,185470.40860969693,120000.0,65470.408609696926,0.5455867384141411,0.005385460604894421,1.6333909518261875,0.0,1.897422845972793,-0.13915290137198622
2025-12-11,0.0,0.0,183284.40304787565,183284.40304787565,120000.0,63284.40304787565,0.5273700253989637,-0.011786276733888545,1.6141393540533344,0.0,1.897422845972793,-0.14929908350198107
2025-12-12,0.0,0.0,184763.02157297524,184763.02157297524,120000.0,64763.02157297524,0.5396918464414604,0.008067345068709209,1.6271611732114661,0.0,1.897422845972793,-0.1424361856583244
2025-12-15,0.0,0.0,185085.56216178898,185085.56216178898,120000.0,65085.562161788985,0.5423796846815749,0.0017456988204014312,1.6300017065521444,0.0,1.897422845972793,-0.14093913751920917
2025-12-16,0.0,0.0,181188.71720521903,181188.71720521903,120000.0,61188.71720521903,0.5099059767101586,-0.021054289221995592,1.5956831791900492,0.0,1.897422845972793,-0.15902605337717668
2025-12-17,0.0,0.0,185191.53989570946,185191.53989570946,120000.0,65191.53989570946,0.5432628324642454,0.02209200855457638,1.6309350256351094,0.0,1.897422845972793,-0.1404472497542094
2025-12-18,0.0,0.0,184907.084431843,184907.084431843,120000.0,64907.08443184299,0.5408923702653583,-0.0015360067961347479,1.6284298983516796,0.0,1.897422845972793,-0.14176752862022324
2025-12-19,0.0,0.0,187960.49586576008,187960.49586576008,120000.0,67960.49586576008,0.5663374655480007,0.016513220373893134,1.6553205201265973,0.0,1.897422845972793,-0.12759534668829808
2025-12-22,0.0,0.0,190843.93025066875,190843.93025066875,120000.0,70843.93025066875,0.5903660854222397,0.015340640444830411,1.6807141970468091,0.0,1.897422845972793,-0.11421210057944631
2025-12-23,0.0,0.0,191097.8091806369,191097.8091806369,120000.0,71097.80918063689,0.592481743171974,0.0013302960677590292,1.6829500445341672,0.0,1.897422845972793,-0.11303374041997871
2025-12-24,0.0,0.0,192881.921487303,192881.921487303,120000.0,72881.92148730301,0.6073493457275252,0.009336121195296698,1.6986622701155683,0.0,1.897422845972793,-0.10475291592440061
2025-12-25,0.0,0.0,193148.58495565777,193148.58495565777,120000.0,73148.58495565777,0.6095715412971481,0.0013825218366683156,1.7010107077971277,0.0,1.897422845972793,-0.10351521728145241
2025-12-26,0.0,0.0,196526.1844365815,196526.1844365815,120000.0,76526.1844365815,0.6377182036381792,0.01748705268381401,1.7307563716601078,0.0,1.897422845972793,-0.08783834065581564
2025-12-29,0.0,0.0,194796.9765914479,194796.9765914479,120000.0,74796.97659144789,0.6233081382620658,-0.00879886743891689,1.7155276757768096,0.0,1.897422845972793,-0.09586433017924756
2025-12-30,0.0,0.0,195696.75309213187,195696.75309213187,120000.0,75696.75309213187,0.6308062757677655,0.0046190475664882324,1.7234517797128497,0.0,1.897422845972793,-0.09168808451378685
2025-12-31,0.0,0.0,196165.23659071213,196165.23659071213,120000.0,76165.23659071213,0.634710304922601,0.00239392576104569,1.7275775953262242,0.0,1.897422845972793,-0.08951365322023963
