date,close,cashflow,units_bought,units,cumulative_contribution,market_value,profit,investment_return,time_weighted_nav,running_peak,drawdown
2016-01-04,3469.07,1000.0,0.2882616954976406,0.2882616954976406,1000.0,1000.0,0.0,0.0,1.0,1.0,0.0
2016-01-05,3478.78,0.0,0.0,0.2882616954976406,1000.0,1002.7990210632821,2.7990210632821118,0.0027990210632820034,1.002799021063282,1.002799021063282,0.0
2016-01-06,3539.81,0.0,0.0,0.2882616954976406,1000.0,1020.3916323395031,20.391632339503076,0.02039163233950303,1.020391632339503,1.020391632339503,0.0
2016-01-07,3294.38,0.0,0.0,0.2882616954976406,1000.0,949.6435644135172,-50.3564355864828,-0.05035643558648284,0.9496435644135172,1.020391632339503,-0.06933422980329451
2016-01-08,3361.56,0.0,0.0,0.2882616954976406,1000.0,969.0089851170486,-30.99101488295139,-0.030991014882951418,0.9690089851170486,1.020391632339503,-0.050355810057601924
2016-01-11,3192.45,0.0,0.0,0.2882616954976406,1000.0,920.2610497914426,-79.73895020855741,-0.07973895020855737,0.9202610497914425,1.020391632339503,-0.09812956062613543
2016-01-12,3215.71,0.0,0.0,0.2882616954976406,1000.0,926.9660168287178,-73.03398317128222,-0.07303398317128218,0.9269660168287177,1.020391632339503,-0.09155858647780535
2016-01-13,3155.88,0.0,0.0,0.2882616954976406,1000.0,909.719319587094,-90.28068041290601,-0.09028068041290604,0.909719319587094,1.020391632339503,-0.10846062359279163
2016-01-14,3221.57,0.0,0.0,0.2882616954976406,1000.0,928.655230364334,-71.34476963566601,-0.07134476963566605,0.928655230364334,1.020391632339503,-0.0899031303940041
2016-01-15,3118.73,0.0,0.0,0.2882616954976406,1000.0,899.0103975993566,-100.98960240064343,-0.10098960240064347,0.8990103975993565,1.020391632339503,-0.11895553716159912
2016-01-18,3130.73,0.0,0.0,0.2882616954976406,1000.0,902.4695379453283,-97.53046205467172,-0.09753046205467175,0.9024695379453282,1.020391632339503,-0.11556552470330328
2016-01-19,3223.13,0.0,0.0,0.2882616954976406,1000.0,929.1049186093103,-70.89508139068971,-0.07089508139068967,0.9291049186093102,1.020391632339503,-0.08946242877442578
2016-01-20,3174.38,0.0,0.0,0.2882616954976406,1000.0,915.0521609538004,-84.94783904619965,-0.08494783904619962,0.9150521609538003,1.020391632339503,-0.10323435438625239
2016-01-21,3081.35,0.0,0.0,0.2882616954976406,1000.0,888.2351754216547,-111.76482457834527,-0.11176482457834525,0.8882351754216548,1.020391632339503,-0.1295154259691904
2016-01-22,3113.46,0.0,0.0,0.2882616954976406,1000.0,897.491258464084,-102.50874153591599,-0.10250874153591594,0.897491258464084,1.020391632339503,-0.12044431763286734
2016-01-25,3128.89,0.0,0.0,0.2882616954976406,1000.0,901.9391364256126,-98.06086357438744,-0.09806086357438748,0.9019391364256125,1.020391632339503,-0.1160853266135754
2016-01-26,2940.51,0.0,0.0,0.2882616954976406,1000.0,847.6363982277671,-152.36360177223287,-0.15236360177223285,0.8476363982277672,1.020391632339503,-0.16930287218805518
2016-01-27,2930.35,0.0,0.0,0.2882616954976406,1000.0,844.707659401511,-155.29234059848898,-0.15529234059848895,0.844707659401511,1.020391632339503,-0.172173082736079
2016-01-28,2853.76,0.0,0.0,0.2882616954976406,1000.0,822.6296961433468,-177.3703038566532,-0.1773703038566532,0.8226296961433468,1.020391632339503,-0.19380983725115186
2016-01-29,2946.09,0.0,0.0,0.2882616954976406,1000.0,849.244898488644,-150.75510151135597,-0.15075510151135596,0.8492448984886439,1.020391632339503,-0.16772651639494773
2016-02-01,2901.05,1000.0,0.34470278002792093,0.6329644755255615,2000.0,1836.2615917234302,-163.73840827656977,-0.08186920413828491,0.8362615917234302,1.020391632339503,-0.18045036315508456
2016-02-02,2961.33,0.0,0.0,0.6329644755255615,2000.0,1874.416690308111,-125.5833096918891,-0.06279165484594451,0.8536380067280279,1.020391632339503,-0.1634212005729121
2016-02-03,2948.64,0.0,0.0,0.6329644755255615,2000.0,1866.3843711136915,-133.6156288863085,-0.06680781444315431,0.8499799658121628,1.020391632339503,-0.16700613874755987
2016-02-04,2984.76,0.0,0.0,0.6329644755255615,2000.0,1889.247047969675,-110.7529520303251,-0.0553764760151626,0.8603919782535377,1.020391632339503,-0.15680220124808952
2016-02-05,2963.79,0.0,0.0,0.6329644755255615,2000.0,1875.9737829179037,-124.02621708209631,-0.062013108541048134,0.8543471304989522,1.020391632339503,-0.1627262480189614
2016-02-15,2946.71,0.0,0.0,0.6329644755255615,2000.0,1865.1627496759272,-134.83725032407278,-0.06741862516203634,0.8494236207398524,1.020391632339503,-0.16755136575126905
2016-02-16,3037.04,0.0,0.0,0.6329644755255615,2000.0,1922.3384307501512,-77.66156924984875,-0.0388307846249244,0.8754622996941543,1.020391632339503,-0.14203304697144759
2016-02-17,3063.32,0.0,0.0,0.6329644755255615,2000.0,1938.972737166963,-61.02726283303696,-0.030513631416518527,0.8830378170518324,1.020391632339503,-0.13460891968777977
2016-02-18,3053.7,0.0,0.0,0.6329644755255615,2000.0,1932.883618912407,-67.11638108759303,-0.033558190543796496,0.8802647395411449,1.020391632339503,-0.13732657967518036
2016-02-19,3051.59,0.0,0.0,0.6329644755255615,2000.0,1931.548063869048,-68.45193613095194,-0.034225968065475953,0.879656507363645,1.020391632339503,-0.137922656865764
2016-02-22,3118.87,0.0,0.0,0.6329644755255615,2000.0,1974.1339137824077,-25.866086217592283,-0.012933043108796172,0.8990507542367262,1.020391632339503,-0.11891598701625228
2016-02-23,3089.36,0.0,0.0,0.6329644755255615,2000.0,1955.4551321096485,-44.5448678903515,-0.02227243394517575,0.8905441516025909,1.020391632339503,-0.12725259265327793
2016-02-24,3109.55,0.0,0.0,0.6329644755255615,2000.0,1968.2346848705097,-31.765315129490318,-0.015882657564745162,0.8963641552346883,1.020391632339503,-0.12154889669219526
2016-02-25,2918.75,0.0,0.0,0.6329644755255615,2000.0,1847.4650629402324,-152.53493705976757,-0.07626746852988375,0.8413638237337384,1.020391632339503,-0.17545009477909823
2016-02-26,2948.03,0.0,0.0,0.6329644755255615,2000.0,1865.9982627836212,-134.00173721637884,-0.06700086860818943,0.8498041261779093,1.020391632339503,-0.1671784643808566
2016-02-29,2877.47,0.0,0.0,0.6329644755255615,2000.0,1821.336289390537,-178.6637106094629,-0.08933185530473142,0.8294643809435958,1.020391632339503,-0.18711173763563582
2016-03-01,2930.69,1000.0,0.3412165735714115,0.9741810490969729,3000.0,2855.0226587780076,-144.97734122199245,-0.04832578040733082,0.8448056683779802,1.020391632339503,-0.17207703238309402
2016-03-02,3051.33,0.0,0.0,0.9741810490969729,3000.0,2972.5478605410663,-27.452139458933743,-0.009150713152977885,0.8795815593228156,1.020391632339503,-0.13799610713569377
2016-03-03,3058.42,0.0,0.0,0.9741810490969729,3000.0,2979.454804179164,-20.545195820835943,-0.006848398606945305,0.8816253347438939,1.020391632339503,-0.13599317477491724
2016-03-04,3093.89,0.0,0.0,0.9741810490969729,3000.0,3014.0090059906333,14.00900599063334,0.004669668663544346,0.8918499770831951,1.020391632339503,-0.12597286295027132
2016-03-07,3104.84,0.0,0.0,0.9741810490969729,3000.0,3024.6762884782456,24.676288478245624,0.008225429492748626,0.8950064426488944,1.020391632339503,-0.12287947658207632
2016-03-08,3107.67,0.0,0.0,0.9741810490969729,3000.0,3027.4332208471897,27.43322084718966,0.009144406949063155,0.8958222232471527,1.020391632339503,-0.12207999864399499
2016-03-09,3071.91,0.0,0.0,0.9741810490969729,3000.0,2992.5965065314817,-7.403493468518263,-0.002467831156172773,0.885513985016157,1.020391632339503,-0.13218223576971655
2016-03-10,3013.15,0.0,0.0,0.9741810490969729,3000.0,2935.353628086544,-64.64637191345582,-0.02154879063781856,0.8685757277887157,1.020391632339503,-0.14878199677383808
2016-03-11,3018.28,0.0,0.0,0.9741810490969729,3000.0,2940.3511768684116,-59.648823131588415,-0.01988294104386279,0.8700545102866186,1.020391632339503,-0.1473327664479166
2016-03-14,3065.69,0.0,0.0,0.9741810490969729,3000.0,2986.537100406099,-13.462899593901057,-0.004487633197966967,0.8837209972701617,1.020391632339503,-0.13393939222726636
2016-03-15,3074.78,0.0,0.0,0.9741810490969729,3000.0,2995.3924061423904,-4.607593857609572,-0.0015358646192031866,0.8863412960822353,1.020391632339503,-0.13137145779010728
2016-03-16,3090.03,0.0,0.0,0.9741810490969729,3000.0,3010.2486671411193,10.248667141119313,0.0034162223803730907,0.8907372869385743,1.020391632339503,-0.1270633169576897
2016-03-17,3124.2,0.0,0.0,0.9741810490969729,3000.0,3043.5364335887625,43.53643358876252,0.01451214452958749,0.9005871890737286,1.020391632339503,-0.11741025648269265
2016-03-18,3171.96,0.0,0.0,0.9741810490969729,3000.0,3090.0633204936344,90.06332049363436,0.030021106831211508,0.914354567650696,1.020391632339503,-0.10391800689867525
2016-03-21,3249.44,0.0,0.0,0.9741810490969729,3000.0,3165.5428681776675,165.54286817766751,0.055180956059222463,0.9366890838178532,1.020391632339503,-0.08202982645961221
2016-03-22,3225.79,0.0,0.0,0.9741810490969729,3000.0,3142.503486366524,142.50348636652416,0.04750116212217481,0.929871694719334,1.020391632339503,-0.08871097601283684
2016-03-23,3236.09,0.0,0.0,0.9741810490969729,3000.0,3152.537551172223,152.53755117222317,0.050845850390740965,0.9328407901829597,1.020391632339503,-0.08580121531946616
2016-03-24,3181.85,0.0,0.0,0.9741810490969729,3000.0,3099.697971069203,99.69797106920305,0.03323265702306766,0.9172054758191676,1.020391632339503,-0.10112407163096326
2016-03-25,3197.82,0.0,0.0,0.9741810490969729,3000.0,3115.255642423282,115.2556424232821,0.03841854747442741,0.921809015096265,1.020391632339503,-0.09661253005104786
2016-03-28,3169.73,0.0,0.0,0.9741810490969729,3000.0,3087.890896754148,87.89089675414789,0.02929696558471595,0.9137117440697362,1.020391632339503,-0.10454798421384204
2016-03-29,3135.41,0.0,0.0,0.9741810490969729,3000.0,3054.45700314914,54.45700314913984,0.01815233438304653,0.9038186026802572,1.020391632339503,-0.11424341984456798
2016-03-30,3216.28,0.0,0.0,0.9741810490969729,3000.0,3133.239024589612,133.2390245896122,0.044413008196537485,0.9271303259951514,1.020391632339503,-0.09139756088603623
2016-03-31,3218.09,0.0,0.0,0.9741810490969729,3000.0,3135.0022922884777,135.00229228847775,0.04500076409615916,0.9276520796640022,1.020391632339503,-0.09088623400690987
2016-04-01,3221.89,1000.0,0.31037682850749093,1.2845578776044637,4000.0,4138.7041802750455,138.70418027504547,0.03467604506876132,0.9287474741068931,1.020391632339503,-0.08981273006178303
2016-04-05,3264.49,0.0,0.0,1.2845578776044637,4000.0,4193.426345860996,193.42634586099575,0.048356586465248874,0.9410274223350926,1.020391632339503,-0.07777818583483298
2016-04-06,3257.53,0.0,0.0,1.2845578776044637,4000.0,4184.485823032869,184.48582303286912,0.046121455758217245,0.9390211209344291,1.020391632339503,-0.0797443930606444
2016-04-07,3209.29,0.0,0.0,1.2845578776044637,4000.0,4122.518751017229,122.51875101722908,0.0306296877543073,0.9251153767436229,1.020391632339503,-0.09337224314299353
2016-04-08,3185.73,0.0,0.0,1.2845578776044637,4000.0,4092.254567420868,92.25456742086817,0.023063641855217032,0.9183239311976985,1.020391632339503,-0.10002796760278088
2016-04-11,3230.1,0.0,0.0,1.2845578776044637,4000.0,4149.250400450178,149.25040045017795,0.03731260011254456,0.9311141026269287,1.020391632339503,-0.0874933965382323
2016-04-12,3218.45,0.0,0.0,1.2845578776044637,4000.0,4134.285301176086,134.28530117608625,0.033571325294021515,0.9277558538743812,1.020391632339503,-0.09078453363316119
2016-04-13,3261.38,0.0,0.0,1.2845578776044637,4000.0,4189.431370861646,189.43137086164643,0.04735784271541155,0.940130928462095,1.020391632339503,-0.07865676406360789
2016-04-14,3275.83,0.0,0.0,1.2845578776044637,4000.0,4207.99323219303,207.99323219303005,0.05199830804825756,0.9442963099620358,1.020391632339503,-0.07457462406174342
2016-04-15,3272.21,0.0,0.0,1.2845578776044637,4000.0,4203.343132676102,203.34313267610196,0.050835783169025595,0.9432528026243344,1.020391632339503,-0.07559727781999603
2016-04-18,3228.45,0.0,0.0,1.2845578776044637,4000.0,4147.13087995213,147.13087995213027,0.03678271998803262,0.9306384708293576,1.020391632339503,-0.087959523251248
2016-04-19,3238.3,0.0,0.0,1.2845578776044637,4000.0,4159.783775046535,159.78377504653508,0.03994594376163385,0.9334778485300095,1.020391632339503,-0.0851768880250634
2016-04-20,3181.03,0.0,0.0,1.2845578776044637,4000.0,4086.2171453961273,86.21714539612731,0.021554286349031893,0.9169691012288597,1.020391632339503,-0.10135572248227998
2016-04-21,3160.6,0.0,0.0,1.2845578776044637,4000.0,4059.9736279566678,59.97362795666777,0.014993406989166846,0.9110799147898427,1.020391632339503,-0.10712721869252873
2016-04-22,3174.9,0.0,0.0,1.2845578776044637,4000.0,4078.342805606412,78.34280560641218,0.019585701401602984,0.9152020570354591,1.020391632339503,-0.10308745384639284
2016-04-25,3162.03,0.0,0.0,1.2845578776044637,4000.0,4061.8105457216425,61.810545721642484,0.015452636430410616,0.9114921290144045,1.020391632339503,-0.10672324220791507
2016-04-26,3179.16,0.0,0.0,1.2845578776044637,4000.0,4083.8150221650067,83.81502216500667,0.020953755541251562,0.916430051858279,1.020391632339503,-0.10188399942369786
2016-04-27,3165.92,0.0,0.0,1.2845578776044637,4000.0,4066.807475865524,66.80747586552388,0.01670186896638093,0.9126134670098902,1.020391632339503,-0.10562431316935084
2016-04-28,3160.58,0.0,0.0,1.2845578776044637,4000.0,4059.9479367991157,59.94793679911572,0.014986984199778952,0.9110741495559328,1.020391632339503,-0.10713286871329253
2016-04-29,3156.75,0.0,0.0,1.2845578776044637,4000.0,4055.028080127891,55.02808012789092,0.013757020031972766,0.9099701072621769,1.020391632339503,-0.10821484768956524
2016-05-03,3213.54,1000.0,0.31118330563801916,1.5957411832424828,5000.0,5127.978121997048,127.97812199704822,0.025595624399409544,0.9263404889494878,1.020391632339503,-0.0921716137306805
2016-05-04,3209.46,0.0,0.0,1.5957411832424828,5000.0,5121.467497969419,121.46749796941913,0.024293499593883716,0.9251643812318575,1.020391632339503,-0.09332421796650103
2016-05-05,3213.92,0.0,0.0,1.5957411832424828,5000.0,5128.584503646681,128.5845036466808,0.02571690072933608,0.926450028393777,1.020391632339503,-0.09206426333616768
2016-05-06,3130.35,0.0,0.0,1.5957411832424828,5000.0,4995.228412963106,-4.771587036893834,-0.0009543174073787242,0.9023599985010391,1.020391632339503,-0.11567287509781599
2016-05-09,3065.62,0.0,0.0,1.5957411832424828,5000.0,4891.93608617182,-108.06391382818038,-0.02161278276563605,0.8837008189514768,1.020391632339503,-0.13395916729993984
2016-05-10,3069.11,0.0,0.0,1.5957411832424828,5000.0,4897.505222901336,-102.49477709866369,-0.02049895541973279,0.8847068522687637,1.020391632339503,-0.13297323867665212
2016-05-11,3082.81,0.0,0.0,1.5957411832424828,5000.0,4919.366877111758,-80.63312288824181,-0.016126624577648352,0.8886560374970813,1.020391632339503,-0.1291029744534311
2016-05-12,3090.14,0.0,0.0,1.5957411832424828,5000.0,4931.063659984926,-68.93634001507417,-0.013787268003014885,0.890768995725079,1.020391632339503,-0.12703224184348882
2016-05-13,3074.94,0.0,0.0,1.5957411832424828,5000.0,4906.80839399964,-93.19160600035957,-0.018638321200071917,0.8863874179535149,1.020391632339503,-0.13132625762399663
2016-05-16,3095.31,0.0,0.0,1.5957411832424828,5000.0,4939.313641902289,-60.68635809771058,-0.012137271619542145,0.8922593086908018,1.020391632339503,-0.12557171147603963
2016-05-17,3086.02,0.0,0.0,1.5957411832424828,5000.0,4924.489206309967,-75.5107936900331,-0.015102158738006577,0.8895813575396287,1.020391632339503,-0.12819614612083696
2016-05-18,3068.04,0.0,0.0,1.5957411832424828,5000.0,4895.797779835267,-104.20222016473326,-0.020840444032946603,0.8843984122545812,1.020391632339503,-0.13327551478751687
2016-05-19,3062.5,0.0,0.0,1.5957411832424828,5000.0,4886.957373680104,-113.04262631989604,-0.022608525263979162,0.8828014424615243,1.020391632339503,-0.1348405705390967
2016-05-20,3078.22,0.0,0.0,1.5957411832424828,5000.0,4912.0424250806755,-87.95757491932454,-0.01759151498386491,0.8873329163147471,1.020391632339503,-0.13039965421872923
2016-05-23,3087.22,0.0,0.0,1.5957411832424828,5000.0,4926.4040957298575,-73.59590427014246,-0.014719180854028457,0.8899272715742258,1.020391632339503,-0.12785714487500754
2016-05-24,3063.56,0.0,0.0,1.5957411832424828,5000.0,4888.64885933434,-111.35114066565984,-0.022270228133131953,0.8831069998587517,1.020391632339503,-0.1345411194386139
2016-05-25,3059.23,0.0,0.0,1.5957411832424828,5000.0,4881.7393000109005,-118.26069998909952,-0.0236521399978199,0.8818588267172469,1.020391632339503,-0.13576434893398237
2016-05-26,3064.21,0.0,0.0,1.5957411832424828,5000.0,4889.686091103448,-110.31390889655177,-0.022062781779310314,0.8832943699608252,1.020391632339503,-0.13435749376378958
2016-05-27,3062.5,0.0,0.0,1.5957411832424828,5000.0,4886.957373680104,-113.04262631989604,-0.022608525263979162,0.8828014424615243,1.020391632339503,-0.1348405705390967
2016-05-30,3066.71,0.0,0.0,1.5957411832424828,5000.0,4893.675444061554,-106.32455593844588,-0.02126491118768914,0.8840150241995693,1.020391632339503,-0.13365124116831129
2016-05-31,3169.56,0.0,0.0,1.5957411832424828,5000.0,5057.797424758044,57.797424758044144,0.011559484951608745,0.9136627395815016,1.020391632339503,-0.10459600939033453
2016-06-01,3160.55,1000.0,0.3164006264732404,1.9121418097157232,6000.0,6043.41979669703,43.4197966970296,0.00723663278283837,0.911065501705068,1.020391632339503,-0.10714134374443818
2016-06-02,3167.1,0.0,0.0,1.9121418097157232,6000.0,6055.944325550667,55.94432555066669,0.009324054258444514,0.9129536158105774,1.020391632339503,-0.10529096194428511
2016-06-03,3189.33,0.0,0.0,1.9121418097157232,6000.0,6098.451237980647,98.45123798064742,0.016408539663441246,0.91936167330149,1.020391632339503,-0.09901096386529218
2016-06-06,3178.79,0.0,0.0,1.9121418097157232,6000.0,6078.297263306244,78.29726330624362,0.013049543884373849,0.9163233950309448,1.020391632339503,-0.1019885248078286
2016-06-07,3177.05,0.0,0.0,1.9121418097157232,6000.0,6074.970136557339,74.97013655733917,0.012495022759556607,0.915821819680779,1.020391632339503,-0.10248007661428149
2016-06-08,3163.99,0.0,0.0,1.9121418097157232,6000.0,6049.99756452245,49.997564522450375,0.008332927420408476,0.9120571219375797,1.020391632339503,-0.10616954017306013
2016-06-13,3066.34,0.0,0.0,1.9121418097157232,6000.0,5863.276916803711,-136.72308319628883,-0.02278718053271478,0.8839083673722352,1.020391632339503,-0.13375576655244203
2016-06-14,3075.98,0.0,0.0,1.9121418097157232,6000.0,5881.70996384937,-118.29003615062993,-0.01971500602510501,0.8866872101168324,1.020391632339503,-0.13103245654427786
2016-06-15,3116.37,0.0,0.0,1.9121418097157232,6000.0,5958.941371543789,-41.05862845621141,-0.006843104742701889,0.8983300999979821,1.020391632339503,-0.11962223961173057
2016-06-16,3094.67,0.0,0.0,1.9121418097157232,6000.0,5917.4478942729575,-82.55210572704254,-0.01375868428784044,0.8920748212056834,1.020391632339503,-0.125752512140482
2016-06-17,3110.36,0.0,0.0,1.9121418097157232,6000.0,5947.449399267397,-52.550600732603016,-0.008758433455433812,0.8965976472080414,1.020391632339503,-0.12132007085126029
2016-06-20,3112.67,0.0,0.0,1.9121418097157232,6000.0,5951.86644684784,-48.13355315215995,-0.008022258858693343,0.8972635317246409,1.020391632339503,-0.1206674934530384
2016-06-21,3106.32,0.0,0.0,1.9121418097157232,6000.0,5939.724346356145,-60.27565364385464,-0.010045942273975816,0.8954330699582309,1.020391632339503,-0.12246137504555321
2016-06-22,3133.96,0.0,0.0,1.9121418097157232,6000.0,5992.575945976688,-7.424054023312237,-0.0012373423372187276,0.9034006232217856,1.020391632339503,-0.11465304634994533
2016-06-23,3117.32,0.0,0.0,1.9121418097157232,6000.0,5960.757906263018,-39.24209373698159,-0.006540348956163622,0.898603948608705,1.020391632339503,-0.11935386362544875
2016-06-24,3077.16,0.0,0.0,1.9121418097157232,6000.0,5883.9662911848345,-116.03370881516548,-0.019338951469194288,0.8870273589175196,1.020391632339503,-0.13069910531921203
2016-06-27,3120.54,0.0,0.0,1.9121418097157232,6000.0,5966.915002890303,-33.084997109696815,-0.005514166184949487,0.8995321512682073,1.020391632339503,-0.11844421028247276
2016-06-28,3136.4,0.0,0.0,1.9121418097157232,6000.0,5997.241571992395,-2.758428007605289,-0.00045973800126752895,0.9041039817587999,1.020391632339503,-0.11396374381675844
2016-06-29,3151.39,0.0,0.0,1.9121418097157232,6000.0,6025.904577720033,25.90457772003265,0.004317429620005475,0.9084250245743095,1.020391632339503,-0.10972905325427063
2016-06-30,3153.92,0.0,0.0,1.9121418097157232,6000.0,6030.7422964986135,30.74229649861354,0.005123716083102359,0.9091543266639186,1.020391632339503,-0.10901432562764657
2016-07-01,3154.2,1000.0,0.3170376006594382,2.2291794103751617,7000.0,7031.277696205335,31.277696205334905,0.004468242315047943,0.9092350399386578,1.020391632339503,-0.1089352253369531
2016-07-04,3204.7,0.0,0.0,2.2291794103751617,7000.0,7143.8512564292805,143.8512564292805,0.020550179489897236,0.9237922555612886,1.020391632339503,-0.09466892290829176
2016-07-05,3207.38,0.0,0.0,2.2291794103751617,7000.0,7149.825457249086,149.82545724908596,0.021403636749869337,0.9245647969052224,1.020391632339503,-0.0939118201259389
2016-07-06,3216.8,0.0,0.0,2.2291794103751617,7000.0,7170.82432729482,170.82432729482025,0.024403475327831492,0.9272802220768103,1.020391632339503,-0.09125066034617668
2016-07-07,3209.95,0.0,0.0,2.2291794103751617,7000.0,7155.55444833375,155.55444833374986,0.022222064047678458,0.9253056294626513,1.020391632339503,-0.09318579245778735
2016-07-08,3192.28,0.0,0.0,2.2291794103751617,7000.0,7116.164848152422,116.16484815242165,0.016594978307488795,0.9202120453032081,1.020391632339503,-0.0981775858026277
2016-07-11,3203.33,0.0,0.0,2.2291794103751617,7000.0,7140.797280637066,140.79728063706625,0.020113897233866584,0.923397337038457,1.020391632339503,-0.09505594933061379
2016-07-12,3273.18,0.0,0.0,2.2291794103751617,7000.0,7296.505462451772,296.50546245177156,0.04235792320739584,0.9435324164689671,1.020391632339503,-0.07532325181295041
2016-07-13,3282.87,0.0,0.0,2.2291794103751617,7000.0,7318.1062109383065,318.1062109383065,0.04544374441975818,0.9463256722983392,1.020391632339503,-0.07258581675287668
2016-07-14,3276.76,0.0,0.0,2.2291794103751617,7000.0,7304.485924740915,304.4859247409149,0.043497989248702185,0.9445643933388488,1.020391632339503,-0.0743118980962254
2016-07-15,3276.28,0.0,0.0,2.2291794103751617,7000.0,7303.415918623935,303.4159186239349,0.0433451312319908,0.9444260277250098,1.020391632339503,-0.07444749859455735
2016-07-18,3262.02,0.0,0.0,2.2291794103751617,7000.0,7271.6278202319845,271.6278202319845,0.03880397431885485,0.9403154159472135,1.020391632339503,-0.07847596339916552
2016-07-19,3248.23,0.0,0.0,2.2291794103751617,7000.0,7240.887436162911,240.8874361629114,0.03441249088041598,0.936340287166301,1.020391632339503,-0.0823716527158237
2016-07-20,3237.61,0.0,0.0,2.2291794103751617,7000.0,7217.2135508247275,217.21355082472746,0.031030507260675355,0.9332789479601161,1.020391632339503,-0.08537181374141545
2016-07-21,3252.52,0.0,0.0,2.2291794103751617,7000.0,7250.450615833421,250.45061583342067,0.03577865940477443,0.9375769298399859,1.020391632339503,-0.08115972326198295
2016-07-22,3225.16,0.0,0.0,2.2291794103751617,7000.0,7189.460267165556,189.4602671655557,0.027065752452222203,0.9296900898511704,1.020391632339503,-0.08888895166689736
2016-07-25,3230.89,0.0,0.0,2.2291794103751617,7000.0,7202.233465187006,202.233465187006,0.028890495026715035,0.9313418293663719,1.020391632339503,-0.08727022071806112
2016-07-26,3269.59,0.0,0.0,2.2291794103751617,7000.0,7288.502708368525,288.5027083685254,0.041214672624074966,0.9424975569821307,1.020391632339503,-0.07633743054005715
2016-07-27,3218.24,0.0,0.0,2.2291794103751617,7000.0,7174.0343456457595,174.03434564575946,0.024862049377965656,0.9276953189183267,1.020391632339503,-0.0908438588511814
2016-07-28,3221.14,0.0,0.0,2.2291794103751617,7000.0,7180.498965935848,180.498965935848,0.02578556656226394,0.9285312778352699,1.020391632339503,-0.09002460584042649
2016-07-29,3203.93,0.0,0.0,2.2291794103751617,7000.0,7142.1347882832915,142.13478828329153,0.02030496975475593,0.9235702940557555,1.020391632339503,-0.09488644870769902
2016-08-01,3176.81,1000.0,0.3147811798628184,2.54396059023798,8000.0,8081.679442673917,81.67944267391704,0.010209930334239559,0.9157526368738595,1.020391632339503,-0.10254787686344746
2016-08-02,3189.05,0.0,0.0,2.54396059023798,8000.0,8112.81752029843,112.81752029843028,0.01410219003730373,0.9192809600267507,1.020391632339503,-0.09909006415598565
2016-08-03,3193.51,0.0,0.0,2.54396059023798,8000.0,8124.163584530892,124.16358453089197,0.015520448066361547,0.9205666071886702,1.020391632339503,-0.09783010952565241
2016-08-04,3201.29,0.0,0.0,2.54396059023798,8000.0,8143.955597922943,143.95559792294262,0.0179944497403679,0.9228092831796417,1.020391632339503,-0.09563225144852405
2016-08-05,3205.11,0.0,0.0,2.54396059023798,8000.0,8153.673527377652,153.67352737765214,0.01920919092220652,0.9239104428564427,1.020391632339503,-0.09455309748263319
2016-08-08,3234.18,0.0,0.0,2.54396059023798,8000.0,8227.62646173587,227.62646173587018,0.028453307716983733,0.9322902103445592,1.020391632339503,-0.08634079230241165
2016-08-09,3256.98,0.0,0.0,2.54396059023798,8000.0,8285.628763193296,285.6287631932955,0.035703595399162014,0.9388625770019053,1.020391632339503,-0.07989976863164971
2016-08-10,3243.34,0.0,0.0,2.54396059023798,8000.0,8250.92914074245,250.92914074244982,0.031366142592806234,0.9349306874753176,1.020391632339503,-0.0837530827925792
2016-08-11,3233.36,0.0,0.0,2.54396059023798,8000.0,8225.540414051875,225.5404140518749,0.028192551756484274,0.9320538357542512,1.020391632339503,-0.08657244315372847
2016-08-12,3294.23,0.0,0.0,2.54396059023798,8000.0,8380.391295179661,380.39129517966103,0.04754891189745769,0.9496003251591925,1.020391632339503,-0.0693766049590232
2016-08-15,3393.42,0.0,0.0,2.54396059023798,8000.0,8632.726746125367,632.7267461253668,0.07909084326567095,0.9781930027356035,1.020391632339503,-0.04135532698082656
2016-08-16,3378.25,0.0,0.0,2.54396059023798,8000.0,8594.134863971456,594.1348639714561,0.07426685799643207,0.9738200728149042,1.020391632339503,-0.04564086773018894
2016-08-17,3373.05,0.0,0.0,2.54396059023798,8000.0,8580.90626890222,580.9062689022194,0.07261328361277752,0.9723211119983166,1.020391632339503,-0.047109873128783675
2016-08-18,3364.49,0.0,0.0,2.54396059023798,8000.0,8559.12996624978,559.1299662497804,0.06989124578122263,0.9698535918848566,1.020391632339503,-0.04952808201570147
2016-08-19,3365.02,0.0,0.0,2.54396059023798,8000.0,8560.478265362608,560.478265362608,0.07005978317032602,0.9700063705834705,1.020391632339503,-0.04937835646545996
2016-08-22,3336.79,0.0,0.0,2.54396059023798,8000.0,8488.662257900189,488.6622579001887,0.0610827822375235,0.961868742919572,1.020391632339503,-0.05735336077360087
2016-08-23,3341.83,0.0,0.0,2.54396059023798,8000.0,8501.483819274988,501.4838192749885,0.06268547740937347,0.9633215818648801,1.020391632339503,-0.05592955554111656
2016-08-24,3329.86,0.0,0.0,2.54396059023798,8000.0,8471.032611009841,471.0326110098413,0.05887907637623013,0.9598710893697735,1.020391632339503,-0.05931109296826653
2016-08-25,3308.97,0.0,0.0,2.54396059023798,8000.0,8417.889274279769,417.88927427976887,0.05223615928497116,0.9538493025508277,1.020391632339503,-0.0652125396560832
2016-08-26,3307.09,0.0,0.0,2.54396059023798,8000.0,8413.106628370122,413.10662837012205,0.051638328546265155,0.9533073705632922,1.020391632339503,-0.06574364160788282
2016-08-29,3307.78,0.0,0.0,2.54396059023798,8000.0,8414.861961177387,414.86196117738655,0.05185774514717334,0.9535062711331855,1.020391632339503,-0.06554871589153088
2016-08-30,3311.99,0.0,0.0,2.54396059023798,8000.0,8425.572035262287,425.5720352622866,0.05319650440778578,0.9547198528712305,1.020391632339503,-0.06435938652074547
2016-08-31,3327.79,0.0,0.0,2.54396059023798,8000.0,8465.766612588048,465.7666125880478,0.058220826573506024,0.9592743876600933,1.020391632339503,-0.05989587011732267
2016-09-01,3301.58,1000.0,0.3028852852270731,2.846845875465053,9000.0,9399.089405517909,399.08940551790874,0.04434326727976767,0.9517190486211001,1.020391632339503,-0.067300222328317
2016-09-02,3314.11,0.0,0.0,2.846845875465053,9000.0,9434.760384337487,434.76038433748727,0.04830670937083181,0.9553309676656856,1.020391632339503,-0.06376048431977988
2016-09-05,3319.68,0.0,0.0,2.846845875465053,9000.0,9450.617315863827,450.61731586382666,0.05006859065153635,0.9569365853096073,1.020391632339503,-0.06218695353705428
2016-09-06,3342.63,0.0,0.0,2.846845875465053,9000.0,9515.95242870575,515.9524287057502,0.057328047633972146,0.9635521912212783,1.020391632339503,-0.05570355471056354
2016-09-07,3340.82,0.0,0.0,2.846845875465053,9000.0,9510.799637671158,510.79963767115805,0.056755515296795345,0.9630304375524276,1.020391632339503,-0.05621488158968979
2016-09-08,3339.56,0.0,0.0,2.846845875465053,9000.0,9507.212611868072,507.2126118680717,0.056356956874230146,0.9626672278161005,1.020391632339503,-0.05657083289781095
2016-09-09,3318.04,0.0,0.0,2.846845875465053,9000.0,9445.948488628064,445.9484886280643,0.049549832069784916,0.9564638361289913,1.020391632339503,-0.06265025523968792
2016-09-12,3262.6,0.0,0.0,2.846845875465053,9000.0,9288.11935329228,288.1193532922807,0.032013261476920185,0.9404826077306021,1.020391632339503,-0.07831211279701455
2016-09-13,3260.33,0.0,0.0,2.846845875465053,9000.0,9281.657013154976,281.6570131549761,0.03129522368388615,0.9398282536818224,1.020391632339503,-0.07895339015370884
2016-09-14,3238.73,0.0,0.0,2.846845875465053,9000.0,9220.16514224493,220.1651422449304,0.024462793582770148,0.9336018010590734,1.020391632339503,-0.08505541257864124
2016-09-19,3263.12,0.0,0.0,2.846845875465053,9000.0,9289.599713147523,289.5997131475233,0.03217774590528033,0.9406325038122608,1.020391632339503,-0.07816521225715511
2016-09-20,3257.4,0.0,0.0,2.846845875465053,9000.0,9273.315754739864,273.31575473986413,0.030368417193318287,0.9389836469140144,1.020391632339503,-0.0797811181956094
2016-09-21,3266.64,0.0,0.0,2.846845875465053,9000.0,9299.620610629161,299.6206106291611,0.03329117895879574,0.9416471849804126,1.020391632339503,-0.07717080860272163
2016-09-22,3291.12,0.0,0.0,2.846845875465053,9000.0,9369.311397660545,369.3113976605455,0.04103459974006052,0.9487038312861947,1.020391632339503,-0.07025518318779833
2016-09-23,3275.67,0.0,0.0,2.846845875465053,9000.0,9325.32762888461,325.32762888461,0.03614751432051233,0.9442501880907563,1.020391632339503,-0.07461982422785396
2016-09-26,3220.28,0.0,0.0,2.846845875465053,9000.0,9167.640835842602,167.64083584260152,0.018626759538066917,0.928283372777142,1.020391632339503,-0.09026755673327092
2016-09-27,3240.75,0.0,0.0,2.846845875465053,9000.0,9225.91577091337,225.91577091337058,0.025101752323707816,0.9341840896839787,1.020391632339503,-0.08448476048149467
2016-09-28,3230.89,0.0,0.0,2.846845875465053,9000.0,9197.845870581285,197.84587058128454,0.02198287450903158,0.9313418293663719,1.020391632339503,-0.08727022071806112
2016-09-29,3244.39,0.0,0.0,2.846845875465053,9000.0,9236.278289900063,236.2782899000631,0.026253143322229278,0.9352333622555901,1.020391632339503,-0.08345645670247837
2016-09-30,3253.28,0.0,0.0,2.846845875465053,9000.0,9261.586749732947,261.5867497329473,0.029065194414771955,0.9377960087285642,1.020391632339503,-0.08094502247295754
2016-10-10,3293.87,1000.0,0.3035942523536144,3.1504401278186673,10000.0,10377.140223818073,377.1402238180726,0.03771402238180732,0.9494965509488132,1.020391632339503,-0.06947830533277222
2016-10-11,3306.56,0.0,0.0,3.1504401278186673,10000.0,10417.119309040092,417.11930904009205,0.041711930904009265,0.9531545918646783,1.020391632339503,-0.06589336715812433
2016-10-12,3300.01,0.0,0.0,3.1504401278186673,10000.0,10396.483926202882,396.4839262028818,0.039648392620288186,0.951266477759169,1.020391632339503,-0.06774374895827728
2016-10-13,3302.65,0.0,0.0,3.1504401278186673,10000.0,10404.801088140322,404.80108814032246,0.0404801088140323,0.9520274886352826,1.020391632339503,-0.06699794621745225
2016-10-14,3305.85,0.0,0.0,3.1504401278186673,10000.0,10414.88249654934,414.88249654934043,0.04148824965493403,0.952949926060875,1.020391632339503,-0.06609394289524018
2016-10-17,3277.88,0.0,0.0,3.1504401278186673,10000.0,10326.764686174254,326.76468617425417,0.03267646861742546,0.9448872464378061,1.020391632339503,-0.0739954969334512
2016-10-18,3321.33,0.0,0.0,3.1504401278186673,10000.0,10463.651309727975,463.6513097279749,0.046365130972797486,0.9574122171071785,1.020391632339503,-0.061720826824038566
2016-10-19,3316.24,0.0,0.0,3.1504401278186673,10000.0,10447.615569477377,447.615569477377,0.04476155694773776,0.9559449650770955,1.020391632339503,-0.06315875710843244
2016-10-20,3318.6,0.0,0.0,3.1504401278186673,10000.0,10455.05060817903,455.05060817902995,0.045505060817903065,0.9566252626784699,1.020391632339503,-0.06249205465830088
2016-10-21,3327.74,0.0,0.0,3.1504401278186673,10000.0,10483.845630947291,483.8456309472913,0.04838456309472905,0.9592599745753183,1.020391632339503,-0.059909995169232344
2016-10-24,3367.58,0.0,0.0,3.1504401278186673,10000.0,10609.359165639587,609.3591656395874,0.06093591656395869,0.9707443205239444,1.020391632339503,-0.048655153807690255
2016-10-25,3367.45,0.0,0.0,3.1504401278186673,10000.0,10608.94960842297,608.9496084229704,0.06089496084229706,0.9707068465035297,1.020391632339503,-0.04869187894265514
2016-10-26,3354.8,0.0,0.0,3.1504401278186673,10000.0,10569.096540806066,569.0965408060656,0.056909654080606664,0.9670603360554846,1.020391632339503,-0.0522655170757752
2016-10-27,3345.7,0.0,0.0,3.1504401278186673,10000.0,10540.427535642915,540.4275356429152,0.05404275356429156,0.964437154626456,1.020391632339503,-0.05483627652331624
2016-10-28,3340.13,0.0,0.0,3.1504401278186673,10000.0,10522.879584130966,522.8795841309657,0.052287958413096636,0.9628315369825342,1.020391632339503,-0.05640980730604184
2016-10-31,3336.28,0.0,0.0,3.1504401278186673,10000.0,10510.750389638864,510.75038963886436,0.05107503896388654,0.9617217294548683,1.020391632339503,-0.05749743630307835
2016-11-01,3359.05,1000.0,0.2977032196603206,3.4481433474789878,11000.0,11582.485911349295,582.4859113492948,0.05295326466811767,0.9682854482613495,1.020391632339503,-0.05106488766346218
2016-11-02,3333.35,0.0,0.0,3.4481433474789878,11000.0,11493.868627319083,493.8686273190833,0.0448971479380984,0.9608771226870602,1.020391632339503,-0.05832516434497892
2016-11-03,3365.09,0.0,0.0,3.4481433474789878,11000.0,11603.312697168067,603.3126971680667,0.05484660883346071,0.9700265489021553,1.020391632339503,-0.049358581392786594
2016-11-04,3354.17,0.0,0.0,3.4481433474789878,11000.0,11565.658971813597,565.6589718135965,0.051423542892145235,0.966878731187321,1.020391632339503,-0.05244349272983573
2016-11-07,3356.59,0.0,0.0,3.4481433474789878,11000.0,11574.003478714496,574.0034787144959,0.05218213442859043,0.9675763244904254,1.020391632339503,-0.051759840217412756
2016-11-08,3371.12,0.0,0.0,3.4481433474789878,11000.0,11624.105001553366,624.1050015533656,0.05673681832303323,0.971764766926006,1.020391632339503,-0.04765510013249308
2016-11-09,3353.05,0.0,0.0,3.4481433474789878,11000.0,11561.79705126442,561.7970512644206,0.05107245920585646,0.9665558780883637,1.020391632339503,-0.052759893892610044
2016-11-10,3390.61,0.0,0.0,3.4481433474789878,11000.0,11691.30931539573,691.3093153957307,0.06284630139961189,0.9773829873712551,1.020391632339503,-0.04214915489814419
2016-11-11,3417.22,0.0,0.0,3.4481433474789878,11000.0,11783.064409872146,783.0644098721459,0.07118767362474054,0.9850536310884472,1.020391632339503,-0.034631802271873346
2016-11-14,3430.25,0.0,0.0,3.4481433474789878,11000.0,11827.993717689798,827.9937176897984,0.07527215615361804,0.9888096809807816,1.020391632339503,-0.03095081374424047
2016-11-15,3429.87,0.0,0.0,3.4481433474789878,11000.0,11826.683423217755,826.6834232177553,0.0751530384743413,0.9887001415364924,1.020391632339503,-0.031058164138753175
2016-11-16,3429.59,0.0,0.0,3.4481433474789878,11000.0,11825.717943080463,825.7179430804626,0.07506526755276943,0.9886194282617532,1.020391632339503,-0.031137264429446643
2016-11-17,3436.53,0.0,0.0,3.4481433474789878,11000.0,11849.648057911967,849.648057911967,0.07724073253745156,0.9906199644285067,1.020391632339503,-0.029176707224399023
2016-11-18,3417.46,0.0,0.0,3.4481433474789878,11000.0,11783.89196427554,783.8919642755409,0.07126290584323103,0.9851228138953667,1.020391632339503,-0.034564002022707374
2016-11-21,3441.11,0.0,0.0,3.4481433474789878,11000.0,11865.44055444342,865.4405544434194,0.0786764140403109,0.991940202993886,1.020391632339503,-0.027882852469482744
2016-11-22,3468.36,0.0,0.0,3.4481433474789878,11000.0,11959.402460662222,959.4024606622224,0.08721840551474758,0.9997953341961967,1.020391632339503,-0.020184699178769416
2016-11-23,3474.73,0.0,0.0,3.4481433474789878,11000.0,11981.367133785663,981.3671337856631,0.0892151939805148,1.0016315611965165,1.020391632339503,-0.0183851675654908
2016-11-24,3488.74,0.0,0.0,3.4481433474789878,11000.0,12029.675622083843,1029.6756220838433,0.09360687473489482,1.0056701075504384,1.020391632339503,-0.014427328020430563
2016-11-25,3521.3,0.0,0.0,3.4481433474789878,11000.0,12141.94716947776,1141.9471694777603,0.1038133790434328,1.0150559083558417,1.020391632339503,-0.005229094216921304
2016-11-28,3535.08,0.0,0.0,3.4481433474789878,11000.0,12189.46258480602,1189.4625848060205,0.10813296225509283,1.0190281545197992,1.020391632339503,-0.0013362299106448594
2016-11-29,3564.04,0.0,0.0,3.4481433474789878,11000.0,12289.320816149011,1289.320816149011,0.11721098328627377,1.0273762132214108,1.0273762132214108,0.0
2016-11-30,3538.0,0.0,0.0,3.4481433474789878,11000.0,12199.53116338066,1199.5311633806596,0.10904828758006002,1.0198698786706524,1.0273762132214108,-0.007306315305103062
2016-12-01,3565.04,1000.0,0.28050176155106255,3.72864510903005,12000.0,13292.76895949649,1292.7689594964904,0.1077307466247075,1.0276644749169086,1.0276644749169086,0.0
2016-12-02,3528.95,0.0,0.0,3.72864510903005,12000.0,13158.202157511594,1158.2021575115941,0.09651684645929959,1.0172611103263987,1.0276644749169086,-0.010123308574377932
2016-12-05,3469.41,0.0,0.0,3.72864510903005,12000.0,12936.198627719945,936.1986277199449,0.07801655230999538,1.000098008976469,1.0276644749169086,-0.02682438345712823
2016-12-06,3459.15,0.0,0.0,3.72864510903005,12000.0,12897.942728901298,897.9427289012983,0.07482856074177491,0.9971404439806634,1.0276644749169086,-0.029702331530642057
2016-12-07,3475.75,0.0,0.0,3.72864510903005,12000.0,12959.838237711196,959.8382377111957,0.07998651980926641,1.0019255881259241,1.0276644749169086,-0.02504600228889453
2016-12-08,3470.14,0.0,0.0,3.72864510903005,12000.0,12938.920538649538,938.9205386495378,0.07824337822079475,1.0003084400141824,1.0276644749169086,-0.026619617171195986
2016-12-09,3493.7,0.0,0.0,3.72864510903005,12000.0,13026.767417418285,1026.7674174182848,0.08556395145152385,1.0070998855601068,1.0276644749169086,-0.020010995669052956
2016-12-12,3409.18,0.0,0.0,3.72864510903005,12000.0,12711.622332803065,711.6223328030646,0.059301861066922035,0.9827360070566462,1.0276644749169086,-0.04371900455534872
2016-12-13,3405.04,0.0,0.0,3.72864510903005,12000.0,12696.18574205168,696.1857420516808,0.05801547850430677,0.9815426036372861,1.0276644749169086,-0.044880281848170056
2016-12-14,3378.95,0.0,0.0,3.72864510903005,12000.0,12598.905391157086,598.9053911570863,0.04990878259642395,0.9740218560017525,1.0276644749169086,-0.052198572807037324
2016-12-15,3340.43,0.0,0.0,3.72864510903005,12000.0,12455.27798155725,455.2779815572503,0.03793983179643745,0.9629180154911834,1.0276644749169086,-0.06300350066198435
2016-12-16,3346.03,0.0,0.0,3.72864510903005,12000.0,12476.15839416782,476.15839416782,0.03967986618065167,0.9645322809859703,1.0276644749169086,-0.061432690797298184
2016-12-19,3328.98,0.0,0.0,3.72864510903005,12000.0,12412.584995058856,412.5849950588563,0.0343820829215713,0.9596174190777355,1.0276644749169086,-0.06621524583174387
2016-12-20,3309.06,0.0,0.0,3.72864510903005,12000.0,12338.310384486977,338.31038448697655,0.028192532040581364,0.9538752461034224,1.0276644749169086,-0.07180284092184108
2016-12-21,3338.54,0.0,0.0,3.72864510903005,12000.0,12448.230842301184,448.23084230118366,0.03735257019176541,0.9623732008866929,1.0276644749169086,-0.06353364899131575
2016-12-22,3335.67,0.0,0.0,3.72864510903005,12000.0,12437.529630838268,437.5296308382676,0.03646080256985562,0.9615458898206147,1.0276644749169086,-0.06433868904696727
2016-12-23,3307.6,0.0,0.0,3.72864510903005,12000.0,12332.866562627793,332.8665626277925,0.02773888021898263,0.9534543840279959,1.0276644749169086,-0.07221237349370568
2016-12-26,3322.4,0.0,0.0,3.72864510903005,12000.0,12388.050510241439,388.05051024143904,0.03233754252012,0.957720657121361,1.0276644749169086,-0.06806094742274993
2016-12-27,3316.39,0.0,0.0,3.72864510903005,12000.0,12365.641353136167,365.6413531361668,0.030470112761347146,0.9559882043314202,1.0276644749169086,-0.06974676300967175
2016-12-28,3301.89,0.0,0.0,3.72864510903005,12000.0,12311.575999055232,311.5759990552324,0.02596466658793606,0.9518084097467043,1.0276644749169086,-0.07381403855216229
2016-12-29,3297.76,0.0,0.0,3.72864510903005,12000.0,12296.176694754939,296.1766947549386,0.024681391229578242,0.9506178889442992,1.0276644749169086,-0.074972510827368
2016-12-30,3310.08,0.0,0.0,3.72864510903005,12000.0,12342.113602498188,342.1136024981879,0.0285094668748489,0.9541692730328301,1.0276644749169086,-0.07151672912505902
2017-01-03,3342.23,1000.0,0.2992014313796477,4.027846540409698,13000.0,13461.989542753505,461.9895427535048,0.03553765713488488,0.9634368865430792,1.0276644749169086,-0.062498597491192354
2017-01-04,3368.31,0.0,0.0,4.027846540409698,13000.0,13567.035780527389,567.0357805273889,0.04361813696364525,0.9709547515616577,1.0276644749169086,-0.0551831115499406
2017-01-05,3367.79,0.0,0.0,4.027846540409698,13000.0,13564.941300326376,564.9413003263762,0.043457023102029035,0.970804855479999,1.0276644749169086,-0.055328972465947146
2017-01-06,3347.67,0.0,0.0,4.027846540409698,13000.0,13483.901027933332,483.90102793333244,0.03722315599487169,0.9650050301665865,1.0276644749169086,-0.06097266790835443
2017-01-09,3363.9,0.0,0.0,4.027846540409698,13000.0,13549.272977284183,549.2729772841831,0.04225176748339865,0.9696835174845131,1.0276644749169086,-0.05642012431838084
2017-01-10,3358.27,0.0,0.0,4.027846540409698,13000.0,13526.596201261675,526.5962012616747,0.040507400097052004,0.9680606041388614,1.0276644749169086,-0.05799934923591321
2017-01-11,3334.5,0.0,0.0,4.027846540409698,13000.0,13430.854288996137,430.85428899613726,0.0331426376150874,0.9612086236368824,1.0276644749169086,-0.06466687610798205
2017-01-12,3317.62,0.0,0.0,4.027846540409698,13000.0,13362.86423939402,362.86423939402084,0.02791263379954012,0.9563427662168823,1.0276644749169086,-0.06940174584296399
2017-01-13,3319.91,0.0,0.0,4.027846540409698,13000.0,13372.088007971559,372.0880079715589,0.02862215445935079,0.9570028854995718,1.0276644749169086,-0.06875939680901211
2017-01-16,3319.45,0.0,0.0,4.027846540409698,13000.0,13370.23519856297,370.23519856297025,0.02847963065869008,0.9568702851196429,1.0276644749169086,-0.06888842761932557
2017-01-17,3326.36,0.0,0.0,4.027846540409698,13000.0,13398.067618157202,398.06761815720165,0.0306205860120925,0.9588621734355317,1.0276644749169086,-0.06695016044700763
2017-01-18,3339.37,0.0,0.0,4.027846540409698,13000.0,13450.469901647932,450.4699016479317,0.03465153089599471,0.9626124580939559,1.0276644749169086,-0.06330083252922847
2017-01-19,3329.29,0.0,0.0,4.027846540409698,13000.0,13409.869208520602,409.8692085206021,0.03152840065543083,0.9597067802033398,1.0276644749169086,-0.06612829028566303
2017-01-20,3354.89,0.0,0.0,4.027846540409698,13000.0,13512.98207995509,512.9820799550907,0.039460159996545396,0.9670862796080794,1.0276644749169086,-0.05894744518995587
2017-01-23,3364.08,0.0,0.0,4.027846540409698,13000.0,13549.997989661455,549.997989661455,0.042307537666265826,0.9697354045897026,1.0276644749169086,-0.05636963400130168
2017-01-24,3364.45,0.0,0.0,4.027846540409698,13000.0,13551.488292881406,551.4882928814059,0.04242217637549284,0.9698420614170368,1.0276644749169086,-0.05626584834952775
2017-01-25,3375.9,0.0,0.0,4.027846540409698,13000.0,13597.607135769098,597.607135769098,0.04596977967454596,0.9731426578304848,1.0276644749169086,-0.053054103179768
2017-01-26,3387.96,0.0,0.0,4.027846540409698,13000.0,13646.182965046439,646.1829650464388,0.049706381926649224,0.9766190938781864,1.0276644749169086,-0.04967125193546218
2017-02-03,3364.49,1000.0,0.29722186720721416,4.325068407616912,14000.0,14551.649406743023,551.6494067430231,0.03940352905307298,0.9698535918848566,1.0276644749169086,-0.05625462827906569
2017-02-06,3373.21,0.0,0.0,4.325068407616912,14000.0,14589.364003257442,589.3640032574422,0.04209742880410294,0.9723672338695961,1.0276644749169086,-0.05380865291834036
2017-02-07,3365.68,0.0,0.0,4.325068407616912,14000.0,14556.796238148087,556.7962381480866,0.039771159867720396,0.9701966233024989,1.0276644749169086,-0.055920831182819875
2017-02-08,3383.29,0.0,0.0,4.325068407616912,14000.0,14632.96069280622,632.9606928062203,0.045211478057587184,0.9752729117602124,1.0276644749169086,-0.05098119516190569
2017-02-09,3396.29,0.0,0.0,4.325068407616912,14000.0,14689.186582105242,689.1865821052415,0.049227613007517323,0.9790203138016816,1.0276644749169086,-0.04733467226174193
2017-02-10,3413.49,0.0,0.0,4.325068407616912,14000.0,14763.57775871625,763.5777587162502,0.054541268479732175,0.983978414964241,1.0276644749169086,-0.04251004196306374
2017-02-13,3436.27,0.0,0.0,4.325068407616912,14000.0,14862.102817041765,862.1028170417649,0.06157877264584033,0.9905450163876773,1.0276644749169086,-0.036120211834930416
2017-02-14,3435.8,0.0,0.0,4.325068407616912,14000.0,14860.070034890186,860.0700348901864,0.06143357392072768,0.9904095333907935,1.0276644749169086,-0.03625204766285939
2017-02-15,3421.71,0.0,0.0,4.325068407616912,14000.0,14799.129821026863,799.1298210268633,0.057080701501918796,0.9863479261012317,1.0276644749169086,-0.04020431748311393
2017-02-16,3440.93,0.0,0.0,4.325068407616912,14000.0,14882.25763582126,882.2576358212591,0.06301840255866131,0.9918883158886963,1.0276644749169086,-0.03481307362610253
2017-02-17,3421.44,0.0,0.0,4.325068407616912,14000.0,14797.962052556806,797.9620525568062,0.05699728946834326,0.9862700954434473,1.0276644749169086,-0.040280052958732604
2017-02-20,3471.39,0.0,0.0,4.325068407616912,14000.0,15013.99921951727,1013.9992195172708,0.07242851567980502,1.0006687671335543,1.0276644749169086,-0.026268989969257195
2017-02-21,3482.82,0.0,0.0,4.325068407616912,14000.0,15063.434751416333,1063.4347514163328,0.07595962510116672,1.0039635983130926,1.0276644749169086,-0.023062854834728364
2017-02-22,3489.76,0.0,0.0,4.325068407616912,14000.0,15093.450726165194,1093.4507261651943,0.07810362329751386,1.0059641344798462,1.0276644749169086,-0.021116172609564
2017-02-23,3473.32,0.0,0.0,4.325068407616912,14000.0,15022.346601543972,1022.3466015439717,0.07302475725314084,1.001225112205865,1.0276644749169086,-0.0257276215694634
2017-02-24,3473.85,0.0,0.0,4.325068407616912,14000.0,15024.638887800009,1024.638887800009,0.07318849198571487,1.0013778909044786,1.0276644749169086,-0.02557895563584156
2017-02-27,3446.22,0.0,0.0,4.325068407616912,14000.0,14905.137247697552,905.1372476975521,0.06465266054982521,0.9934132202578788,1.0276644749169086,-0.033329219307497326
2017-02-28,3452.81,0.0,0.0,4.325068407616912,14000.0,14933.639448503749,933.639448503749,0.06668853203598202,0.9953128648312083,1.0276644749169086,-0.03148071269887587
2017-03-01,3458.44,1000.0,0.2891477082152647,4.614216115832177,15000.0,15957.989583638633,957.9895836386331,0.06386597224257562,0.9969357781768601,1.0276644749169086,-0.029901487781343272
2017-03-02,3435.1,0.0,0.0,4.614216115832177,15000.0,15850.29377949511,850.2937794951104,0.056686251966340695,0.990207750203945,1.0276644749169086,-0.0364483988959452
2017-03-03,3427.86,0.0,0.0,4.614216115832177,15000.0,15816.886854816485,816.8868548164846,0.054459123654432284,0.9881207355285422,1.0276644749169086,-0.038479231649574785
2017-03-06,3446.48,0.0,0.0,4.614216115832177,15000.0,15902.80355889328,902.8035588932798,0.060186903926218616,0.9934881682987082,1.0276644749169086,-0.03325628884949405
2017-03-07,3453.96,0.0,0.0,4.614216115832177,15000.0,15937.317895439704,937.3178954397044,0.06248785969598036,0.9956443657810307,1.0276644749169086,-0.031158135673092002
2017-03-08,3448.73,0.0,0.0,4.614216115832177,15000.0,15913.185545153903,913.1855451539031,0.060879036343593596,0.994136757113578,1.0276644749169086,-0.03262515988600412
2017-03-09,3426.94,0.0,0.0,4.614216115832177,15000.0,15812.64177598992,812.6417759899196,0.0541761183993279,0.9878555347686844,1.0276644749169086,-0.03873729327020181
2017-03-10,3427.89,0.0,0.0,4.614216115832177,15000.0,15817.025281299959,817.0252812999588,0.05446835208666401,0.988129383379407,1.0276644749169086,-0.03847081659672835
2017-03-13,3458.1,0.0,0.0,4.614216115832177,15000.0,15956.42075015925,956.42075015925,0.0637613833439501,0.9968377692003908,1.0276644749169086,-0.029996858380270774
2017-03-14,3456.69,0.0,0.0,4.614216115832177,15000.0,15949.914705435927,949.9147054359273,0.0633276470290618,0.9964313202097391,1.0276644749169086,-0.03039236586405769
2017-03-15,3463.64,0.0,0.0,4.614216115832177,15000.0,15981.98350744096,981.9835074409602,0.06546556716273066,0.9984347389934477,1.0276644749169086,-0.028442878621277923
2017-03-16,3481.51,0.0,0.0,4.614216115832177,15000.0,16064.439549430883,1064.4395494308828,0.07096263662872548,1.0035859754919907,1.0276644749169086,-0.023430312142360243
2017-03-17,3445.81,0.0,0.0,4.614216115832177,15000.0,15899.712034095672,899.7120340956717,0.05998080227304481,0.9932950329627248,1.0276644749169086,-0.03344422502973332
2017-03-20,3449.61,0.0,0.0,4.614216115832177,15000.0,15917.246055335836,917.246055335836,0.06114973702238902,0.9943904274056159,1.0276644749169086,-0.03237831833583915
2017-03-21,3466.35,0.0,0.0,4.614216115832177,15000.0,15994.488033114865,994.4880331148652,0.06629920220765761,0.9992159281882463,1.0276644749169086,-0.02768271884747442
2017-03-22,3450.05,0.0,0.0,4.614216115832177,15000.0,15919.276310426802,919.2763104268015,0.06128508736178673,0.9945172625516349,1.0276644749169086,-0.03225489756075672
2017-03-23,3461.98,0.0,0.0,4.614216115832177,15000.0,15974.323908688679,974.3239086886788,0.06495492724591201,0.9979562245789216,1.0276644749169086,-0.028908511545452598
2017-03-24,3489.6,0.0,0.0,4.614216115832177,15000.0,16101.768557807964,1101.7685578079636,0.0734512371871976,1.0059180126085665,1.0276644749169086,-0.021161052891412235
2017-03-27,3478.04,0.0,0.0,4.614216115832177,15000.0,16048.428219508944,1048.4282195089436,0.06989521463392956,1.0025857074086137,1.0276644749169086,-0.024403653254942537
2017-03-28,3469.81,0.0,0.0,4.614216115832177,15000.0,16010.453220875645,1010.4532208756445,0.0673635480583763,1.0002133136546683,1.0276644749169086,-0.02671218275250775
2017-03-29,3465.19,0.0,0.0,4.614216115832177,15000.0,15989.135542420501,989.1355424205012,0.06594236949470011,0.9988815446214692,1.0276644749169086,-0.028008100890873577
2017-03-30,3436.76,0.0,0.0,4.614216115832177,15000.0,15857.953378247392,857.9533782473918,0.05719689188315935,0.9906862646184712,1.0276644749169086,-0.035982765971770414
2017-03-31,3456.05,0.0,0.0,4.614216115832177,15000.0,15946.961607121795,946.9616071217952,0.06313077380811971,0.9962468327246208,1.0276644749169086,-0.030571886991450303
2017-04-05,3503.89,1000.0,0.28539708723732765,4.899613203069504,16000.0,17167.705706103203,1167.7057061032028,0.07298160663145015,1.0100372722372277,1.0276644749169086,-0.017152682718847623
2017-04-06,3514.05,0.0,0.0,4.899613203069504,16000.0,17217.48577624639,1217.4857762463907,0.07609286101539947,1.012966011063484,1.0276644749169086,-0.014302784821488612
2017-04-07,3517.46,0.0,0.0,4.899613203069504,16000.0,17234.19345726886,1234.1934572688588,0.07713709107930367,1.0139489834451307,1.0276644749169086,-0.01334627381459963
2017-04-10,3505.14,0.0,0.0,4.899613203069504,16000.0,17173.83022260704,1173.830222607041,0.07336438891294006,1.0103975993566,1.0276644749169086,-0.01680205551690872
2017-04-11,3517.33,0.0,0.0,4.899613203069504,16000.0,17233.556507552457,1233.5565075524573,0.07709728172202857,1.013911509424716,1.0276644749169086,-0.013382739043601433
2017-04-12,3509.44,0.0,0.0,4.899613203069504,16000.0,17194.89855938024,1194.898559380239,0.0746811599612649,1.0116371246472398,1.0276644749169086,-0.015595897942239145
2017-04-13,3514.57,0.0,0.0,4.899613203069504,16000.0,17220.033575111986,1220.0335751119856,0.0762520984444992,1.0131159071451425,1.0276644749169086,-0.014156923905482288
2017-04-14,3486.5,0.0,0.0,4.899613203069504,16000.0,17082.501432501824,1082.5014325018237,0.06765633953136407,1.0050244013525238,1.0276644749169086,-0.022030608352220593
2017-04-17,3479.94,0.0,0.0,4.899613203069504,16000.0,17050.35996988969,1050.3599698896905,0.06564749811810566,1.0031334046300593,1.0276644749169086,-0.023870699907995507
2017-04-18,3462.74,0.0,0.0,4.899613203069504,16000.0,16966.086622796895,966.0866227968945,0.060380413924805865,0.9981753034674998,1.0276644749169086,-0.028695330206673808
2017-04-19,3445.88,0.0,0.0,4.899613203069504,16000.0,16883.47914419314,883.4791441931411,0.05521744651207139,0.9933152112814096,1.0276644749169086,-0.03342458990642472
2017-04-20,3461.55,0.0,0.0,4.899613203069504,16000.0,16960.25608308524,960.2560830852417,0.06001600519282757,0.9978322720498577,1.0276644749169086,-0.02902912730291951
2017-04-21,3466.79,0.0,0.0,4.899613203069504,16000.0,16985.930056269324,985.9300562693243,0.06162062851683281,0.9993427633342653,1.0276644749169086,-0.02755929807239199
2017-04-24,3431.26,0.0,0.0,4.899613203069504,16000.0,16811.84679916427,811.8467991642683,0.05074042494776676,0.9891008252932342,1.0276644749169086,-0.03752552566030121
2017-04-25,3440.97,0.0,0.0,4.899613203069504,16000.0,16859.42204336607,859.4220433660703,0.05371387771037939,0.9918998463565162,1.0276644749169086,-0.03480185355564047
2017-04-26,3445.18,0.0,0.0,4.899613203069504,16000.0,16880.049414950994,880.0494149509941,0.05500308843443724,0.9931134280945613,1.0276644749169086,-0.03362094113951053
2017-04-27,3446.72,0.0,0.0,4.899613203069504,16000.0,16887.59481928372,887.5948192837204,0.0554746762052325,0.9935573511056276,1.0276644749169086,-0.03318896842672192
2017-04-28,3439.75,0.0,0.0,4.899613203069504,16000.0,16853.444515258325,853.4445152583248,0.053340282203645284,0.9915481670880091,1.0276644749169086,-0.03514406570473272
2017-05-02,3426.58,1000.0,0.2918361748448891,5.191449377914393,17000.0,17788.9166093739,788.9166093739004,0.04640685937493538,0.9877517605583052,1.0276644749169086,-0.03883827390436023
2017-05-03,3413.13,0.0,0.0,5.191449377914393,17000.0,17719.09161524095,719.0916152409518,0.042299506778879614,0.983874640753862,1.0276644749169086,-0.04261102259722194
2017-05-04,3404.39,0.0,0.0,5.191449377914393,17000.0,17673.71834767798,673.7183476779792,0.03963049103988103,0.9813552335352125,1.0276644749169086,-0.045062607993178405
2017-05-05,3382.55,0.0,0.0,5.191449377914393,17000.0,17560.33709326433,560.3370932643302,0.03296100548613712,0.9750595981055441,1.0276644749169086,-0.05118876646545345
2017-05-08,3358.81,0.0,0.0,5.191449377914393,17000.0,17437.09208503264,437.09208503264017,0.025711299119567155,0.9682162654544301,1.0276644749169086,-0.05784787828467575
2017-05-09,3352.53,0.0,0.0,5.191449377914393,17000.0,17404.48978293934,404.48978293934124,0.02379351664349061,0.966405982006705,1.0276644749169086,-0.05960942934721625
2017-05-10,3337.7,0.0,0.0,5.191449377914393,17000.0,17327.50058866487,327.5005886648687,0.019264740509698175,0.9621310610624748,1.0276644749169086,-0.06376927047101877
2017-05-11,3356.65,0.0,0.0,5.191449377914393,17000.0,17425.878554376348,425.8785543763479,0.025051679669196858,0.9675936201921552,1.0276644749169086,-0.05845376208962594
2017-05-12,3385.38,0.0,0.0,5.191449377914393,17000.0,17575.028895003827,575.0288950038266,0.033825229117872224,0.9758753787038025,1.0276644749169086,-0.05039494648026388
2017-05-15,3399.19,0.0,0.0,5.191449377914393,17000.0,17646.722810912826,646.7228109128264,0.03804251828898986,0.9798562727186249,1.0276644749169086,-0.046521217153243755
2017-05-16,3428.65,0.0,0.0,5.191449377914393,17000.0,17799.662909586183,799.6629095861826,0.04703899468154016,0.9883484622679853,1.0276644749169086,-0.03825763525794945
2017-05-17,3409.97,0.0,0.0,5.191449377914393,17000.0,17702.68663520674,702.6866352067409,0.041334507953337596,0.9829637337960894,1.0276644749169086,-0.04349740816372338
2017-05-18,3398.11,0.0,0.0,5.191449377914393,17000.0,17641.116045584677,641.1160455846766,0.03771270856380449,0.9795449500874874,1.0276644749169086,-0.046824159055718906
2017-05-19,3403.85,0.0,0.0,5.191449377914393,17000.0,17670.914965013904,670.9149650139043,0.03946558617728857,0.9811995722196438,1.0276644749169086,-0.04521407894441587
2017-05-22,3411.24,0.0,0.0,5.191449377914393,17000.0,17709.279775916693,709.2797759166933,0.04172233975980544,0.9833298261493714,1.0276644749169086,-0.04314117092655356
2017-05-23,3424.19,0.0,0.0,5.191449377914393,17000.0,17776.509045360683,776.5090453606826,0.045677002668275346,0.9870628151060659,1.0276644749169086,-0.03950867311446726
2017-05-24,3424.17,0.0,0.0,5.191449377914393,17000.0,17776.405216373125,776.4052163731249,0.045670895080772045,0.9870570498721559,1.0276644749169086,-0.03951428314969818
2017-05-25,3485.66,0.0,0.0,5.191449377914393,17000.0,18095.627438621083,1095.6274386210825,0.06444867286006373,1.0047822615283057,1.0276644749169086,-0.0222662298319235
2017-05-26,3480.43,0.0,0.0,5.191449377914393,17000.0,18068.47615837459,1068.4761583745894,0.06285153872791693,1.0032746528608532,1.0276644749169086,-0.023733254044835506
2017-05-31,3492.88,0.0,0.0,5.191449377914393,17000.0,18133.109703129623,1133.109703129623,0.06665351194880142,1.0068635109697988,1.0276644749169086,-0.020241007113524723
2017-06-01,3497.74,1000.0,0.28589889471487306,5.477348272629266,18000.0,19158.340147106286,1158.3401471062862,0.06435223039479365,1.0082644628099173,1.0276644749169086,-0.018877768552386542
2017-06-02,3486.51,0.0,0.0,5.477348272629266,18000.0,19096.82952600466,1096.8295260046616,0.060934973666925574,1.005027283969479,1.0276644749169086,-0.022027803334604856
2017-06-05,3468.75,0.0,0.0,5.477348272629266,18000.0,18999.551820682766,999.5518206827655,0.055530656704598114,0.9999077562574407,1.0276644749169086,-0.027009514619751984
2017-06-06,3492.88,0.0,0.0,5.477348272629266,18000.0,19131.72023450131,1131.7202345013102,0.06287334636118391,1.0068635109697988,1.0276644749169086,-0.020241007113524723
2017-06-07,3533.87,0.0,0.0,5.477348272629266,18000.0,19356.236740196382,1356.236740196382,0.07534648556646562,1.018679357868247,1.0276644749169086,-0.008743239907546774
2017-06-08,3560.98,0.0,0.0,5.477348272629266,18000.0,19504.727651867364,1504.7276518673643,0.08359598065929807,1.0264941324331882,1.0276644749169086,-0.0011388371518973317
2017-06-09,3576.17,0.0,0.0,5.477348272629266,18000.0,19587.928572128603,1587.9285721286033,0.08821825400714456,1.0308728275877972,1.0308728275877972,0.0
2017-06-12,3574.39,0.0,0.0,5.477348272629266,18000.0,19578.178892203323,1578.178892203323,0.08767660512240694,1.0303597217698115,1.0308728275877972,-0.0004977392014360316
2017-06-13,3582.27,0.0,0.0,5.477348272629266,18000.0,19621.34039659164,1621.3403965916405,0.09007446647731343,1.0326312239303328,1.0326312239303328,0.0
2017-06-14,3535.3,0.0,0.0,5.477348272629266,18000.0,19364.069348226243,1364.0693482262432,0.07578163045701358,1.0190915720928087,1.0326312239303328,-0.013111797826517835
2017-06-15,3528.79,0.0,0.0,5.477348272629266,18000.0,19328.411810971425,1328.4118109714254,0.07380065616507925,1.017214988455119,1.0326312239303328,-0.014929081280863898
2017-06-16,3518.76,0.0,0.0,5.477348272629266,18000.0,19273.474007796958,1273.4740077969582,0.07074855598871999,1.0143237236492777,1.0326312239303328,-0.017728981902536578
2017-06-19,3553.67,0.0,0.0,5.477348272629266,18000.0,19464.688235994443,1464.688235994443,0.08137156866635786,1.0243869394391003,1.0326312239303328,-0.007983764484530753
2017-06-20,3546.49,0.0,0.0,5.477348272629266,18000.0,19425.360875396964,1425.3608753969638,0.07918671529983135,1.0223172204654272,1.0326312239303328,-0.009988080183794157
2017-06-21,3587.96,0.0,0.0,5.477348272629266,18000.0,19652.5065082629,1652.5065082629008,0.09180591712571662,1.0342714329777145,1.0342714329777145,0.0
2017-06-22,3590.34,0.0,0.0,5.477348272629266,18000.0,19665.542597151758,1665.542597151758,0.09253014428620876,1.0349574958129988,1.0349574958129988,0.0
2017-06-23,3622.88,0.0,0.0,5.477348272629266,18000.0,19843.775509943116,1843.775509943116,0.10243197277461746,1.044337531384492,1.044337531384492,0.0
2017-06-26,3668.09,0.0,0.0,5.477348272629266,18000.0,20091.406425348683,2091.406425348683,0.11618924585270451,1.0573698426379403,1.0573698426379403,0.0
2017-06-27,3674.72,0.0,0.0,5.477348272629266,18000.0,20127.721244396216,2127.721244396216,0.1182067357997898,1.0592810176790897,1.0592810176790897,0.0
2017-06-28,3646.17,0.0,0.0,5.477348272629266,18000.0,19971.34295121265,1971.3429512126495,0.10951905284514729,1.0510511462726322,1.0592810176790897,-0.007769299429616239
2017-06-29,3668.83,0.0,0.0,5.477348272629266,18000.0,20095.45966307043,2095.459663070429,0.11641442572613503,1.0575831562926086,1.0592810176790897,-0.0016028432098227352
2017-06-30,3666.8,0.0,0.0,5.477348272629266,18000.0,20084.340646076995,2084.3406460769947,0.11579670255983299,1.0569979850507485,1.0592810176790897,-0.0021552662515782472
2017-07-03,3650.85,1000.0,0.27390881575523507,5.751257088384501,19000.0,20996.976941128556,1996.976941128556,0.10510404953308194,1.052400211007561,1.0592810176790897,-0.006495733008229254
2017-07-04,3619.98,0.0,0.0,5.751257088384501,19000.0,20819.43563481013,1819.4356348101282,0.09575977025316473,1.043501572467549,1.0592810176790897,-0.01489637305699476
2017-07-05,3659.68,0.0,0.0,5.751257088384501,19000.0,21047.76054121899,2047.7605412189914,0.10777687059047314,1.0549455617788053,1.0592810176790897,-0.004092828841380958
2017-07-06,3660.1,0.0,0.0,5.751257088384501,19000.0,21050.176069196114,2050.1760691961135,0.10790400364190078,1.0550666316909143,1.0592810176790897,-0.003978534418948798
2017-07-07,3655.93,0.0,0.0,5.751257088384501,19000.0,21026.19332713755,2026.1933271375492,0.10664175405987097,1.053864580420689,1.0592810176790897,-0.005113314755954224
2017-07-10,3653.69,0.0,0.0,5.751257088384501,19000.0,21013.31051125957,2013.3105112595695,0.10596371111892466,1.0532188742227744,1.0592810176790897,-0.005722885008925704
2017-07-11,3670.81,0.0,0.0,5.751257088384501,19000.0,21111.772032612713,2111.772032612713,0.11114589645330075,1.0581539144496939,1.0592810176790897,-0.0010640266469281734
2017-07-12,3658.82,0.0,0.0,5.751257088384501,19000.0,21042.814460122983,2042.8144601229833,0.10751655053278864,1.0546976567206774,1.0592810176790897,-0.004326860277789724
2017-07-13,3686.92,0.0,0.0,5.751257088384501,19000.0,21204.424784306586,2204.424784306586,0.11602235706876773,1.0627978103641609,1.0627978103641609,0.0
2017-07-14,3703.09,0.0,0.0,5.751257088384501,19000.0,21297.422611425765,2297.4226114257654,0.1209169795487246,1.0674590019803578,1.0674590019803578,0.0
2017-07-17,3663.56,0.0,0.0,5.751257088384501,19000.0,21070.075418721925,2070.0754187219245,0.1089513378274698,1.056064017157336,1.0674590019803578,-0.010674868825764405
2017-07-18,3667.18,0.0,0.0,5.751257088384501,19000.0,21090.894969381876,2090.894969381876,0.11004710365167769,1.0571075244950374,1.0674590019803578,-0.009697306843744147
2017-07-19,3729.75,0.0,0.0,5.751257088384501,19000.0,21450.751125402094,2450.7511254020937,0.12898690133695223,1.0751440587823249,1.0751440587823249,0.0
2017-07-20,3747.88,0.0,0.0,5.751257088384501,19000.0,21555.021416414507,2555.0214164145073,0.1344748113902372,1.080370243321697,1.080370243321697,0.0
2017-07-21,3728.6,0.0,0.0,5.751257088384501,19000.0,21444.13717975045,2444.1371797504507,0.12863879893423436,1.0748125578325025,1.080370243321697,-0.005144241544553174
2017-07-24,3743.47,0.0,0.0,5.751257088384501,19000.0,21529.65837265473,2529.6583726547287,0.13313991435024897,1.0790990092445525,1.080370243321697,-0.0011766652080642537
2017-07-25,3719.56,0.0,0.0,5.751257088384501,19000.0,21392.145815671454,2392.1458156714543,0.12590241135112912,1.072206672105204,1.080370243321697,-0.007556271812331206
2017-07-26,3705.39,0.0,0.0,5.751257088384501,19000.0,21310.650502729048,2310.6505027290477,0.12161318435416035,1.0681220038800023,1.080370243321697,-0.011337075893571802
2017-07-27,3712.19,0.0,0.0,5.751257088384501,19000.0,21349.75905093006,2349.7590509300608,0.12367152899631906,1.0700821834093863,1.080370243321697,-0.009522716842588319
2017-07-28,3721.89,0.0,0.0,5.751257088384501,19000.0,21405.54624468739,2405.54624468739,0.12660769708880992,1.0728783218557134,1.080370243321697,-0.0069345870198618265
2017-07-31,3737.87,0.0,0.0,5.751257088384501,19000.0,21497.451332959776,2497.4513329597758,0.13144480699788286,1.0774847437497657,1.080370243321697,-0.002670843250050736
2017-08-01,3770.38,1000.0,0.2652252558097592,6.0164823441942605,20000.0,22684.424700903157,2684.424700903157,0.13422123504515793,1.0868561314703942,1.0868561314703942,0.0
2017-08-02,3760.85,0.0,0.0,6.0164823441942605,20000.0,22627.087624162985,2627.087624162985,0.13135438120814924,1.0841089975123015,1.0868561314703942,-0.002527596687867173
2017-08-03,3727.83,0.0,0.0,6.0164823441942605,20000.0,22428.42337715769,2428.423377157691,0.12142116885788456,1.0745905963269693,1.0868561314703942,-0.01128533463470549
2017-08-04,3707.58,0.0,0.0,6.0164823441942605,20000.0,22306.589609687755,2306.589609687755,0.11532948048438785,1.0687532969931421,1.0868561314703942,-0.016656146064853106
2017-08-07,3726.79,0.0,0.0,6.0164823441942605,20000.0,22422.16623551973,2422.1662355197295,0.12110831177598658,1.0742908041636519,1.0868561314703942,-0.011561168900747543
2017-08-08,3732.21,0.0,0.0,6.0164823441942605,20000.0,22454.775569825262,2454.775569825262,0.12273877849126302,1.0758531825532491,1.0868561314703942,-0.01012364801425858
2017-08-09,3731.04,0.0,0.0,6.0164823441942605,20000.0,22447.736285482555,2447.736285482555,0.12238681427412779,1.075515916369517,1.0868561314703942,-0.010433961563556027
2017-08-10,3715.92,0.0,0.0,6.0164823441942605,20000.0,22356.76707243834,2356.767072438339,0.11783835362191697,1.0711573995335926,1.0868561314703942,-0.014444167431399535
2017-08-11,3647.35,0.0,0.0,6.0164823441942605,20000.0,21944.216878096937,1944.2168780969369,0.09721084390484691,1.0513912950733193,1.0868561314703942,-0.032630663222274814
2017-08-14,3694.68,0.0,0.0,6.0164823441942605,20000.0,22228.976987447648,2228.976987447648,0.11144884937238242,1.0650347211212225,1.0868561314703942,-0.02007755186479898
2017-08-15,3706.06,0.0,0.0,6.0164823441942605,20000.0,22297.44455652458,2297.4445565245805,0.11487222782622908,1.0683151392159858,1.0868561314703942,-0.017059288453683874
2017-08-16,3701.42,0.0,0.0,6.0164823441942605,20000.0,22269.52807844752,2269.5280784475217,0.11347640392237612,1.0669776049488768,1.0868561314703942,-0.01828993364064102
2017-08-17,3721.28,0.0,0.0,6.0164823441942605,20000.0,22389.01541780322,2389.0154178032208,0.1194507708901611,1.07270248222146,1.0868561314703942,-0.013022560060259258
2017-08-18,3724.67,0.0,0.0,6.0164823441942605,20000.0,22409.411292950037,2409.411292950037,0.12047056464750194,1.0736796893691969,1.0868561314703942,-0.012123446443064179
2017-08-21,3740.99,0.0,0.0,6.0164823441942605,20000.0,22507.600284807286,2507.600284807286,0.12538001424036427,1.0783841202397184,1.0868561314703942,-0.007794970268248935
2017-08-22,3752.3,0.0,0.0,6.0164823441942605,20000.0,22575.646700120124,2575.6467001201236,0.12878233500600622,1.0816443600157968,1.0868561314703942,-0.004795272625040536
2017-08-23,3756.09,0.0,0.0,6.0164823441942605,20000.0,22598.44916820462,2598.449168204621,0.12992245841023098,1.0827368718417327,1.0868561314703942,-0.003790068905521582
2017-08-24,3734.65,0.0,0.0,6.0164823441942605,20000.0,22469.455786745097,2469.4557867450967,0.12347278933725492,1.0765565410902633,1.0868561314703942,-0.0094764983900828
2017-08-25,3795.75,0.0,0.0,6.0164823441942605,20000.0,22837.062857975365,2837.0628579753648,0.14185314289876816,1.0941693306851692,1.0941693306851692,0.0
2017-08-28,3842.71,0.0,0.0,6.0164823441942605,20000.0,23119.596868858727,3119.5968688587272,0.15597984344293647,1.1077060999057384,1.1077060999057384,0.0
2017-08-29,3834.54,0.0,0.0,6.0164823441942605,20000.0,23070.44220810666,3070.4422081066587,0.15352211040533303,1.1053510018535226,1.1077060999057384,-0.0021261037132649374
2017-08-30,3834.3,0.0,0.0,6.0164823441942605,20000.0,23068.998252344056,3068.998252344056,0.15344991261720287,1.1052818190466032,1.1077060999057384,-0.0021885596362984927
2017-08-31,3822.09,0.0,0.0,6.0164823441942605,20000.0,22995.537002921443,2995.5370029214428,0.14977685014607212,1.101762143744577,1.1077060999057384,-0.005366004720626871
2017-09-01,3830.54,1000.0,0.2610597983574118,6.277542142551672,21000.0,24046.376278729884,3046.376278729884,0.14506553708237546,1.1041979550715322,1.1077060999057384,-0.003167035763822934
2017-09-04,3845.62,0.0,0.0,6.277542142551672,21000.0,24141.041614239562,3141.0416142395625,0.14957341020188397,1.1085449414396364,1.1085449414396364,0.0
2017-09-05,3857.05,0.0,0.0,6.277542142551672,21000.0,24212.79392092893,3212.793920928929,0.15299018671090137,1.1118397726191747,1.1118397726191747,0.0
2017-09-06,3849.45,0.0,0.0,6.277542142551672,21000.0,24165.084600645532,3165.084600645532,0.15071831431645388,1.1096489837333925,1.1118397726191747,-0.001970417806354652
2017-09-07,3829.87,0.0,0.0,6.277542142551672,21000.0,24042.17032549437,3042.1703254943714,0.14486525359497016,1.1040048197355485,1.1118397726191747,-0.00704683631272629
2017-09-08,3825.99,0.0,0.0,6.277542142551672,21000.0,24017.81346198127,3017.81346198127,0.14370540295148904,1.1028863643570177,1.1118397726191747,-0.008052786455970407
2017-09-11,3825.65,0.0,0.0,6.277542142551672,21000.0,24015.679097652806,3015.6790976528064,0.14360376655489548,1.1027883553805486,1.1118397726191747,-0.0081409367262546
2017-09-12,3837.93,0.0,0.0,6.277542142551672,21000.0,24092.76731516334,3092.767315163339,0.1472746340553972,1.1063282090012596,1.1118397726191747,-0.004957156375986926
2017-09-13,3842.61,0.0,0.0,6.277542142551672,21000.0,24122.146212390482,3122.146212390482,0.14867362916145144,1.1076772737361886,1.1118397726191747,-0.003743793832073794
2017-09-14,3829.96,0.0,0.0,6.277542142551672,21000.0,24042.735304287202,3042.735304287202,0.14489215734700966,1.1040307632881434,1.1118397726191747,-0.007023502417650929
2017-09-15,3831.3,0.0,0.0,6.277542142551672,21000.0,24051.147210758223,3051.147210758223,0.14529272432182005,1.1044170339601103,1.1118397726191747,-0.006676086646530521
2017-09-18,3843.14,0.0,0.0,6.277542142551672,21000.0,24125.473309726032,3125.4733097260323,0.14883206236790625,1.1078300524348024,1.1118397726191747,-0.0036063831166306404
2017-09-19,3832.12,0.0,0.0,6.277542142551672,21000.0,24056.294795315112,3056.2947953151124,0.14553784739595765,1.1046534085504183,1.1118397726191747,-0.006463488935844919
2017-09-20,3842.44,0.0,0.0,6.277542142551672,21000.0,24121.079030226247,3121.0790302262467,0.14862281096315466,1.107628269247954,1.1118397726191747,-0.003787868967216057
2017-09-21,3837.82,0.0,0.0,6.277542142551672,21000.0,24092.07678552766,3092.076785527661,0.14724175169179343,1.106296500214755,1.1118397726191747,-0.004985675581078874
2017-09-22,3837.73,0.0,0.0,6.277542142551672,21000.0,24091.51180673483,3091.5118067348303,0.14721484793975392,1.1062705566621602,1.1118397726191747,-0.005009009476154014
2017-09-25,3817.79,0.0,0.0,6.277542142551672,21000.0,23966.337616412347,2966.3376164123474,0.14125417221011172,1.1005226184539372,1.1118397726191747,-0.010178763562826654
2017-09-26,3820.78,0.0,0.0,6.277542142551672,21000.0,23985.10746741858,2985.10746741858,0.14214797463898,1.1013845209234752,1.1118397726191747,-0.009403559715326582
2017-09-27,3821.2,0.0,0.0,6.277542142551672,21000.0,23987.74403511845,2987.7440351184487,0.1422735254818308,1.101505590835584,1.1118397726191747,-0.009294668204975598
2017-09-28,3822.54,0.0,0.0,6.277542142551672,21000.0,23996.15594158947,2996.15594158947,0.14267409245664142,1.101891861507551,1.1118397726191747,-0.008947252433854969
2017-09-29,3836.5,0.0,0.0,6.277542142551672,21000.0,24083.79042989949,3083.790429899491,0.14684716332854708,1.105915994776698,1.1118397726191747,-0.005327906042182584
2017-10-09,3882.21,1000.0,0.25758524139600897,6.535127383947681,22000.0,25370.736881235527,3370.736881235527,0.15321531278343303,1.1190924368778952,1.1190924368778952,0.0
2017-10-10,3889.86,0.0,0.0,6.535127383947681,22000.0,25420.730605722725,3420.730605722725,0.15548775480557842,1.1212976388484521,1.1212976388484521,0.0
2017-10-11,3902.69,0.0,0.0,6.535127383947681,22000.0,25504.576290058776,3504.576290058776,0.15929892227539888,1.1249960364016869,1.1249960364016869,0.0
2017-10-12,3912.95,0.0,0.0,6.535127383947681,22000.0,25571.626697018077,3571.626697018077,0.16234666804627618,1.1279536013974927,1.1279536013974927,0.0
2017-10-13,3921.0,0.0,0.0,6.535127383947681,22000.0,25624.23447245886,3624.2344724588584,0.1647379305663117,1.1302741080462486,1.1302741080462486,0.0
2017-10-16,3913.45,0.0,0.0,6.535127383947681,22000.0,25574.89426071005,3574.8942607100507,0.16249519366863874,1.1280977322452415,1.1302741080462486,-0.0019255292017342773
2017-10-17,3913.07,0.0,0.0,6.535127383947681,22000.0,25572.410912304153,3572.4109123041526,0.1623823141956433,1.1279881928009523,1.1302741080462486,-0.0020224432542719217
2017-10-18,3944.16,0.0,0.0,6.535127383947681,22000.0,25775.588022671083,3775.5880226710833,0.17161763739414004,1.136950248913974,1.136950248913974,0.0
2017-10-19,3931.25,0.0,0.0,6.535127383947681,22000.0,25691.21952814432,3691.21952814432,0.16778270582474186,1.1332287904250995,1.136950248913974,-0.0032731937852419346
2017-10-20,3926.85,0.0,0.0,6.535127383947681,22000.0,25662.46496765495,3662.464967654949,0.16647568034795213,1.1319604389649098,1.136950248913974,-0.004388767189972054
2017-10-23,3930.8,0.0,0.0,6.535127383947681,22000.0,25688.278720821545,3688.278720821545,0.16764903276461562,1.1330990726621255,1.136950248913974,-0.003387286519816679
2017-10-24,3959.4,0.0,0.0,6.535127383947681,22000.0,25875.18336400245,3875.183364002449,0.17614469836374758,1.141343357153358,1.141343357153358,0.0
2017-10-25,3976.95,0.0,0.0,6.535127383947681,22000.0,25989.874849590728,3989.8748495907275,0.18135794770866953,1.1464023499093416,1.1464023499093416,0.0
2017-10-26,3993.58,0.0,0.0,6.535127383947681,22000.0,26098.554017985778,4098.554017985778,0.18629790990844453,1.1511961419054675,1.1511961419054675,0.0
2017-10-27,4021.97,0.0,0.0,6.535127383947681,22000.0,26284.08628441605,4284.086284416051,0.19473119474618406,1.1593798914406455,1.1593798914406455,0.0
2017-10-30,4009.72,0.0,0.0,6.535127383947681,22000.0,26204.030973962694,4204.030973962694,0.1910923169983043,1.1558486856707992,1.1593798914406455,-0.003045771102221151
2017-10-31,4006.72,0.0,0.0,6.535127383947681,22000.0,26184.42559181085,4184.42559181085,0.1902011632641296,1.1549839005843063,1.1593798914406455,-0.003791674229295716
2017-11-01,3996.62,1000.0,0.25021142865721535,6.785338812604897,23000.0,27118.42080523298,4118.420805232981,0.17906177414056446,1.1520724574597803,1.1593798914406455,-0.0063028814237798825
2017-11-02,3997.13,0.0,0.0,6.785338812604897,23000.0,27121.88132802741,4121.881328027412,0.17921223165336575,1.152219470924484,1.1593798914406455,-0.006176077892177334
2017-11-03,3992.7,0.0,0.0,6.785338812604897,23000.0,27091.82227708757,4091.822277087569,0.17790531639511165,1.1509424716134293,1.1593798914406455,-0.007277528176490744
2017-11-06,4020.89,0.0,0.0,6.785338812604897,23000.0,27283.1009782149,4283.100978214901,0.18622178166151748,1.159068568809508,1.1593798914406455,-0.0002685251257469323
2017-11-07,4054.25,0.0,0.0,6.785338812604897,23000.0,27509.4598810034,4509.4598810034,0.19606347308710426,1.1686849789713092,1.1686849789713092,0.0
2017-11-08,4048.01,0.0,0.0,6.785338812604897,23000.0,27467.11936681275,4467.119366812749,0.19422258116577162,1.1668862259914041,1.1686849789713092,-0.0015391256089287708
2017-11-09,4075.9,0.0,0.0,6.785338812604897,23000.0,27656.362466296297,4656.3624662962975,0.2024505420128826,1.174925844678833,1.174925844678833,0.0
2017-11-10,4111.91,0.0,0.0,6.785338812604897,23000.0,27900.7025169382,4900.7025169382,0.21307402247557383,1.185306148333703,1.185306148333703,0.0
2017-11-13,4128.07,0.0,0.0,6.785338812604897,23000.0,28010.353592149895,5010.353592149895,0.21784146052825637,1.189964457332945,1.189964457332945,0.0
2017-11-14,4099.35,0.0,0.0,6.785338812604897,23000.0,27815.478661451885,4815.478661451885,0.20936863745442968,1.181685581438253,1.189964457332945,-0.0069572463645237725
2017-11-15,4073.67,0.0,0.0,6.785338812604897,23000.0,27641.231160744188,4641.231160744188,0.20179265916279077,1.1742830210978734,1.189964457332945,-0.01317807110829039
2017-11-16,4105.01,0.0,0.0,6.785338812604897,23000.0,27853.883679131228,4853.883679131228,0.21103842083179258,1.1833171426347695,1.189964457332945,-0.0055861455837715734
2017-11-17,4120.85,0.0,0.0,6.785338812604897,23000.0,27961.36344592289,4961.363445922889,0.21571145417056048,1.1878832078914523,1.189964457332945,-0.0017490013492986733
2017-11-20,4143.83,0.0,0.0,6.785338812604897,23000.0,28117.29053183655,5117.290531836548,0.2224908926885456,1.194507461653988,1.194507461653988,0.0
2017-11-21,4217.7,0.0,0.0,6.785338812604897,23000.0,28618.52350992367,5618.523509923671,0.2442836308662466,1.2158013531003986,1.2158013531003986,0.0
2017-11-22,4227.57,0.0,0.0,6.785338812604897,23000.0,28685.49480400408,5685.49480400408,0.24719542626104696,1.2186464960349603,1.2186464960349603,0.0
2017-11-23,4102.4,0.0,0.0,6.785338812604897,23000.0,27836.173944830327,4836.173944830327,0.21026843238392723,1.1825647796095204,1.2186464960349603,-0.029608025414126993
2017-11-24,4104.2,0.0,0.0,6.785338812604897,23000.0,27848.387554693014,4848.387554693014,0.2107994588996962,1.1830836506614164,1.2186464960349603,-0.029182248904216834
2017-11-27,4049.95,0.0,0.0,6.785338812604897,23000.0,27480.2829241092,4480.2829241092,0.19479490974387836,1.1674454536806693,1.2186464960349603,-0.042014679827891754
2017-11-28,4055.82,0.0,0.0,6.785338812604897,23000.0,27520.112862939193,4520.112862939193,0.19652664621474747,1.1691375498332406,1.2186464960349603,-0.04062617532057422
2017-11-29,4053.75,0.0,0.0,6.785338812604897,23000.0,27506.0672115971,4506.067211597099,0.19591596572161296,1.1685408481235604,1.2186464960349603,-0.04111581830697075
2017-11-30,4006.1,0.0,0.0,6.785338812604897,23000.0,27182.745817176474,4182.745817176474,0.1818585137902815,1.154805178333098,1.2186464960349603,-0.05238706869430898
2017-12-01,3998.14,1000.0,0.25011630408139784,7.035455116686294,24000.0,28128.73452022814,4128.734520228139,0.17203060500950573,1.1525106152369367,1.2186464960349603,-0.05426994703813304
2017-12-04,4018.86,0.0,0.0,7.035455116686294,24000.0,28274.50915024588,4274.509150245882,0.17810454792691166,1.1584833975676478,1.2186464960349603,-0.04936878632405839
2017-12-05,4040.17,0.0,0.0,7.035455116686294,24000.0,28424.434698782465,4424.434698782465,0.18435144578260276,1.1646262542987025,1.2186464960349603,-0.04432806553173574
2017-12-06,4015.82,0.0,0.0,7.035455116686294,24000.0,28253.121366691154,4253.1213666911535,0.177213390278798,1.157607082013335,1.2186464960349603,-0.05008787554079519
2017-12-07,3971.06,0.0,0.0,7.035455116686294,24000.0,27938.214395668274,3938.214395668274,0.16409226648617814,1.1447044885228606,1.2186464960349603,-0.06067551808722271
2017-12-08,4003.38,0.0,0.0,7.035455116686294,24000.0,28165.600305039578,4165.6003050395775,0.17356667937664905,1.1540211065213444,1.2186464960349603,-0.05303046430928404
2017-12-11,4069.5,0.0,0.0,7.035455116686294,24000.0,28630.784597354876,4630.784597354876,0.19294935822311987,1.1730809698276483,1.2186464960349603,-0.037390273845258615
2017-12-12,4016.02,0.0,0.0,7.035455116686294,24000.0,28254.528457714492,4254.528457714492,0.1772720190714372,1.1576647343524344,1.2186464960349603,-0.05004056703969417
2017-12-13,4050.09,0.0,0.0,7.035455116686294,24000.0,28494.226413539993,4494.226413539993,0.18725943389749977,1.1674858103180392,1.2186464960349603,-0.04198156387712082
2017-12-14,4026.15,0.0,0.0,7.035455116686294,24000.0,28325.797618046523,4325.797618046523,0.1802415674186051,1.1605848253278255,1.2186464960349603,-0.047644391458923296
2017-12-15,3980.86,0.0,0.0,7.035455116686294,24000.0,28007.161855811803,4007.1618558118025,0.16696507732549182,1.1475294531387374,1.2186464960349603,-0.058357401533268516
2017-12-18,3985.29,0.0,0.0,7.035455116686294,24000.0,28038.328921978722,4038.328921978722,0.1682637050824467,1.1488064524497918,1.2186464960349603,-0.0573095182338792
2017-12-19,4035.33,0.0,0.0,7.035455116686294,24000.0,28390.383096017704,4390.383096017704,0.1829326290007376,1.163231067692494,1.2186464960349603,-0.045472931258382476
2017-12-20,4030.49,0.0,0.0,7.035455116686294,24000.0,28356.33149325294,4356.331493252939,0.18151381221887242,1.1618358810862852,1.2186464960349603,-0.046617796985029325
2017-12-21,4067.85,0.0,0.0,7.035455116686294,24000.0,28619.176096412342,4619.176096412342,0.19246567068384768,1.1726053380300772,1.2186464960349603,-0.03778056897934279
2017-12-22,4054.6,0.0,0.0,7.035455116686294,24000.0,28525.956316116248,4525.956316116248,0.18858151317151028,1.1687858705647334,1.2186464960349603,-0.040914757177290983
2017-12-25,4041.54,0.0,0.0,7.035455116686294,24000.0,28434.073272292324,4434.073272292324,0.18475305301218015,1.1650211728215343,1.2186464960349603,-0.0440040022991931
2017-12-26,4053.62,0.0,0.0,7.035455116686294,24000.0,28519.061570101894,4519.061570101894,0.1882942320875789,1.1685033741031456,1.2186464960349603,-0.041146568832686525
2017-12-27,3991.21,0.0,0.0,7.035455116686294,24000.0,28079.978816269504,4079.978816269504,0.16999911734456274,1.150512961687138,1.2186464960349603,-0.05590918660128641
2017-12-28,4018.9,0.0,0.0,7.035455116686294,24000.0,28274.79056845055,4274.7905684505495,0.17811627368543959,1.1584949280354677,1.2186464960349603,-0.0493593246238383
2017-12-29,4030.86,0.0,0.0,7.035455116686294,24000.0,28358.934611646117,4358.9346116461165,0.18162227548525478,1.1619425379136195,1.2186464960349603,-0.04653027625799222
2018-01-02,4087.4,1000.0,0.24465430346919803,7.280109420155492,25000.0,29756.71924394356,4756.71924394356,0.19026876975774232,1.1782408541770562,1.2186464960349603,-0.03315616299670965
2018-01-03,4111.39,0.0,0.0,7.280109420155492,25000.0,29931.36906893309,4931.369068933091,0.19725476275732357,1.1851562522520445,1.2186464960349603,-0.02748150828963214
2018-01-04,4128.81,0.0,0.0,7.280109420155492,25000.0,30058.1885750322,5058.1885750322,0.20232754300128808,1.1901777709876133,1.2186464960349603,-0.023360937843725837
2018-01-05,4138.75,0.0,0.0,7.280109420155492,25000.0,30130.552862668545,5130.552862668545,0.20522211450674188,1.19304309224086,1.2186464960349603,-0.021009705339000928
2018-01-08,4160.16,0.0,0.0,7.280109420155492,25000.0,30286.42000535407,5286.42000535407,0.2114568002141628,1.1992147751414644,1.2186464960349603,-0.015945330296127547
2018-01-09,4189.3,0.0,0.0,7.280109420155492,25000.0,30498.562393857403,5498.562393857403,0.21994249575429614,1.2076147209482657,1.2186464960349603,-0.00905248168569639
2018-01-10,4207.81,0.0,0.0,7.280109420155492,25000.0,30633.317219224486,5633.317219224486,0.2253326887689795,1.212950444931927,1.2186464960349603,-0.004674079908789097
2018-01-11,4205.59,0.0,0.0,7.280109420155492,25000.0,30617.155376311737,5617.155376311737,0.22468621505246955,1.2123105039679223,1.2186464960349603,-0.005199204271011393
2018-01-12,4225.0,0.0,0.0,7.280109420155492,25000.0,30758.462300156953,5758.462300156953,0.2303384920062781,1.2179056634775314,1.2186464960349603,-0.0006079142391491876
2018-01-15,4225.24,0.0,0.0,7.280109420155492,25000.0,30760.20952641779,5760.2095264177915,0.2304083810567117,1.2179748462844509,1.2186464960349603,-0.0005511440378278554
2018-01-16,4258.47,0.0,0.0,7.280109420155492,25000.0,31002.12756244956,6002.127562449561,0.24008510249798243,1.2275537824258376,1.2275537824258376,0.0
2018-01-17,4248.12,0.0,0.0,7.280109420155492,25000.0,30926.778429950948,5926.778429950948,0.23707113719803785,1.2245702738774369,1.2275537824258376,-0.0024304503730213645
2018-01-18,4271.42,0.0,0.0,7.280109420155492,25000.0,31096.404979440573,6096.404979440573,0.2438561991776229,1.231286771382532,1.231286771382532,0.0
2018-01-19,4285.4,0.0,0.0,7.280109420155492,25000.0,31198.180909134342,6198.180909134342,0.24792723636537373,1.2353166698855889,1.2353166698855889,0.0
2018-01-22,4336.6,0.0,0.0,7.280109420155492,25000.0,31570.92251144631,6570.922511446312,0.26283690045785235,1.2500756686950683,1.2500756686950683,0.0
2018-01-23,4382.61,0.0,0.0,7.280109420155492,25000.0,31905.88034586766,6905.880345867659,0.2762352138347064,1.2633385893049145,1.2633385893049145,0.0
2018-01-24,4389.89,0.0,0.0,7.280109420155492,25000.0,31958.879542446397,6958.879542446397,0.2783551816978558,1.2654371344481374,1.2654371344481374,0.0
2018-01-25,4365.08,0.0,0.0,7.280109420155492,25000.0,31778.260027732336,6778.260027732336,0.27113040110929343,1.258285361782841,1.2654371344481374,-0.005651622250215871
2018-01-26,4381.3,0.0,0.0,7.280109420155492,25000.0,31896.343402527258,6896.343402527258,0.27585373610109043,1.2629609664838126,1.2654371344481374,-0.001956768848422219
2018-01-29,4302.02,0.0,0.0,7.280109420155492,25000.0,31319.176327697332,6319.176327697332,0.2527670531078934,1.2401075792647598,1.2654371344481374,-0.020016446881356953
2018-01-30,4256.1,0.0,0.0,7.280109420155492,25000.0,30984.873703123794,5984.873703123794,0.23939494812495177,1.2268706022075082,1.2654371344481374,-0.030476845661280727
2018-01-31,4275.9,0.0,0.0,7.280109420155492,25000.0,31129.019869642867,6129.019869642867,0.24516079478571462,1.2325781837783611,1.2654371344481374,-0.02596648207586083
2018-02-01,4245.9,1000.0,0.23552132645611062,7.515630746611603,26000.0,31910.6165870382,5910.616587038199,0.22733140719377687,1.223930332913432,1.2654371344481374,-0.03280036629619443
2018-02-02,4271.23,0.0,0.0,7.515630746611603,26000.0,32100.987513849872,6100.987513849872,0.23465336591730268,1.2312320016603873,1.2654371344481374,-0.02703029005282609
2018-02-05,4274.15,0.0,0.0,7.515630746611603,26000.0,32122.933155629977,6122.933155629977,0.23549742906269144,1.2320737258112404,1.2654371344481374,-0.026365125322046823
2018-02-06,4148.89,0.0,0.0,7.515630746611603,26000.0,31181.525248309415,5181.5252483094155,0.19928943262728516,1.195966065833206,1.2654371344481374,-0.054898869903346026
2018-02-07,4050.5,0.0,0.0,7.515630746611603,26000.0,30442.062339150296,4442.062339150296,0.1708485515057807,1.1676039976131931,1.2654371344481374,-0.07731173218463339
2018-02-08,4012.05,0.0,0.0,7.515630746611603,26000.0,30153.08633694308,4153.086336943081,0.1597340898824262,1.156520335421309,1.2654371344481374,-0.08607049379369414
2018-02-09,3840.65,0.0,0.0,7.515630746611603,26000.0,28864.907226973854,2864.9072269738535,0.11018873949899444,1.1071122808130132,1.2654371344481374,-0.12511475230586655
2018-02-12,3890.1,0.0,0.0,7.515630746611603,26000.0,29236.555167393795,3236.5551673937953,0.12448289105360755,1.1213668216553716,1.2654371344481374,-0.11385023314935006
2018-02-13,3935.63,0.0,0.0,7.515630746611603,26000.0,29578.741835287023,3578.7418352870227,0.13764391674180865,1.1344913766513791,1.2654371344481374,-0.10347867486429052
2018-02-14,3966.96,0.0,0.0,7.515630746611603,26000.0,29814.206546578363,3814.2065465783635,0.1467002517914755,1.1435226155713203,1.2654371344481374,-0.09634182177685546
2018-02-22,4052.73,0.0,0.0,7.515630746611603,26000.0,30458.822195715242,4458.822195715242,0.17149316137366322,1.1682468211941528,1.2654371344481374,-0.07680374679092195
2018-02-23,4071.09,0.0,0.0,7.515630746611603,26000.0,30596.80917622303,4596.809176223029,0.17680035293165486,1.1735393059234895,1.2654371344481374,-0.07262140964807784
2018-02-26,4118.42,0.0,0.0,7.515630746611603,26000.0,30952.52397946016,4952.523979460158,0.19048169151769834,1.1871827319713928,1.2654371344481374,-0.061839818309798344
2018-02-27,4058.98,0.0,0.0,7.515630746611603,26000.0,30505.794887881562,4505.794887881562,0.17329980338006012,1.1700484567910132,1.2654371344481374,-0.07538002091168572
2018-02-28,4023.64,0.0,0.0,7.515630746611603,26000.0,30240.192497296306,4240.192497296306,0.1630843268190887,1.1598612884721264,1.2654371344481374,-0.08343033652323872
2018-03-01,4049.09,1000.0,0.24696907206310553,7.762599818674708,27000.0,31431.465299797575,4431.465299797575,0.16412834443694724,1.1671975486225414,1.2654371344481374,-0.0776329247429891
2018-03-02,4016.46,0.0,0.0,7.762599818674708,27000.0,31178.171667714218,4178.171667714218,0.15474709880423032,1.1577915694984535,1.2654371344481374,-0.08506591281330511
2018-03-05,4018.1,0.0,0.0,7.762599818674708,27000.0,31190.902331416844,4190.902331416844,0.15521860486729055,1.1582643186790695,1.2654371344481374,-0.08469232714259367
2018-03-06,4066.56,0.0,0.0,7.762599818674708,27000.0,31567.07791862982,4567.0779186298205,0.16915103402332665,1.1722334804428851,1.2654371344481374,-0.07365332616534825
2018-03-07,4036.65,0.0,0.0,7.762599818674708,27000.0,31334.89855805326,4334.898558053261,0.1605517984464171,1.1636115731305507,1.2654371344481374,-0.08046670873302075
2018-03-08,4077.6,0.0,0.0,7.762599818674708,27000.0,31652.77702062799,4652.777020627989,0.17232507483807358,1.175415889561179,1.2654371344481374,-0.07113845677226549
2018-03-09,4108.87,0.0,0.0,7.762599818674708,27000.0,31895.513516957948,4895.513516957948,0.18131531544288704,1.1844298327793903,1.2654371344481374,-0.06401527145327124
2018-03-12,4127.67,0.0,0.0,7.762599818674708,27000.0,32041.450393549032,5041.450393549032,0.18672038494626042,1.1898491526547461,1.2654371344481374,-0.0597327040085287
2018-03-13,4091.25,0.0,0.0,7.762599818674708,27000.0,31758.7365081529,4758.736508152899,0.1762495003019593,1.179350661704722,1.2654371344481374,-0.06802903945201366
2018-03-14,4073.34,0.0,0.0,7.762599818674708,27000.0,31619.70834540044,4619.708345400439,0.17110030908890517,1.1741878947383593,1.2654371344481374,-0.07210886833155272
2018-03-15,4096.16,0.0,0.0,7.762599818674708,27000.0,31796.850873262592,4796.850873262592,0.17766114345417017,1.1807660266296154,1.2654371344481374,-0.06691056040128573
2018-03-16,4056.42,0.0,0.0,7.762599818674708,27000.0,31488.365156468462,4488.365156468462,0.16623574653586903,1.1693105068505392,1.2654371344481374,-0.07596317903182093
2018-03-19,4074.25,0.0,0.0,7.762599818674708,27000.0,31626.77231123543,4626.772311235429,0.17136193745316408,1.1744502128812622,1.2654371344481374,-0.0719015738435359
2018-03-20,4077.7,0.0,0.0,7.762599818674708,27000.0,31653.553280609856,4653.553280609856,0.17235382520777254,1.1754447157307288,1.2654371344481374,-0.07111567715819778
2018-03-21,4061.05,0.0,0.0,7.762599818674708,27000.0,31524.305993628925,4524.305993628925,0.16756688865292313,1.1706451585006932,1.2654371344481374,-0.0749084829004828
2018-03-22,4020.35,0.0,0.0,7.762599818674708,27000.0,31208.368181008864,4208.368181008864,0.1558654881855135,1.1589129074939393,1.2654371344481374,-0.08417978582606855
2018-03-23,3904.94,0.0,0.0,7.762599818674708,27000.0,30312.486535935615,3312.4865359356154,0.12268468651613396,1.1256446252165566,1.2654371344481374,-0.11046973842169172
2018-03-26,3879.89,0.0,0.0,7.762599818674708,27000.0,30118.033410477812,3118.033410477812,0.11548271890658568,1.1184236697443406,1.2654371344481374,-0.11617603174567026
2018-03-27,3913.27,0.0,0.0,7.762599818674708,27000.0,30377.148992425176,3377.1489924251764,0.12507959231204357,1.128045845140052,1.2654371344481374,-0.10857219656984574
2018-03-28,3842.72,0.0,0.0,7.762599818674708,27000.0,29829.497575217672,2829.4975752176724,0.10479620648954335,1.1077089825226933,1.2654371344481374,-0.12464321429466352
2018-03-29,3894.05,0.0,0.0,7.762599818674708,27000.0,30227.95182391025,3227.951823910251,0.11955377125593514,1.1225054553525873,1.2654371344481374,-0.1129504383936728
2018-03-30,3898.5,0.0,0.0,7.762599818674708,27000.0,30262.49539310335,3262.4953931033488,0.12083316270753142,1.1237882198975517,1.2654371344481374,-0.11193674556765665
2018-04-02,3886.92,1000.0,0.2572731108435471,8.019872929518256,28000.0,31172.604487203098,3172.604487203098,0.1133073031143963,1.1204501494636891,1.2654371344481374,-0.11457462487670533
2018-04-03,3862.48,0.0,0.0,8.019872929518256,28000.0,30976.59879280567,2976.598792805671,0.10630709974305974,1.1134050336257266,1.2654371344481374,-0.12014196255487053
2018-04-04,3854.86,0.0,0.0,8.019872929518256,28000.0,30915.487361082745,2915.4873610827453,0.10412454861009812,1.1112084795060349,1.2654371344481374,-0.12187776914683501
2018-04-09,3852.93,0.0,0.0,8.019872929518256,28000.0,30900.00900632877,2900.0090063287716,0.1035717502260276,1.1106521344337241,1.2654371344481374,-0.12231741569834342
2018-04-10,3927.17,0.0,0.0,8.019872929518256,28000.0,31495.40437261621,3495.404372616209,0.12483587045057898,1.132052682707469,1.2654371344481374,-0.10540583021442462
2018-04-11,3938.34,0.0,0.0,8.019872929518256,28000.0,31584.986353238928,3584.986353238928,0.12803522690139024,1.1352725658461778,1.2654371344481374,-0.10286134732305374
2018-04-12,3898.64,0.0,0.0,8.019872929518256,28000.0,31266.59739793705,3266.59739793705,0.11666419278346618,1.1238285765349214,1.2654371344481374,-0.1119048541079618
2018-04-13,3871.14,0.0,0.0,8.019872929518256,28000.0,31046.0508923753,3046.0508923753005,0.10878753187054646,1.1159013799087363,1.2654371344481374,-0.11816924797660089
2018-04-16,3808.86,0.0,0.0,8.019872929518256,28000.0,30546.573206324905,2546.573206324905,0.09094904308303242,1.0979484415131433,1.2654371344481374,-0.13235639161801327
2018-04-17,3748.64,0.0,0.0,8.019872929518256,28000.0,30063.616458509314,2063.616458509314,0.0737005878039041,1.0805893222102754,1.2654371344481374,-0.14607427520962946
2018-04-18,3766.28,0.0,0.0,8.019872929518256,28000.0,30205.087016986017,2205.0870169860173,0.0787531077495005,1.0856742585188537,1.2654371344481374,-0.14205595128807336
2018-04-19,3811.84,0.0,0.0,8.019872929518256,28000.0,30570.47242765487,2570.4724276548695,0.09180258670195962,1.0988074613657262,1.2654371344481374,-0.13167755911879353
2018-04-20,3760.85,0.0,0.0,8.019872929518256,28000.0,30161.53910697873,2161.5391069787293,0.07719782524924024,1.0841089975123015,1.2654371344481374,-0.14329288433195375
2018-04-23,3766.33,0.0,0.0,8.019872929518256,28000.0,30205.488010632493,2205.4880106324927,0.0787674289511604,1.0856886716036285,1.2654371344481374,-0.1420445614810395
2018-04-24,3843.49,0.0,0.0,8.019872929518256,28000.0,30824.301405874117,2824.3014058741173,0.10086790735264706,1.1079309440282266,1.2654371344481374,-0.12446781126634154
2018-04-25,3828.7,0.0,0.0,8.019872929518256,28000.0,30705.687485246544,2705.6874852465444,0.0966316959016622,1.1036675535518163,1.2654371344481374,-0.12783691618696613
2018-04-26,3755.49,0.0,0.0,8.019872929518256,28000.0,30118.552588076513,2118.5525880765126,0.07566259243130413,1.0825639148244341,1.2654371344481374,-0.1445138716459866
2018-04-27,3756.88,0.0,0.0,8.019872929518256,28000.0,30129.700211448544,2129.700211448544,0.07606072183744805,1.082964598581176,1.2654371344481374,-0.14419723501044446
2018-05-02,3763.65,1000.0,0.26569952041236566,8.285572449930621,29000.0,31183.99475118138,2183.9947511813807,0.0753101638338407,1.084916130259695,1.2654371344481374,-0.14265505513805588
2018-05-03,3793.0,0.0,0.0,8.285572449930621,29000.0,31427.176302586846,2427.176302586846,0.08369573457196022,1.0933766110225507,1.2654371344481374,-0.13596923840916297
2018-05-04,3774.6,0.0,0.0,8.285572449930621,29000.0,31274.72176950812,2274.72176950812,0.0784386817071765,1.088072595825394,1.2654371344481374,-0.1401606873976342
2018-05-07,3834.19,0.0,0.0,8.285572449930621,29000.0,31768.459031799488,2768.459031799488,0.09546410454480991,1.1052501102600985,1.2654371344481374,-0.12658631537464504
2018-05-08,3878.68,0.0,0.0,8.285572449930621,29000.0,32137.0841500969,3137.0841500969,0.10817531552058268,1.1180748730927885,1.2654371344481374,-0.11645166507589033
2018-05-09,3871.62,0.0,0.0,8.285572449930621,29000.0,32078.58800860039,3078.588008600389,0.10615820719311686,1.1160397455225752,1.2654371344481374,-0.11805990582907544
2018-05-10,3893.06,0.0,0.0,8.285572449930621,29000.0,32256.230681926903,3256.2306819269033,0.112283816618169,1.1222200762740446,1.2654371344481374,-0.11317595657294377
2018-05-11,3872.84,0.0,0.0,8.285572449930621,29000.0,32088.696406989307,3088.6964069893074,0.10650677265480368,1.1163914247910822,1.2654371344481374,-0.11778199453744864
2018-05-14,3909.29,0.0,0.0,8.285572449930621,29000.0,32390.705522789278,3390.705522789278,0.11692088009618207,1.1268985635919713,1.2654371344481374,-0.10947882520974339
2018-05-15,3924.1,0.0,0.0,8.285572449930621,29000.0,32513.414850772748,3513.4148507727477,0.1211522362335431,1.1311677193022913,1.2654371344481374,-0.10610516436630535
2018-05-16,3892.84,0.0,0.0,8.285572449930621,29000.0,32254.40785598792,3254.40785598792,0.11222096055130759,1.1221566587010352,1.2654371344481374,-0.11322607172389287
2018-05-17,3864.05,0.0,0.0,8.285572449930621,29000.0,32015.866225154416,3015.8662251544156,0.10399538707429024,1.113857604487658,1.2654371344481374,-0.11978432261400629
2018-05-18,3903.06,0.0,0.0,8.285572449930621,29000.0,32339.08640642621,3339.0864064262096,0.11514091056642095,1.125102693229021,1.2654371344481374,-0.11089799516616605
2018-05-21,3921.24,0.0,0.0,8.285572449930621,29000.0,32489.718113565945,3489.718113565945,0.12033510736434283,1.130343290853168,1.2654371344481374,-0.10675666132864381
2018-05-22,3906.21,0.0,0.0,8.285572449930621,29000.0,32365.18595964349,3365.1859596434915,0.1160408951601204,1.1260107175698386,1.2654371344481374,-0.11018043732303084
2018-05-23,3854.58,0.0,0.0,8.285572449930621,29000.0,31937.401854053573,2937.4018540535726,0.10128971910529572,1.1111277662312953,1.2654371344481374,-0.12194155206622503
2018-05-24,3827.22,0.0,0.0,8.285572449930621,29000.0,31710.70859182347,2710.7085918234698,0.09347271006287827,1.1032409262424798,1.2654371344481374,-0.12817405447516927
2018-05-25,3816.5,0.0,0.0,8.285572449930621,29000.0,31621.887255160214,2621.8872551602144,0.0904099053503522,1.1001507608667451,1.2654371344481374,-0.1306160291032351
2018-05-28,3833.26,0.0,0.0,8.285572449930621,29000.0,31760.753449421052,2760.753449421052,0.09519839480762249,1.1049820268832857,1.2654371344481374,-0.12679816578547531
2018-05-29,3804.01,0.0,0.0,8.285572449930621,29000.0,31518.400455260584,2518.400455260584,0.08684139500898569,1.0965503722899796,1.2654371344481374,-0.1334612029003006
2018-05-30,3723.37,0.0,0.0,8.285572449930621,29000.0,30850.251892898174,1850.2518928981735,0.0638017894102818,1.07330494916505,1.2654371344481374,-0.1518306836845571
2018-05-31,3802.38,0.0,0.0,8.285572449930621,29000.0,31504.894972167196,2504.894972167196,0.08637568869542056,1.0960805057263185,1.2654371344481374,-0.13383251060960533
2018-06-01,3770.59,1000.0,0.26521048430086536,8.550782934231487,30000.0,32241.4966239839,2241.4966239839014,0.07471655413279676,1.0869166664264487,1.2654371344481374,-0.14107414992175193
2018-06-04,3807.58,0.0,0.0,8.550782934231487,30000.0,32557.790084721124,2557.790084721124,0.08525966949070418,1.0975794665429062,1.2654371344481374,-0.13264797067808087
2018-06-05,3845.32,0.0,0.0,8.550782934231487,30000.0,32880.49663265902,2880.496632659022,0.09601655442196733,1.1084584629309873,1.2654371344481374,-0.12405094432890118
2018-06-06,3837.35,0.0,0.0,8.550782934231487,30000.0,32812.346892673195,2812.346892673195,0.09374489642243988,1.106161017217871,1.2654371344481374,-0.1258664795701031
2018-06-07,3831.01,0.0,0.0,8.550782934231487,30000.0,32758.13492887017,2758.1349288701713,0.0919378309623391,1.104333438068416,1.2654371344481374,-0.12731070710200032
2018-06-08,3779.62,0.0,0.0,8.550782934231487,30000.0,32318.71019388001,2318.7101938800115,0.0772903397960003,1.0895196695367921,1.2654371344481374,-0.13901715077143173
2018-06-11,3779.98,0.0,0.0,8.550782934231487,30000.0,32321.788475736335,2321.7884757363354,0.07739294919121109,1.0896234437471715,1.2654371344481374,-0.13893514416078767
2018-06-12,3825.95,0.0,0.0,8.550782934231487,30000.0,32714.867967222955,2714.8679672229555,0.09049559890743186,1.1028748338891978,1.2654371344481374,-0.12846335557383004
2018-06-13,3788.34,0.0,0.0,8.550782934231487,30000.0,32393.27302106651,2393.2730210665104,0.0797757673688837,1.0920333115215317,1.2654371344481374,-0.1370307684247214
2018-06-14,3773.37,0.0,0.0,8.550782934231487,30000.0,32265.267800541063,2265.2678005410635,0.07550892668470222,1.087718033939932,1.2654371344481374,-0.14044087665066785
2018-06-15,3753.43,0.0,0.0,8.550782934231487,30000.0,32094.765188832487,2094.765188832487,0.0698255062944162,1.0819700957317089,1.2654371344481374,-0.14498313169578303
2018-06-19,3621.12,0.0,0.0,8.550782934231487,30000.0,30963.41109880432,963.4110988043212,0.03211370329347729,1.0438301908004162,1.2654371344481374,-0.17512283906886061
2018-06-20,3635.44,0.0,0.0,8.550782934231487,30000.0,31085.858310422518,1085.8583104225181,0.03619527701408387,1.0479580982799424,1.2654371344481374,-0.17186079833435475
2018-06-21,3592.97,0.0,0.0,8.550782934231487,30000.0,30722.706559205704,722.7065592057043,0.02409021864019012,1.0357156240721577,1.2654371344481374,-0.18153530042894017
2018-06-22,3608.9,0.0,0.0,8.550782934231487,30000.0,30858.920531348012,858.9205313480124,0.0286306843782671,1.0403076328814351,1.2654371344481374,-0.17790650790794305
2018-06-25,3560.48,0.0,0.0,8.550782934231487,30000.0,30444.891621672523,444.8916216725229,0.014829720722417505,1.0263500015854392,1.2654371344481374,-0.18893639703956144
2018-06-26,3531.11,0.0,0.0,8.550782934231487,30000.0,30193.755126894146,193.7551268941461,0.006458504229804873,1.0178837555886735,1.2654371344481374,-0.19562676969126802
2018-06-27,3459.26,0.0,0.0,8.550782934231487,30000.0,29579.381373069613,-420.6186269303871,-0.014020620897679525,0.9971721527671682,1.2654371344481374,-0.21199392239896675
2018-06-28,3423.53,0.0,0.0,8.550782934231487,30000.0,29273.861898829524,-726.1381011704761,-0.024204603372349198,0.9868725623870375,1.2654371344481374,-0.220133078505384
2018-06-29,3510.98,0.0,0.0,8.550782934231487,30000.0,30021.627866428065,21.627866428065317,0.0007209288809355563,1.012081047658306,1.2654371344481374,-0.2002123060031118
2018-07-02,3407.96,1000.0,0.29343067406894446,8.84421360830043,31000.0,30140.726208543536,-859.2737914564641,-0.027718509401821412,0.9823843277881391,1.2654371344481374,-0.22367986441573717
2018-07-03,3409.28,0.0,0.0,8.84421360830043,31000.0,30152.400570506492,-847.5994294935081,-0.027341917080435763,0.9827648332261961,1.2654371344481374,-0.22337917351004233
2018-07-04,3363.75,0.0,0.0,8.84421360830043,31000.0,29749.723524920573,-1250.2764750794267,-0.040331499196110565,0.9696402782301885,1.2654371344481374,-0.23375073179510197
2018-07-05,3342.44,0.0,0.0,8.84421360830043,31000.0,29561.253332927692,-1438.746667072308,-0.04641118280878409,0.9634974214991338,1.2654371344481374,-0.23860506755294553
2018-07-06,3365.12,0.0,0.0,8.84421360830043,31000.0,29761.84009756394,-1238.1599024360585,-0.03994064201406644,0.9700351967530202,1.2654371344481374,-0.2334386510823735
2018-07-09,3459.18,0.0,0.0,8.84421360830043,31000.0,30593.72682956068,-406.2731704393191,-0.013105586143203896,0.9971490918315282,1.2654371344481374,-0.212012146090221
2018-07-10,3467.52,0.0,0.0,8.84421360830043,31000.0,30667.48757105391,-332.51242894609095,-0.010726207385357789,0.9995531943719786,1.2654371344481374,-0.2101123262769683
2018-07-11,3407.53,0.0,0.0,8.84421360830043,31000.0,30136.92319669197,-863.0768033080312,-0.02784118720348483,0.9822603752590752,1.2654371344481374,-0.22377781675622854
2018-07-12,3481.06,0.0,0.0,8.84421360830043,31000.0,30787.238223310294,-212.76177668970558,-0.006863283119022734,1.0034562577290167,1.2654371344481374,-0.20702796653219102
2018-07-13,3492.69,0.0,0.0,8.84421360830043,31000.0,30890.09642757483,-109.90357242516984,-0.0035452765298441546,1.0068087412476543,1.2654371344481374,-0.20437869741610837
2018-07-16,3472.09,0.0,0.0,8.84421360830043,31000.0,30707.905627243843,-292.0943727561571,-0.00942239912116638,1.000870550320403,1.2654371344481374,-0.20907129791407075
2018-07-17,3449.38,0.0,0.0,8.84421360830043,31000.0,30507.05353619934,-492.94646380066115,-0.015901498832279426,0.9943241272156514,1.2654371344481374,-0.2142445482688633
2018-07-18,3431.32,0.0,0.0,8.84421360830043,31000.0,30347.327038433436,-652.6729615665645,-0.021053966502147192,0.9891181209949641,1.2654371344481374,-0.21835854656950404
2018-07-19,3428.34,0.0,0.0,8.84421360830043,31000.0,30320.9712818807,-679.0287181193016,-0.02190415219739683,0.9882591011423811,1.2654371344481374,-0.21903737906872378
2018-07-20,3492.89,0.0,0.0,8.84421360830043,31000.0,30891.86527029649,-108.13472970350995,-0.0034882170872100327,1.0068663935867537,1.2654371344481374,-0.20433313818797294
2018-07-23,3525.75,0.0,0.0,8.84421360830043,31000.0,31182.486129465244,182.48612946524372,0.005886649337588423,1.0163386729008062,1.2654371344481374,-0.19684775700530088
2018-07-24,3581.71,0.0,0.0,8.84421360830043,31000.0,31677.408322985735,677.4083229857351,0.02185188138663663,1.032469797380854,1.2654371344481374,-0.18410028497297215
2018-07-25,3577.75,0.0,0.0,8.84421360830043,31000.0,31642.385237096863,642.3852370968634,0.02072210442247946,1.0313282810666835,1.2654371344481374,-0.18500235769005613
2018-07-26,3536.25,0.0,0.0,8.84421360830043,31000.0,31275.350372352397,275.35037235239724,0.008882270075883714,1.0193654207035314,1.2654371344481374,-0.19445589752818415
2018-07-27,3521.23,0.0,0.0,8.84421360830043,31000.0,31142.510283955726,142.51028395572575,0.004597105934055712,1.0150357300371569,1.2654371344481374,-0.19787739556116446
2018-07-30,3515.08,0.0,0.0,8.84421360830043,31000.0,31088.118370264678,88.11837026467765,0.0028425280730541846,1.0132629206098465,1.2654371344481374,-0.19927834182633275
2018-07-31,3517.66,0.0,0.0,8.84421360830043,31000.0,31110.93644137409,110.93644137409137,0.0035785948830351355,1.0140066357842303,1.2654371344481374,-0.1986906277833841
2018-08-01,3447.39,1000.0,0.2900745201442251,9.134288128444656,32000.0,31489.45355111882,-510.5464488811813,-0.015954576527536957,0.993750486441611,1.2654371344481374,-0.21469786258881218
2018-08-02,3370.96,0.0,0.0,9.134288128444656,32000.0,30791.319909461796,-1208.6800905382042,-0.037771252829318924,0.9717186450547265,1.2654371344481374,-0.23210832162081507
2018-08-03,3315.28,0.0,0.0,9.134288128444656,32000.0,30282.72274647,-1717.2772535299991,-0.053664914172812495,0.9556682338494179,1.2654371344481374,-0.24479201073375412
2018-08-06,3273.27,0.0,0.0,9.134288128444656,32000.0,29898.991302194037,-2101.0086978059626,-0.06565652180643633,0.9435583600215619,1.2654371344481374,-0.254361726603628
2018-08-07,3368.87,0.0,0.0,9.134288128444656,32000.0,30772.229247273346,-1227.7707527266539,-0.03836783602270788,0.9711161781111364,1.2654371344481374,-0.23258441555483167
2018-08-08,3314.51,0.0,0.0,9.134288128444656,32000.0,30275.6893446111,-1724.310655388901,-0.05388470798090317,0.9554462723438847,1.2654371344481374,-0.2449674137620761
2018-08-09,3397.53,0.0,0.0,9.134288128444656,32000.0,31034.01794503457,-965.9820549654287,-0.030186939217669684,0.9793777583040988,1.2654371344481374,-0.22605577816300637
2018-08-10,3405.02,0.0,0.0,9.134288128444656,32000.0,31102.43376311662,-897.56623688338,-0.028048944902605677,0.981536838403376,1.2654371344481374,-0.2243495850693299
2018-08-13,3390.34,0.0,0.0,9.134288128444656,32000.0,30968.342413391056,-1031.6575866089443,-0.03223929958152949,0.9773051567134707,1.2654371344481374,-0.2276936324144797
2018-08-14,3372.91,0.0,0.0,9.134288128444656,32000.0,30809.131771312263,-1190.8682286877374,-0.03721463214649179,0.9722807553609468,1.2654371344481374,-0.23166411914649354
2018-08-15,3291.98,0.0,0.0,9.134288128444656,32000.0,30069.893833077236,-1930.1061669227638,-0.06031581771633632,0.9489517363443228,1.2654371344481374,-0.25009966081154655
2018-08-16,3276.73,0.0,0.0,9.134288128444656,32000.0,29930.595939118455,-2069.404060881545,-0.0646688769025483,0.9445557454879838,1.2654371344481374,-0.2535735519568828
2018-08-17,3229.62,0.0,0.0,9.134288128444656,32000.0,29500.279625387426,-2499.7203746125742,-0.07811626170664299,0.9309757370130899,1.2654371344481374,-0.2643050281442133
2018-08-20,3267.25,0.0,0.0,9.134288128444656,32000.0,29844.0028876608,-2155.997112339199,-0.06737490976060001,0.9418230246146662,1.2654371344481374,-0.25573305937050816
2018-08-21,3326.65,0.0,0.0,9.134288128444656,32000.0,30386.579602490416,-1613.4203975095843,-0.050419387422174555,0.958945769327226,1.2654371344481374,-0.2422019686142478
2018-08-22,3307.95,0.0,0.0,9.134288128444656,32000.0,30215.768414488495,-1784.2315855115048,-0.055757237047234565,0.9535552756214201,1.2654371344481374,-0.2464617564449224
2018-08-23,3320.03,0.0,0.0,9.134288128444656,32000.0,30326.110615080113,-1673.8893849198867,-0.052309043278746414,0.9570374769030316,1.2654371344481374,-0.2437099790655347
2018-08-24,3325.33,0.0,0.0,9.134288128444656,32000.0,30374.522342160864,-1625.4776578391356,-0.05079617680747295,0.9585652638891691,1.2654371344481374,-0.24250265951994254
2018-08-27,3406.57,0.0,0.0,9.134288128444656,32000.0,31116.591909715713,-883.408090284287,-0.027606502821383994,0.9819836440313975,1.2654371344481374,-0.22399650105127922
2018-08-28,3400.17,0.0,0.0,9.134288128444656,32000.0,31058.132465693667,-941.8675343063333,-0.029433360447072898,0.9801387691802126,1.2654371344481374,-0.22545439635161701
2018-08-29,3386.57,0.0,0.0,9.134288128444656,32000.0,30933.90614714682,-1066.0938528531806,-0.033315432901661945,0.9762184101214446,1.2654371344481374,-0.22855242386483499
2018-08-30,3351.09,0.0,0.0,9.134288128444656,32000.0,30609.821604349603,-1390.1783956503969,-0.04344307486407495,0.9659908851651884,1.2654371344481374,-0.23663463093608272
2018-08-31,3334.5,0.0,0.0,9.134288128444656,32000.0,30458.283764298703,-1541.7162357012967,-0.04817863236566555,0.9612086236368824,1.2654371344481374,-0.24041376890992727
2018-09-03,3321.82,1000.0,0.3010397914396325,9.435327919884289,33000.0,31342.46099083003,-1657.53900916997,-0.05022845482333238,0.9575534653379725,1.2654371344481374,-0.24330222397372137
2018-09-04,3363.9,0.0,0.0,9.435327919884289,33000.0,31739.49958969876,-1260.5004103012398,-0.03819698213034062,0.9696835174845131,1.2654371344481374,-0.2337165623740003
2018-09-05,3298.14,0.0,0.0,9.435327919884289,33000.0,31119.032425687168,-1880.9675743128319,-0.05699901740341917,0.9507274283885883,1.2654371344481374,-0.24869643658497143
2018-09-06,3262.88,0.0,0.0,9.435327919884289,33000.0,30786.34276323205,-2213.657236767951,-0.06708052232630157,0.9405633210053415,1.2654371344481374,-0.25672852850527006
2018-09-07,3277.64,0.0,0.0,9.435327919884289,33000.0,30925.60820332954,-2074.391796670461,-0.0628603574748624,0.9448180636308866,1.2654371344481374,-0.253366257468866
2018-09-10,3230.07,0.0,0.0,9.435327919884289,33000.0,30476.769654180647,-2523.230345819353,-0.07646152563088948,0.9311054547760639,1.2654371344481374,-0.26420251988090826
2018-09-11,3224.21,0.0,0.0,9.435327919884289,33000.0,30421.478632570124,-2578.5213674298757,-0.07813701113423865,0.9294162412404477,1.2654371344481374,-0.26553740526528
2018-09-12,3202.02,0.0,0.0,9.435327919884289,33000.0,30212.10870602789,-2787.8912939721085,-0.08448155436279114,0.9230197142173551,1.2654371344481374,-0.2705922016269201
2018-09-13,3236.57,0.0,0.0,9.435327919884289,33000.0,30538.099285659893,-2461.900714340107,-0.07460305194970018,0.9329791557967986,1.2654371344481374,-0.26272184496650264
2018-09-14,3242.09,0.0,0.0,9.435327919884289,33000.0,30590.182295777657,-2409.8177042223433,-0.07302477891582859,0.9345703603559455,1.2654371344481374,-0.26146441026996126
2018-09-17,3204.92,0.0,0.0,9.435327919884289,33000.0,30239.471156995554,-2760.5288430044457,-0.08365238918195295,0.9238556731342982,1.2654371344481374,-0.2699315928189545
2018-09-18,3269.43,0.0,0.0,9.435327919884289,33000.0,30848.144161107288,-2151.855838892712,-0.06520775269371859,0.9424514351108509,1.2654371344481374,-0.2552364637838307
2018-09-19,3312.48,0.0,0.0,9.435327919884289,33000.0,31254.335028058307,-1745.6649719416928,-0.05289893854368766,0.9548611011020244,1.2654371344481374,-0.245429839927652
2018-09-20,3310.13,0.0,0.0,9.435327919884289,33000.0,31232.162007446583,-1767.8379925534173,-0.05357084825919445,0.954183686117605,1.2654371344481374,-0.24596516085824482
2018-09-21,3410.49,0.0,0.0,9.435327919884289,33000.0,32179.091517486166,-820.9084825138343,-0.02487601462163136,0.9831136298777481,1.2654371344481374,-0.22310354017982237
2018-09-25,3379.8,0.0,0.0,9.435327919884289,33000.0,31889.521303624922,-1110.4786963750776,-0.0336508695871236,0.9742668784429256,1.2654371344481374,-0.23009460373722357
2018-09-26,3417.24,0.0,0.0,9.435327919884289,33000.0,32242.779980945386,-757.2200190546137,-0.022946061183473088,0.9850593963223572,1.2654371344481374,-0.22156591623024735
2018-09-27,3403.59,0.0,0.0,9.435327919884289,33000.0,32113.987754838967,-886.0122451610332,-0.02684885591397068,0.9811246241788145,1.2654371344481374,-0.22467533355049896
2018-09-28,3438.87,0.0,0.0,9.435327919884289,33000.0,32446.866123852484,-553.1338761475163,-0.016761632610530763,0.9912944967959711,1.2654371344481374,-0.21663868570738687
2018-10-08,3290.9,1000.0,0.3038682427299523,9.739196162614242,34000.0,32050.72065154721,-1949.2793484527901,-0.05733174554272913,0.9486404137131853,1.2654371344481374,-0.2503456806434786
2018-10-09,3288.69,0.0,0.0,9.739196162614242,34000.0,32029.197028027833,-1970.8029719721671,-0.057964793293299066,0.9480033553661356,1.2654371344481374,-0.2508491101143765
2018-10-10,3281.6,0.0,0.0,9.739196162614242,34000.0,31960.146127234893,-2039.8538727651066,-0.05999570214015015,0.9459595799450573,1.2654371344481374,-0.252464184751782
2018-10-11,3124.11,0.0,0.0,9.739196162614242,34000.0,30426.32012358478,-3573.679876415219,-0.10510823165927119,0.9005612455211339,1.2654371344481374,-0.28833979894712625
2018-10-12,3170.73,0.0,0.0,9.739196162614242,34000.0,30880.361448685857,-3119.638551314143,-0.0917540750386513,0.9140000057652339,1.2654371344481374,-0.2777199428687279
2018-10-15,3126.45,0.0,0.0,9.739196162614242,34000.0,30449.109842605296,-3550.890157394704,-0.10443794580572663,0.9012357778885983,1.2654371344481374,-0.28780675597794025
2018-10-16,3100.97,0.0,0.0,9.739196162614242,34000.0,30200.955124381882,-3799.0448756181177,-0.11173661398876822,0.8938908698873184,1.2654371344481374,-0.2936110016424103
2018-10-17,3118.25,0.0,0.0,9.739196162614242,34000.0,30369.24843407186,-3630.7515659281416,-0.10678681076259244,0.8988720319855177,1.2654371344481374,-0.2896746843314981
2018-10-18,3044.39,0.0,0.0,9.739196162614242,34000.0,29649.91140550117,-4350.0885944988295,-0.127943782191142,0.8775810231560619,1.2654371344481374,-0.3064997072819593
2018-10-19,3134.95,0.0,0.0,9.739196162614242,34000.0,30531.893009987514,-3468.1069900124858,-0.10200314676507316,0.9036860023003283,1.2654371344481374,-0.28587048878217913
2018-10-22,3270.27,0.0,0.0,9.739196162614242,34000.0,31849.801034712476,-2150.1989652875236,-0.06324114603786835,0.942693574935069,1.2654371344481374,-0.2550451150256613
2018-10-23,3183.43,0.0,0.0,9.739196162614242,34000.0,31004.049239951055,-2995.950760048945,-0.08811619882496902,0.9176609292980539,1.2654371344481374,-0.27482693188212015
2018-10-24,3188.2,0.0,0.0,9.739196162614242,34000.0,31050.505205646725,-2949.494794353275,-0.08674984689274334,0.9190359375855776,1.2654371344481374,-0.2737403442910872
2018-10-25,3194.31,0.0,0.0,9.739196162614242,34000.0,31110.011694200297,-2889.988305799703,-0.08499965605293247,0.9207972165450682,1.2654371344481374,-0.2723485098715458
2018-10-26,3173.64,0.0,0.0,9.739196162614242,34000.0,30908.702509519062,-3091.297490480938,-0.09092051442590998,0.914838847299132,1.2654371344481374,-0.2770570560993556
2018-10-29,3076.89,0.0,0.0,9.739196162614242,34000.0,29966.435280786132,-4033.5647192138676,-0.11863425644746672,0.8869495282597353,1.2654371344481374,-0.2990963327099313
2018-10-30,3110.26,0.0,0.0,9.739196162614242,34000.0,30291.432256732573,-3708.5677432674274,-0.10907552186080671,0.8965688210384916,1.2654371344481374,-0.2914947754955136
2018-10-31,3153.82,0.0,0.0,9.739196162614242,34000.0,30715.67164157605,-3284.3283584239507,-0.09659789289482212,0.9091255004943688,1.2654371344481374,-0.2815719756075893
2018-11-01,3177.03,1000.0,0.3147593821902846,10.053955544804527,35000.0,31941.718384510328,-3058.281615489672,-0.08737947472827634,0.9158160544468691,1.2654371344481374,-0.27628482718245784
2018-11-02,3290.25,0.0,0.0,10.053955544804527,35000.0,33080.0272312931,-1919.9727687069026,-0.05485636482019718,0.9484530436111118,1.2654371344481374,-0.2504937481349192
2018-11-05,3262.84,0.0,0.0,10.053955544804527,35000.0,32804.44830981,-2195.5516901899973,-0.06273004829114281,0.9405517905375216,1.2654371344481374,-0.2567376403508972
2018-11-06,3243.15,0.0,0.0,10.053955544804527,35000.0,32606.4859251328,-2393.5140748671984,-0.0683861164247771,0.934875917753173,1.2654371344481374,-0.26122294636084276
2018-11-07,3221.91,0.0,0.0,10.053955544804527,35000.0,32392.939909361154,-2607.0600906388463,-0.0744874311611099,0.9287532393408031,1.2654371344481374,-0.266061336388839
2018-11-08,3212.77,0.0,0.0,10.053955544804527,35000.0,32301.04675568164,-2698.95324431836,-0.07711294983766748,0.9261185274439546,1.2654371344481374,-0.268143393114634
2018-11-09,3167.44,0.0,0.0,10.053955544804527,35000.0,31845.30095083565,-3154.6990491643483,-0.09013425854755286,0.9130516247870466,1.2654371344481374,-0.27846939217155786
2018-11-12,3205.14,0.0,0.0,10.053955544804527,35000.0,32224.33507487478,-2775.66492512522,-0.07930471214643486,0.9239190907073076,1.2654371344481374,-0.2698814776680055
2018-11-13,3237.38,0.0,0.0,10.053955544804527,35000.0,32548.474601639282,-2451.525398360718,-0.0700435828103062,0.9332126477701517,1.2654371344481374,-0.26253733009255353
2018-11-14,3204.94,0.0,0.0,10.053955544804527,35000.0,32222.32428376582,-2777.6757162341783,-0.07936216332097656,0.9238614383682082,1.2654371344481374,-0.26992703689614095
2018-11-15,3242.37,0.0,0.0,10.053955544804527,35000.0,32598.643839807854,-2401.3561601921465,-0.06861017600548991,0.9346510736306848,1.2654371344481374,-0.26140062735057157
2018-11-16,3257.67,0.0,0.0,10.053955544804527,35000.0,32752.469359643364,-2247.5306403566356,-0.06421516115304671,0.9390614775717988,1.2654371344481374,-0.25791534639820135
2018-11-19,3294.6,0.0,0.0,10.053955544804527,35000.0,33123.761937913,-1876.2380620870026,-0.053606801773914414,0.9497069819865266,1.2654371344481374,-0.24950283492297076
2018-11-20,3218.41,0.0,0.0,10.053955544804527,35000.0,32357.751064954336,-2642.2489350456635,-0.07549282671559043,0.9277443234065613,1.2654371344481374,-0.2668586228812112
2018-11-21,3226.49,0.0,0.0,10.053955544804527,35000.0,32438.987025756356,-2561.012974243644,-0.07317179926410411,0.9300734779061822,1.2654371344481374,-0.2650180300645347
2018-11-22,3214.43,0.0,0.0,10.053955544804527,35000.0,32317.736321886016,-2682.2636781139845,-0.07663610508897101,0.9265970418584807,1.2654371344481374,-0.26776525152110886
2018-11-23,3143.48,0.0,0.0,10.053955544804527,35000.0,31604.408175982135,-3395.5918240178653,-0.09701690925765327,0.9061448745629231,1.2654371344481374,-0.2839273877021976
2018-11-26,3141.24,0.0,0.0,10.053955544804527,35000.0,31581.88731556177,-3418.1126844382306,-0.09766036241252085,0.9054991683650084,1.2654371344481374,-0.2844376510573159
2018-11-27,3137.24,0.0,0.0,10.053955544804527,35000.0,31541.671493382553,-3458.3285066174467,-0.09880938590335564,0.9043461215830179,1.2654371344481374,-0.285348835620027
2018-11-28,3178.93,0.0,0.0,10.053955544804527,35000.0,31960.82090004545,-3039.1790999545483,-0.08683368857012996,0.9163637516683145,1.2654371344481374,-0.27585201451517016
2018-11-29,3137.65,0.0,0.0,10.053955544804527,35000.0,31545.793615155926,-3454.206384844074,-0.09869161099554502,0.904464308878172,1.2654371344481374,-0.2852554392023491
2018-11-30,3172.69,0.0,0.0,10.053955544804527,35000.0,31898.084217445874,-3101.915782554126,-0.08862616521583222,0.9145649986884092,1.2654371344481374,-0.27727346243299955
2018-12-03,3260.95,1000.0,0.3066591024088073,10.360614647213334,36000.0,33785.44633383032,-2214.5536661696824,-0.06151537961582454,0.940006975933031,1.2654371344481374,-0.25716817505677825
2018-12-04,3267.71,0.0,0.0,10.360614647213334,36000.0,33855.484088845486,-2144.5159111545145,-0.05956988642095873,0.9419556249945951,1.2654371344481374,-0.2556282731457964
2018-12-05,3252.0,0.0,0.0,10.360614647213334,36000.0,33692.71883273776,-2307.281167262241,-0.06409114353506229,0.9374270337583271,1.2654371344481374,-0.2592069505158444
2018-12-06,3181.67,0.0,0.0,10.360614647213334,36000.0,32964.05680459925,-3035.9431954007523,-0.0843317554277987,0.9171535887139781,1.2654371344481374,-0.275227853089713
2018-12-07,3181.56,0.0,0.0,10.360614647213334,36000.0,32962.91713698805,-3037.0828630119504,-0.08436341286144311,0.9171218799274733,1.2654371344481374,-0.27525291066518753
2018-12-10,3144.76,0.0,0.0,10.360614647213334,36000.0,32581.646517970607,-3418.3534820293935,-0.09495426338970536,0.9065138495331602,1.2654371344481374,-0.28363580864213
2018-12-11,3159.82,0.0,0.0,10.360614647213334,36000.0,32737.677374557636,-3262.3226254423644,-0.09062007292895458,0.9108550706673546,1.2654371344481374,-0.28020519876352257
2018-12-12,3170.61,0.0,0.0,10.360614647213334,36000.0,32849.46840660107,-3150.531593398933,-0.0875147664833037,0.9139654143617741,1.2654371344481374,-0.2777472784056093
2018-12-13,3219.69,0.0,0.0,10.360614647213334,36000.0,33357.967373486295,-2642.0326265137046,-0.07338979518093625,0.9281132983767983,1.2654371344481374,-0.2665670438211436
2018-12-14,3165.91,0.0,0.0,10.360614647213334,36000.0,32800.77351775916,-3199.2264822408397,-0.08886740228446777,0.9126105843929352,1.2654371344481374,-0.27881792026679497
2018-12-17,3161.2,0.0,0.0,10.360614647213334,36000.0,32751.97502277079,-3248.024977229212,-0.09022291603414478,0.9112528718071413,1.2654371344481374,-0.27989084008938725
2018-12-18,3128.43,0.0,0.0,10.360614647213334,36000.0,32412.45768078161,-3587.5423192183916,-0.09965395331162197,0.9018065360456836,1.2654371344481374,-0.2873557196193983
2018-12-19,3091.13,0.0,0.0,10.360614647213334,36000.0,32026.006754440554,-3973.993245559446,-0.11038870126554012,0.8910543748036217,1.2654371344481374,-0.2958525156666796
2018-12-20,3067.42,0.0,0.0,10.360614647213334,36000.0,31780.356581155123,-4219.643418844877,-0.11721231719013547,0.8842196900033726,1.2654371344481374,-0.30125356216214993
2018-12-21,3029.4,0.0,0.0,10.360614647213334,36000.0,31386.446012268072,-4613.553987731928,-0.12815427743699803,0.8732599803405523,1.2654371344481374,-0.3099143714307193
2018-12-24,3038.2,0.0,0.0,10.360614647213334,36000.0,31477.61942116355,-4522.380578836452,-0.12562168274545704,0.8757966832609315,1.2654371344481374,-0.30790976539275483
2018-12-25,3017.28,0.0,0.0,10.360614647213334,36000.0,31260.87536274385,-4739.124637256151,-0.13164235103489308,0.869766248591121,1.2654371344481374,-0.31267526065573403
2018-12-26,3002.03,0.0,0.0,10.360614647213334,36000.0,31102.875989373846,-4897.124010626154,-0.1360312225173932,0.8653702577347819,1.2654371344481374,-0.31614915180107017
2018-12-27,2990.51,0.0,0.0,10.360614647213334,36000.0,30983.52170863795,-5016.478291362051,-0.13934661920450142,0.8620494830026492,1.2654371344481374,-0.3187733633416783
2018-12-28,3010.65,0.0,0.0,10.360614647213334,36000.0,31192.184487632825,-4807.815512367175,-0.13355043089908825,0.8678550735499716,1.2654371344481374,-0.31418554906842766
2019-01-02,2969.54,1000.0,0.3367524936522155,10.697367140865548,37000.0,31766.25961948588,-5233.740380514118,-0.14145244271659785,0.8560046352480636,1.2654371344481374,-0.32355024841169144
2019-01-03,2964.84,0.0,0.0,10.697367140865548,37000.0,31715.981993923815,-5284.018006076185,-0.14281129746151855,0.8546498052792247,1.2654371344481374,-0.324620890272877
2019-01-04,3035.87,0.0,0.0,10.697367140865548,37000.0,32475.81598193949,-4524.18401806051,-0.12227524373136511,0.875125033510422,1.2654371344481374,-0.308440530400534
2019-01-07,3054.3,0.0,0.0,10.697367140865548,37000.0,32672.968458345647,-4327.031541654353,-0.11694679842309064,0.8804376965584436,1.2654371344481374,-0.30424224752784246
2019-01-08,3047.7,0.0,0.0,10.697367140865548,37000.0,32602.36583521593,-4397.634164784071,-0.11885497742659656,0.8785351693681591,1.2654371344481374,-0.3057457020563158
2019-01-09,3078.48,0.0,0.0,10.697367140865548,37000.0,32931.630795811776,-4068.369204188224,-0.10995592443751956,0.8874078643555765,1.2654371344481374,-0.2987341368462536
2019-01-10,3072.69,0.0,0.0,10.697367140865548,37000.0,32869.693040066166,-4130.306959933834,-0.11162991783604959,0.8857388291386452,1.2654371344481374,-0.30005307650077795
2019-01-11,3094.78,0.0,0.0,10.697367140865548,37000.0,33105.997880207884,-3894.002119792116,-0.10524330053492204,0.8921065299921881,1.2654371344481374,-0.2950210597532057
2019-01-14,3067.78,0.0,0.0,10.697367140865548,37000.0,32817.16896740451,-4182.831032595488,-0.11304948736744558,0.8843234642137519,1.2654371344481374,-0.3011715555515059
2019-01-15,3127.99,0.0,0.0,10.697367140865548,37000.0,33461.257442956026,-3538.7425570439736,-0.09564169073091822,0.9016797008996646,1.2654371344481374,-0.2874559499212965
2019-01-16,3128.65,0.0,0.0,10.697367140865548,37000.0,33468.317705269,-3531.6822947309993,-0.09545087283056752,0.9018699536186932,1.2654371344481374,-0.2873056044684491
2019-01-17,3111.42,0.0,0.0,10.697367140865548,37000.0,33284.00206943189,-3715.9979305681118,-0.10043237650184089,0.8969032046052688,1.2654371344481374,-0.2912305319723274
2019-01-18,3168.17,0.0,0.0,10.697367140865548,37000.0,33891.077654676,-3108.9223453239974,-0.08402492825199992,0.9132620558247599,1.2654371344481374,-0.27830310098886313
2019-01-21,3185.64,0.0,0.0,10.697367140865548,37000.0,34077.96065862692,-2922.039341373078,-0.07897403625332644,0.9182979876451036,1.2654371344481374,-0.2743235024112223
2019-01-22,3143.32,0.0,0.0,10.697367140865548,37000.0,33625.248081225494,-3374.7519187745056,-0.09120951131822985,0.9060987526916436,1.2654371344481374,-0.283963835084706
2019-01-23,3141.05,0.0,0.0,10.697367140865548,37000.0,33600.96505781573,-3399.0349421842693,-0.09186580924822352,0.905444398642864,1.2654371344481374,-0.2844809323240446
2019-01-24,3158.78,0.0,0.0,10.697367140865548,37000.0,33790.62937722328,-3209.370622776718,-0.08673974656153294,0.9105552785040372,1.2654371344481374,-0.2804421067498274
2019-01-25,3184.47,0.0,0.0,10.697367140865548,37000.0,34065.44473907211,-2934.5552609278893,-0.0793123043494024,0.9179607214613714,1.2654371344481374,-0.2745900238958152
2019-01-28,3183.78,0.0,0.0,10.697367140865548,37000.0,34058.06355574492,-2941.9364442550796,-0.0795117957906778,0.9177618208914782,1.2654371344481374,-0.2747472032328828
2019-01-29,3193.97,0.0,0.0,10.697367140865548,37000.0,34167.06972691033,-2832.930273089667,-0.07656568305647748,0.920699207568599,1.2654371344481374,-0.2724259605593763
2019-01-30,3168.48,0.0,0.0,10.697367140865548,37000.0,33894.393838489676,-3105.6061615103245,-0.08393530166244123,0.9133514169503641,1.2654371344481374,-0.27823248418525304
2019-01-31,3201.63,0.0,0.0,10.697367140865548,37000.0,34249.011559209364,-2750.9884407906357,-0.0743510389402875,0.922907292156111,1.2654371344481374,-0.27068104212178434
2019-02-01,3247.4,1000.0,0.30793865861920305,11.005305799484752,38000.0,35738.63005324679,-2261.3699467532133,-0.05950973544087401,0.936101029959038,1.2654371344481374,-0.26025481276296225
2019-02-11,3306.47,0.0,0.0,11.005305799484752,38000.0,36388.713466822344,-1611.2865331776557,-0.04240227718888567,0.9531286483120835,1.2654371344481374,-0.24679889473312555
2019-02-12,3330.34,0.0,0.0,11.005305799484752,38000.0,36651.41011625605,-1348.5898837439527,-0.03548920746694617,0.9600094549836123,1.2654371344481374,-0.24136140085514668
2019-02-13,3397.03,0.0,0.0,11.005305799484752,38000.0,37385.35396002369,-614.6460399763091,-0.01617489578885023,0.97923362745635,1.2654371344481374,-0.22616967623334527
2019-02-14,3402.14,0.0,0.0,11.005305799484752,38000.0,37441.59107265905,-558.4089273409481,-0.014694971772130194,0.9807066447203429,1.2654371344481374,-0.2250056379544818
2019-02-15,3338.7,0.0,0.0,11.005305799484752,38000.0,36743.41447273974,-1256.5855272602566,-0.033068040191059356,0.9624193227579725,1.2654371344481374,-0.2394570251190805
2019-02-18,3445.74,0.0,0.0,11.005305799484752,38000.0,37921.42240551659,-78.57759448340948,-0.002067831433773981,0.99327485464404,1.2654371344481374,-0.21507372622093046
2019-02-19,3439.61,0.0,0.0,11.005305799484752,38000.0,37853.95988096575,-146.0401190342527,-0.003843161027217157,0.9915078104506395,1.2654371344481374,-0.2164701165632852
2019-02-20,3451.93,0.0,0.0,11.005305799484752,38000.0,37989.5452484154,-10.454751584598853,-0.0002751250417000195,0.9950591945391704,1.2654371344481374,-0.21366366811013493
2019-02-21,3442.71,0.0,0.0,11.005305799484752,38000.0,37888.07632894415,-111.92367105584708,-0.0029453597646275087,0.9924014217066821,1.2654371344481374,-0.21576394852718417
2019-02-22,3520.12,0.0,0.0,11.005305799484752,38000.0,38739.997050882266,739.9970508822662,0.019473606602164795,1.0147157595551544,1.2654371344481374,-0.19813024927731693
2019-02-25,3729.48,0.0,0.0,11.005305799484752,38000.0,41044.06787306239,3044.0678730623913,0.08010704929111556,1.0750662281245404,1.2654371344481374,-0.15043884926501594
2019-02-26,3684.69,0.0,0.0,11.005305799484752,38000.0,40551.14022630347,2551.140226303469,0.06713526911324919,1.0621549867832012,1.2654371344481374,-0.1606418384059738
2019-02-27,3678.39,0.0,0.0,11.005305799484752,38000.0,40481.80679976672,2481.8067997667167,0.06531070525701876,1.060338938101566,1.2654371344481374,-0.16207695409224387
2019-02-28,3669.37,0.0,0.0,11.005305799484752,38000.0,40382.538941455365,2382.5389414553647,0.06269839319619375,1.0577388176081772,1.2654371344481374,-0.16413167528115757
2019-03-01,3749.71,1000.0,0.2666872904837974,11.27199308996855,39000.0,42266.705209385975,3266.7052093859747,0.08376167203553786,1.0808977622244578,1.2654371344481374,-0.14583053333910423
2019-03-04,3794.1,0.0,0.0,11.27199308996855,39000.0,42767.068982649675,3767.0689826496746,0.09659151237563268,1.093693698887598,1.2654371344481374,-0.13571866265441734
2019-03-05,3816.01,0.0,0.0,11.27199308996855,39000.0,43014.03835125089,4014.0383512508924,0.10292406028848444,1.1000095126359515,1.2654371344481374,-0.13072764921216706
2019-03-06,3848.09,0.0,0.0,11.27199308996855,39000.0,43375.64388957708,4375.643889577077,0.11219599716864304,1.1092569478275158,1.2654371344481374,-0.12341994901922371
2019-03-07,3808.85,0.0,0.0,11.27199308996855,39000.0,42933.33088072671,3933.3308807267094,0.10085463796735161,1.0979455588961882,1.2654371344481374,-0.1323586695794201
2019-03-08,3657.58,0.0,0.0,11.27199308996855,39000.0,41228.21648600717,2228.2164860071716,0.05713375605146598,1.0543402122182601,1.2654371344481374,-0.16681739177974853
2019-03-11,3729.95,0.0,0.0,11.27199308996855,39000.0,42043.97062592819,3043.9706259281884,0.07805052886995356,1.0752017111214243,1.2654371344481374,-0.15033178507889744
2019-03-12,3755.35,0.0,0.0,11.27199308996855,39000.0,42330.27925041339,3330.2792504133904,0.08539177565162537,1.0825235581870645,1.2654371344481374,-0.14454576310568157
2019-03-13,3724.19,0.0,0.0,11.27199308996855,39000.0,41979.04394572997,2979.0439457299726,0.07638574219820438,1.073541323755358,1.2654371344481374,-0.15164389084920138
2019-03-14,3698.49,0.0,0.0,11.27199308996855,39000.0,41689.35372331778,2689.3537233177776,0.06895778777737882,1.0661329981810685,1.2654371344481374,-0.1574982516646204
2019-03-15,3745.0,0.0,0.0,11.27199308996855,39000.0,42213.61412193222,3213.6141219322235,0.08240036210082624,1.079540049638664,1.2654371344481374,-0.1469034531616965
2019-03-18,3851.75,0.0,0.0,11.27199308996855,39000.0,43416.899384286364,4416.899384286364,0.11325383036631709,1.110311985633037,1.2654371344481374,-0.12258621514434309
2019-03-19,3833.96,0.0,0.0,11.27199308996855,39000.0,43216.37062721582,4216.370627215823,0.10811206736450818,1.105183810070134,1.2654371344481374,-0.12663870848700076
2019-03-20,3835.44,0.0,0.0,11.27199308996855,39000.0,43233.05317698898,4233.0531769889785,0.10853982505099946,1.1056104373794706,1.2654371344481374,-0.12630157019879773
2019-03-21,3836.89,0.0,0.0,11.27199308996855,39000.0,43249.39756696943,4249.397566969426,0.10895891197357499,1.1060284168379422,1.2654371344481374,-0.12597126579481488
2019-03-22,3833.8,0.0,0.0,11.27199308996855,39000.0,43214.56710832143,4214.567108321433,0.10806582329029313,1.1051376881988544,1.2654371344481374,-0.12667515586950928
2019-03-25,3742.83,0.0,0.0,11.27199308996855,39000.0,42189.15389692699,3189.1538969269895,0.08177317684428176,1.078914521759434,1.2654371344481374,-0.14739777078696736
2019-03-26,3700.44,0.0,0.0,11.27199308996855,39000.0,41711.33410984322,2711.334109843221,0.06952138743187741,1.066695108487289,1.2654371344481374,-0.15705404919029864
2019-03-27,3743.39,0.0,0.0,11.27199308996855,39000.0,42195.46621305737,3195.4662130573706,0.08193503110403522,1.0790759483089127,1.2654371344481374,-0.14727020494818777
2019-03-28,3728.4,0.0,0.0,11.27199308996855,39000.0,42026.49903663874,3026.499036638743,0.07760253940099338,1.0747549054934031,1.2654371344481374,-0.15068486909694778
2019-03-29,3872.34,0.0,0.0,11.27199308996855,39000.0,43648.98972200882,4648.989722008817,0.11920486466689284,1.1162472939433334,1.2654371344481374,-0.11789589260778754
2019-04-01,3973.93,1000.0,0.25164006411788836,11.523633154086438,40000.0,45794.11150001872,5794.11150001872,0.14485278750046793,1.1455317995889387,1.2654371344481374,-0.09475408267633145
2019-04-02,3971.29,0.0,0.0,11.523633154086438,40000.0,45763.68910849193,5763.689108491933,0.14409222771229824,1.144770788712825,1.2654371344481374,-0.09535546448772081
2019-04-03,4022.16,0.0,0.0,11.523633154086438,40000.0,46349.896327040304,6349.896327040304,0.15874740817600763,1.15943466116279,1.2654371344481374,-0.08376747481144187
2019-04-04,4062.23,0.0,0.0,11.523633154086438,40000.0,46811.64830752455,6811.648307524549,0.1702912076881138,1.1709853073013805,1.2654371344481374,-0.07463968345448291
2019-04-08,4057.23,0.0,0.0,11.523633154086438,40000.0,46754.03014175412,6754.0301417541195,0.16885075354385304,1.1695439988238923,1.2654371344481374,-0.07577866415787193
2019-04-09,4075.43,0.0,0.0,11.523633154086438,40000.0,46963.76026515849,6963.760265158489,0.17409400662896224,1.1747903616819493,1.2654371344481374,-0.07163277439753624
2019-04-10,4085.85,0.0,0.0,11.523633154086438,40000.0,47083.83652262407,7083.836522624071,0.1770959130656018,1.1777940485490346,1.2654371344481374,-0.06925913861167377
2019-04-11,3997.58,0.0,0.0,11.523633154086438,40000.0,46066.64542411286,6066.6454241128595,0.1516661356028215,1.152349188687458,1.2654371344481374,-0.0893667039493018
2019-04-12,3988.62,0.0,0.0,11.523633154086438,40000.0,45963.39367105225,5963.393671052247,0.1490848417763062,1.1497663638957991,1.2654371344481374,-0.09140775736977469
2019-04-15,3975.52,0.0,0.0,11.523633154086438,40000.0,45812.43407673371,5812.434076733713,0.1453108519183428,1.14599013568478,1.2654371344481374,-0.09439188681265376
2019-04-16,4085.79,0.0,0.0,11.523633154086438,40000.0,47083.14510463483,7083.14510463483,0.17707862761587068,1.1777767528473049,1.2654371344481374,-0.06927280638011435
2019-04-17,4087.24,0.0,0.0,11.523633154086438,40000.0,47099.85437270825,7099.854372708251,0.17749635931770635,1.1781947323057764,1.2654371344481374,-0.06894250197613161
2019-04-18,4072.08,0.0,0.0,11.523633154086438,40000.0,46925.1560940923,6925.156094092301,0.1731289023523075,1.1738246850020322,1.2654371344481374,-0.07239589146880676
2019-04-19,4120.61,0.0,0.0,11.523633154086438,40000.0,47484.39801106011,7484.3980110601115,0.1871099502765028,1.1878140250845326,1.2654371344481374,-0.061340944761714034
2019-04-22,4025.61,0.0,0.0,11.523633154086438,40000.0,46389.652861421906,6389.652861421906,0.15974132153554765,1.1604291640122568,1.2654371344481374,-0.08298157812610352
2019-04-23,4019.01,0.0,0.0,11.523633154086438,40000.0,46313.596882604936,6313.596882604936,0.15783992206512343,1.1585266368219724,1.2654371344481374,-0.08448503265457685
2019-04-24,4030.09,0.0,0.0,11.523633154086438,40000.0,46441.27873795221,6441.278737952212,0.1610319684488053,1.1617205764080862,1.2654371344481374,-0.08196105141586696
2019-04-25,3941.82,0.0,0.0,11.523633154086438,40000.0,45424.08763944101,5424.087639441008,0.13560219098602522,1.1362757165465096,1.2654371344481374,-0.10206861675349499
2019-04-26,3889.27,0.0,0.0,11.523633154086438,40000.0,44818.52071719376,4818.520717193758,0.12046301792984404,1.1211275644481085,1.2654371344481374,-0.11403930394611261
2019-04-29,3900.33,0.0,0.0,11.523633154086438,40000.0,44945.97209987796,4945.972099877959,0.12364930249694894,1.1243157388003124,1.2654371344481374,-0.11151987863021628
2019-04-30,3913.21,0.0,0.0,11.523633154086438,40000.0,45094.39649490259,5094.39649490259,0.12735991237256483,1.128028549438322,1.2654371344481374,-0.10858586433828654
2019-05-06,3684.62,1000.0,0.2713984074341452,11.795031561520583,41000.0,43460.20919220997,2460.2091922099717,0.06000510224902378,1.0621348084645164,1.2654371344481374,-0.1606577841358212
2019-05-07,3720.67,0.0,0.0,11.795031561520583,41000.0,43885.42008000279,2885.42008000279,0.07037609951226309,1.0725266425872064,1.2654371344481374,-0.15244573326438704
2019-05-08,3667.46,0.0,0.0,11.795031561520583,41000.0,43257.80645061428,2257.8064506142764,0.055068450014982284,1.0571882377697768,1.2654371344481374,-0.1645667659098521
2019-05-09,3599.7,0.0,0.0,11.795031561520583,41000.0,42458.57511200564,1458.5751120056375,0.035575002731844885,1.0376556252828566,1.2654371344481374,-0.18000223240217883
2019-05-10,3730.45,0.0,0.0,11.795031561520583,41000.0,44000.77548867446,3000.7754886744588,0.0731896460652306,1.0753458419691733,1.2654371344481374,-0.15021788700855832
2019-05-13,3668.73,0.0,0.0,11.795031561520583,41000.0,43272.786140697404,2272.7861406974043,0.0554338083096928,1.0575543301230588,1.2654371344481374,-0.16427746481119132
2019-05-14,3645.15,0.0,0.0,11.795031561520583,41000.0,42994.659296476755,1994.6592964767551,0.04865022674333552,1.0507571193432246,1.2654371344481374,-0.16964889780837333
2019-05-15,3727.09,0.0,0.0,11.795031561520583,41000.0,43961.14418262775,2961.1441826277514,0.07222302884457932,1.0743772826723013,1.2654371344481374,-0.15098328204123568
2019-05-16,3743.96,0.0,0.0,11.795031561520583,41000.0,44160.1263650706,3160.1263650706023,0.07707625280660002,1.0792402574753464,1.2654371344481374,-0.14714036114800155
2019-05-17,3648.76,0.0,0.0,11.795031561520583,41000.0,43037.23936041384,2037.2393604138415,0.049688764888142556,1.051797744063971,1.2654371344481374,-0.16882655374052657
2019-05-20,3617.79,0.0,0.0,11.795031561520583,41000.0,42671.94723295355,1671.9472329535492,0.040779200803745086,1.0428702793544091,1.2654371344481374,-0.17588140021731757
2019-05-21,3666.78,0.0,0.0,11.795031561520583,41000.0,43249.785829152446,2249.7858291524462,0.05487282510127911,1.0569922198168384,1.2654371344481374,-0.16472166728551296
2019-05-22,3649.38,0.0,0.0,11.795031561520583,41000.0,43044.55227998199,2044.5522799819882,0.04986712878004851,1.0519764663151796,1.2654371344481374,-0.16868532013330628
2019-05-23,3583.96,0.0,0.0,11.795031561520583,41000.0,42272.92131522731,1272.9213152273078,0.031046861347007404,1.0331183861957238,1.2654371344481374,-0.18358774365644703
2019-05-24,3593.91,0.0,0.0,11.795031561520583,41000.0,42390.28187926444,1390.2818792644393,0.033909314128401036,1.0359865900659253,1.2654371344481374,-0.18132117205670317
2019-05-27,3637.2,0.0,0.0,11.795031561520583,41000.0,42900.88879556266,1900.8887955626633,0.04636314135518682,1.0484654388640182,1.2654371344481374,-0.1714598771267618
2019-05-28,3672.26,0.0,0.0,11.795031561520583,41000.0,43314.422602109575,2314.4226021095747,0.056449331758770205,1.0585718939081656,1.2654371344481374,-0.1634733444345986
2019-05-29,3663.91,0.0,0.0,11.795031561520583,41000.0,43215.93408857087,2215.9340885708734,0.05404717289197247,1.0561649087507603,1.2654371344481374,-0.16537544220925815
2019-05-30,3641.18,0.0,0.0,11.795031561520583,41000.0,42947.83302117751,1947.83302117751,0.04750812246774405,1.0496127204120989,1.2654371344481374,-0.17055324848686426
2019-05-31,3629.79,0.0,0.0,11.795031561520583,41000.0,42813.487611691795,1813.4876116917949,0.04423140516321444,1.0463294197003807,1.2654371344481374,-0.17314784652918414
2019-06-03,3632.01,1000.0,0.27532963840958585,12.070361199930169,42000.0,43839.67258175837,1839.672581758372,0.043801728137104146,1.0469693606643855,1.2654371344481374,-0.17264213909687953
2019-06-04,3598.47,0.0,0.0,12.070361199930169,42000.0,43434.832667112714,1434.8326671127143,0.03416268255030275,1.0373010633973945,1.2654371344481374,-0.18028242165521247
2019-06-05,3597.11,0.0,0.0,12.070361199930169,42000.0,43418.41697588081,1418.416975880813,0.03377183275906703,1.0369090274915178,1.2654371344481374,-0.18059222440653422
2019-06-06,3564.68,0.0,0.0,12.070361199930169,42000.0,43026.97516216707,1026.975162167073,0.02445178957540639,1.0275607007065293,1.2654371344481374,-0.1879796532487148
2019-06-10,3610.74,0.0,0.0,12.070361199930169,42000.0,43582.93599903586,1582.935999035857,0.03768895235799663,1.0408380344011505,1.2654371344481374,-0.17748736300909607
2019-06-11,3719.28,0.0,0.0,12.070361199930169,42000.0,44893.05300367628,2893.0530036762793,0.06888221437324482,1.0721259588304646,1.2654371344481374,-0.1527623698999292
2019-06-12,3691.1,0.0,0.0,12.070361199930169,42000.0,44552.910225062245,2552.9102250622454,0.06078357678719626,1.0640027442513411,1.2654371344481374,-0.15918166514422916
2019-06-13,3685.39,0.0,0.0,12.070361199930169,42000.0,44483.98846261064,2483.988462610643,0.05914258244311066,1.0623567699700496,1.2654371344481374,-0.16048238110749935
2019-06-14,3654.88,0.0,0.0,12.070361199930169,42000.0,44115.721742400776,2115.721742400776,0.050374327200018554,1.0535619056404166,1.2654371344481374,-0.16743244135957847
2019-06-17,3654.82,0.0,0.0,12.070361199930169,42000.0,44114.99752072878,2114.997520728779,0.05035708382687565,1.0535446099386867,1.2654371344481374,-0.16744610912801916
2019-06-18,3667.62,0.0,0.0,12.070361199930169,42000.0,44269.498144087884,2269.4981440878837,0.05403567009733057,1.0572343596410565,1.2654371344481374,-0.16453031852734357
2019-06-19,3715.94,0.0,0.0,12.070361199930169,42000.0,44852.73799726851,2852.7379972685085,0.06792233326829789,1.0711631647675024,1.2654371344481374,-0.1535232090097931
2019-06-20,3828.52,0.0,0.0,12.070361199930169,42000.0,46211.61926115665,4211.619261156651,0.10027664907515832,1.1036156664466268,1.2654371344481374,-0.1278779194922881
2019-06-21,3833.94,0.0,0.0,12.070361199930169,42000.0,46277.04061886027,4277.040618860272,0.10183430044905406,1.105178044836224,1.2654371344481374,-0.12664326440981444
2019-06-24,3841.27,0.0,0.0,12.070361199930169,42000.0,46365.516366455755,4365.516366455755,0.10394086586799411,1.1072910030642218,1.2654371344481374,-0.12497351869864626
2019-06-25,3801.31,0.0,0.0,12.070361199930169,42000.0,45883.18473290655,3883.1847329065495,0.0924567793549178,1.0957720657121361,1.2654371344481374,-0.13407625248013044
2019-06-26,3794.33,0.0,0.0,12.070361199930169,42000.0,45798.93361173104,3798.9336117310377,0.09045080027931052,1.0937599990775626,1.2654371344481374,-0.1356662695420614
2019-06-27,3834.82,0.0,0.0,12.070361199930169,42000.0,46287.66253671621,4287.662536716212,0.10208720325514786,1.105431715128262,1.2654371344481374,-0.12644280380601802
2019-06-28,3825.59,0.0,0.0,12.070361199930169,42000.0,46176.253102840856,4176.253102840856,0.09943459768668705,1.1027710596788187,1.2654371344481374,-0.128545362184474
2019-07-01,3935.81,1000.0,0.25407730556099,12.324438505491159,43000.0,48506.648314297156,5506.648314297156,0.12806158870458506,1.1345432637565687,1.2654371344481374,-0.10343767155896855
2019-07-02,3937.17,0.0,0.0,12.324438505491159,43000.0,48523.409550664626,5523.409550664626,0.1284513848991773,1.1349352996624456,1.2654371344481374,-0.10312786880764668
2019-07-03,3893.53,0.0,0.0,12.324438505491159,43000.0,47985.57105428499,4985.571054284992,0.11594351289034854,1.1223555592709284,1.2654371344481374,-0.11306889238682527
2019-07-04,3873.1,0.0,0.0,12.324438505491159,43000.0,47733.78277561781,4733.7827756178085,0.11008797152599548,1.1164663728319117,1.2654371344481374,-0.1177227675408723
2019-07-05,3893.2,0.0,0.0,12.324438505491159,43000.0,47981.50398957818,4981.503989578181,0.11584892999019036,1.122260432911414,1.2654371344481374,-0.11314406511324904
2019-07-08,3802.79,0.0,0.0,12.324438505491159,43000.0,46867.25150429672,3867.2515042967207,0.08993608149527255,1.0961986930214727,1.2654371344481374,-0.1337391141919273
2019-07-09,3793.13,0.0,0.0,12.324438505491159,43000.0,46748.19742833368,3748.197428333682,0.08716738205427177,1.0934140850429654,1.2654371344481374,-0.13593962491087475
2019-07-10,3786.74,0.0,0.0,12.324438505491159,43000.0,46669.444266283586,3669.4442662835863,0.08533591316938582,1.0915720928087354,1.2654371344481374,-0.13739524224980593
2019-07-11,3785.22,0.0,0.0,12.324438505491159,43000.0,46650.711119755244,3650.711119755244,0.08490025859895911,1.091133935031579,1.2654371344481374,-0.1377414923836362
2019-07-12,3808.73,0.0,0.0,12.324438505491159,43000.0,46940.45866901934,3940.458669019339,0.09163857369812423,1.0979109674927285,1.2654371344481374,-0.1323860051163014
2019-07-15,3824.19,0.0,0.0,12.324438505491159,43000.0,47130.99448831424,4130.994488314238,0.09606963926312173,1.1023674933051222,1.2654371344481374,-0.12886427678142276
2019-07-16,3806.85,0.0,0.0,12.324438505491159,43000.0,46917.28872462902,3917.2887246290193,0.09109973778207014,1.097369035505193,1.2654371344481374,-0.1328142618607756
2019-07-17,3804.64,0.0,0.0,12.324438505491159,43000.0,46890.05171553188,3890.051715531881,0.09046631896585766,1.0967319771581432,1.2654371344481374,-0.13331769133167348
2019-07-18,3768.4,0.0,0.0,12.324438505491159,43000.0,46443.41406409288,3443.4140640928817,0.08007939683936938,1.0862853733133087,1.2654371344481374,-0.14157302346983647
2019-07-19,3807.96,0.0,0.0,12.324438505491159,43000.0,46930.96885137011,3930.968851370111,0.09141788026442121,1.0976890059871953,1.2654371344481374,-0.13256140814462336
2019-07-22,3781.68,0.0,0.0,12.324438505491159,43000.0,46607.0826074458,3607.082607445802,0.08388564203362336,1.0901134886295174,1.2654371344481374,-0.13854789072163542
2019-07-23,3789.91,0.0,0.0,12.324438505491159,43000.0,46708.512736346,3708.512736345998,0.08624448224060455,1.092485882383463,1.2654371344481374,-0.13667312848385738
2019-07-24,3819.83,0.0,0.0,12.324438505491159,43000.0,47077.259936430295,4077.259936430295,0.0948199985216347,1.1011106723127524,1.2654371344481374,-0.12985746795477793
2019-07-25,3851.07,0.0,0.0,12.324438505491159,43000.0,47462.275395341836,4462.275395341836,0.10377384640329845,1.1101159676800987,1.2654371344481374,-0.12274111652000397
2019-07-26,3858.57,0.0,0.0,12.324438505491159,43000.0,47554.708684133024,4554.708684133024,0.10592345777053547,1.112277930396331,1.2654371344481374,-0.12103264546492054
2019-07-29,3854.27,0.0,0.0,12.324438505491159,43000.0,47501.71359855941,4501.713598559407,0.10469101391998614,1.1110384051056912,1.2654371344481374,-0.12201216886983501
2019-07-30,3870.32,0.0,0.0,12.324438505491159,43000.0,47699.52083657254,4699.520836572541,0.10929118224587309,1.1156650053184283,1.2654371344481374,-0.11835604081195661
2019-07-31,3835.36,0.0,0.0,12.324438505491159,43000.0,47268.65846642057,4268.658466420573,0.09927112712605979,1.1055873764438306,1.2654371344481374,-0.126319793890052
2019-08-01,3803.47,1000.0,0.2629178092636461,12.587356314754805,44000.0,47875.632122480456,3875.632122480456,0.08808254823819217,1.096394710974411,1.2654371344481374,-0.13358421281626653
2019-08-02,3747.44,0.0,0.0,12.587356314754805,44000.0,47170.36254816475,3170.362548164747,0.07205369427647157,1.0802434081756782,1.2654371344481374,-0.1463476305784428
2019-08-05,3675.69,0.0,0.0,12.587356314754805,44000.0,46267.21973258109,2267.219732581092,0.05152772119502491,1.0595606315237225,1.2654371344481374,-0.16269200367207381
2019-08-06,3636.33,0.0,0.0,12.587356314754805,44000.0,45771.78138803234,1771.7813880323374,0.040267758818916866,1.0482146511889352,1.2654371344481374,-0.1716580597691515
2019-08-07,3621.43,0.0,0.0,12.587356314754805,44000.0,45584.22977894249,1584.229778942492,0.03600522224869307,1.0439195519260205,1.2654371344481374,-0.1750522222652504
2019-08-08,3669.29,0.0,0.0,12.587356314754805,44000.0,46186.66065216666,2186.6606521666617,0.04969683300378769,1.0577157566725375,1.2654371344481374,-0.16414989897241172
2019-08-09,3633.53,0.0,0.0,12.587356314754805,44000.0,45736.53679035103,1736.5367903510269,0.03946674523525062,1.047407518441542,1.2654371344481374,-0.17229588896304926
2019-08-12,3699.1,0.0,0.0,12.587356314754805,44000.0,46561.8897439095,2561.8897439095017,0.05822476690703415,1.0663088378153223,1.2654371344481374,-0.15735929601880683
2019-08-13,3665.75,0.0,0.0,12.587356314754805,44000.0,46142.10141081243,2142.101410812429,0.048684122973009725,1.056695310270476,1.2654371344481374,-0.16495629731041106
2019-08-14,3682.4,0.0,0.0,12.587356314754805,44000.0,46351.68089345309,2351.6808934530927,0.053447293033024756,1.0614948675005116,1.2654371344481374,-0.16116349156812593
2019-08-15,3694.0,0.0,0.0,12.587356314754805,44000.0,46497.69422670425,2497.694226704247,0.05676577787964199,1.0648387031682842,1.2654371344481374,-0.15852105633626368
2019-08-16,3710.54,0.0,0.0,12.587356314754805,44000.0,46705.88910015029,2705.8891001502925,0.061497479548870304,1.0696065516118152,1.2654371344481374,-0.1547533081694531
2019-08-19,3791.09,0.0,0.0,12.587356314754805,44000.0,47719.8006513038,3719.800651303798,0.08454092389326817,1.0928260311841502,1.2654371344481374,-0.13640432903785749
2019-08-20,3787.73,0.0,0.0,12.587356314754805,44000.0,47677.50713408622,3677.5071340862196,0.08357970759286859,1.091857471887278,1.2654371344481374,-0.13716972407053496
2019-08-21,3781.76,0.0,0.0,12.587356314754805,44000.0,47602.360616887134,3602.360616887134,0.08187183220198024,1.0901365495651572,1.2654371344481374,-0.13852966703038128
2019-08-22,3793.51,0.0,0.0,12.587356314754805,44000.0,47750.2620535855,3750.262053585502,0.08523322849057968,1.0935236244872546,1.2654371344481374,-0.13585306237741712
2019-08-23,3820.86,0.0,0.0,12.587356314754805,44000.0,48094.52624879405,4094.526248794049,0.09305741474531937,1.101407581859115,1.2654371344481374,-0.12962283792987983
2019-08-26,3765.91,0.0,0.0,12.587356314754805,44000.0,47402.851019298265,3402.851019298265,0.07733752316586973,1.0855676016915194,1.2654371344481374,-0.14214023586012425
2019-08-27,3816.95,0.0,0.0,12.587356314754805,44000.0,48045.30968560335,4045.3096856033517,0.09193885649098532,1.1002804786297191,1.2654371344481374,-0.13051352083993006
2019-08-28,3802.58,0.0,0.0,12.587356314754805,44000.0,47864.42937536033,3864.429375360327,0.08782794034909824,1.0961381580654181,1.2654371344481374,-0.13378695138146968
2019-08-29,3790.19,0.0,0.0,12.587356314754805,44000.0,47708.47203062051,3708.4720306205127,0.08428345524137537,1.0925665956582022,1.2654371344481374,-0.13660934556446758
2019-08-30,3799.59,0.0,0.0,12.587356314754805,44000.0,47826.79317997921,3826.793179979213,0.08697257227225474,1.0952762555958802,1.2654371344481374,-0.13446806184209625
2019-09-02,3848.32,1000.0,0.25985365042408115,12.847209965178886,45000.0,49440.175053197214,4440.175053197214,0.09867055673771596,1.1093232480174802,1.2654371344481374,-0.12336755590686788
2019-09-03,3853.61,0.0,0.0,12.847209965178886,45000.0,49508.13679391301,4508.136793913007,0.10018081764251119,1.1108481523866627,1.2654371344481374,-0.12216251432268244
2019-09-04,3886.0,0.0,0.0,12.847209965178886,45000.0,49924.25792468515,4924.257924685153,0.1094279538818923,1.1201849487038313,1.2654371344481374,-0.11478419732612888
2019-09-05,3925.32,0.0,0.0,12.847209965178886,45000.0,50429.41022051599,5429.410220515987,0.12065356045591091,1.1315193985707985,1.2654371344481374,-0.10582725307467844
2019-09-06,3948.51,0.0,0.0,12.847209965178886,45000.0,50727.33701960849,5727.337019608487,0.12727415599129976,1.1382041872893889,1.2654371344481374,-0.10054466057236056
2019-09-09,3972.95,0.0,0.0,12.847209965178886,45000.0,51041.32283115745,6041.322831157449,0.13425161847016565,1.145249303127351,1.2654371344481374,-0.09497732289419569
2019-09-10,3959.26,0.0,0.0,12.847209965178886,45000.0,50865.44452673416,5865.444526734158,0.13034321170520347,1.1413030005159885,1.2654371344481374,-0.09809585206007432
2019-09-11,3930.1,0.0,0.0,12.847209965178886,45000.0,50490.81988414954,5490.81988414954,0.12201821964776749,1.1328972894752771,1.2654371344481374,-0.10473838752223874
2019-09-12,3972.38,0.0,0.0,12.847209965178886,45000.0,51033.999921477305,6033.999921477305,0.13408888714394007,1.1450849939609176,1.2654371344481374,-0.0951071666943818
2019-09-16,3957.72,0.0,0.0,12.847209965178886,45000.0,50845.659823387774,5845.659823387774,0.12990355163083933,1.1408590775049219,1.2654371344481374,-0.09844665811671838
2019-09-17,3891.22,0.0,0.0,12.847209965178886,45000.0,49991.32036070338,4991.320360703379,0.11091823023785286,1.1216896747543288,1.2654371344481374,-0.11359510147179108
2019-09-18,3910.08,0.0,0.0,12.847209965178886,45000.0,50233.618740646656,5233.618740646656,0.11630263868103685,1.1271262903314143,1.2654371344481374,-0.10929886625860796
2019-09-19,3924.38,0.0,0.0,12.847209965178886,45000.0,50417.333843148714,5417.333843148714,0.12038519651441582,1.1312484325770307,1.2654371344481374,-0.10604138144691555
2019-09-20,3935.65,0.0,0.0,12.847209965178886,45000.0,50562.12189945628,5562.1218994562805,0.12360270887680613,1.1344971418852892,1.2654371344481374,-0.10347411894147696
2019-09-23,3890.66,0.0,0.0,12.847209965178886,45000.0,49984.12592312288,4984.125923122883,0.11075835384717525,1.12152824820485,1.2654371344481374,-0.11372266731057057
2019-09-24,3901.08,0.0,0.0,12.847209965178886,45000.0,50117.99385096005,5117.993850960047,0.11373319668800108,1.1245319350719356,1.2654371344481374,-0.11134903152470799
2019-09-25,3870.98,0.0,0.0,12.847209965178886,45000.0,49731.29283100816,4731.2928310081625,0.10513984068907023,1.1158552580374568,1.2654371344481374,-0.11820569535910919
2019-09-26,3841.14,0.0,0.0,12.847209965178886,45000.0,49347.932085647226,4347.932085647226,0.0966207130143828,1.107253529043807,1.2654371344481374,-0.12500313219693437
2019-09-27,3852.65,0.0,0.0,12.847209965178886,45000.0,49495.80347234644,4495.803472346437,0.09990674382992082,1.110571421158985,1.2654371344481374,-0.122381198617733
2019-09-30,3814.53,0.0,0.0,12.847209965178886,45000.0,49006.06782847382,4006.067828473817,0.08902372952164028,1.099582885326615,1.2654371344481374,-0.1310647875003702
2019-10-08,3837.68,1000.0,0.26057409685018035,13.107784062029065,46000.0,50303.4807391677,4303.480739167702,0.09355392911234128,1.1062561435773852,1.2654371344481374,-0.12579130684367956
2019-10-09,3843.24,0.0,0.0,13.107784062029065,46000.0,50376.36001855258,4376.360018552579,0.09513826127288216,1.1078588786043522,1.2654371344481374,-0.12452476030151105
2019-10-10,3874.64,0.0,0.0,13.107784062029065,46000.0,50787.9444381003,4787.944438100298,0.10408574865435427,1.116910295842978,1.2654371344481374,-0.11737196148422868
2019-10-11,3911.73,0.0,0.0,13.107784062029065,46000.0,51274.11214896096,5274.112148960958,0.11465461193393378,1.1276019221289855,1.2654371344481374,-0.10892300262648957
2019-10-14,3953.24,0.0,0.0,13.107784062029065,46000.0,51818.21626537578,5818.216265375777,0.1264829622907777,1.1395676651090925,1.2654371344481374,-0.09946718482695482
2019-10-15,3936.25,0.0,0.0,13.107784062029065,46000.0,51595.51501416191,5595.515014161909,0.12164163074265022,1.1346700989025877,1.2654371344481374,-0.10333744125707023
2019-10-16,3922.69,0.0,0.0,13.107784062029065,46000.0,51417.77346228079,5417.773462280791,0.11777768396262589,1.1307612703116396,1.2654371344481374,-0.10642635692466107
2019-10-17,3925.22,0.0,0.0,13.107784062029065,46000.0,51450.93615595772,5450.936155957723,0.1184986120860374,1.1314905724012487,1.2654371344481374,-0.10585003268874627
2019-10-18,3869.38,0.0,0.0,13.107784062029065,46000.0,50718.997493934025,4718.9974939340245,0.10258690204204401,1.1153940393246604,1.2654371344481374,-0.11857016918419383
2019-10-21,3880.84,0.0,0.0,13.107784062029065,46000.0,50869.21269928488,4869.212699284879,0.10585244998445398,1.1186975183550634,1.2654371344481374,-0.11595962541202642
2019-10-22,3895.88,0.0,0.0,13.107784062029065,46000.0,51066.35377157779,5066.353771577793,0.11013812546908253,1.123032974255348,1.2654371344481374,-0.11253357145623244
2019-10-23,3871.08,0.0,0.0,13.107784062029065,46000.0,50741.280726839475,4741.280726839475,0.10307132014868414,1.1158840842070064,1.2654371344481374,-0.11818291574504158
2019-10-24,3870.67,0.0,0.0,13.107784062029065,46000.0,50735.906535374044,4735.906535374044,0.10295448989943567,1.1157658969118525,1.2654371344481374,-0.11827631216271939
2019-10-25,3896.79,0.0,0.0,13.107784062029065,46000.0,51078.28185507424,5078.281855074238,0.11039743163204863,1.1232952923982507,1.2654371344481374,-0.11232627696821573
2019-10-28,3926.59,0.0,0.0,13.107784062029065,46000.0,51468.89382012271,5468.8938201227065,0.118888996089624,1.1318854909240805,1.2654371344481374,-0.10553795197601767
2019-10-29,3910.23,0.0,0.0,13.107784062029065,46000.0,51254.45047286791,5254.450472867909,0.11422718419278066,1.1271695295857391,1.2654371344481374,-0.10926469683750617
2019-10-30,3891.23,0.0,0.0,13.107784062029065,46000.0,51005.40257568936,5005.402575689361,0.10881309947150775,1.121692557371284,1.2654371344481374,-0.11359282351038413
2019-10-31,3886.75,0.0,0.0,13.107784062029065,46000.0,50946.67970309147,4946.679703091468,0.10753651528459707,1.1204011449754545,1.2654371344481374,-0.11461335022062058
2019-11-01,3952.39,1000.0,0.25301146900989024,13.360795531038955,47000.0,52807.07464892305,5807.074648923051,0.12355477976432017,1.1393226426679195,1.2654371344481374,-0.09966081154653095
2019-11-04,3978.12,0.0,0.0,13.360795531038955,47000.0,53150.847917936684,6150.847917936684,0.13086910463695078,1.1467396160930738,1.2654371344481374,-0.09379961684689153
2019-11-05,4002.81,0.0,0.0,13.360795531038955,47000.0,53480.725959598036,6480.725959598036,0.13788778637442634,1.1538567973549105,1.2654371344481374,-0.08817533013355705
2019-11-06,3984.88,0.0,0.0,13.360795531038955,47000.0,53241.166895726514,6241.166895726514,0.1327907850154577,1.148688265154638,1.2654371344481374,-0.09225971493590956
2019-11-07,3991.88,0.0,0.0,13.360795531038955,47000.0,53334.69246444378,6334.692464443782,0.13478069073284638,1.1507060970231215,1.2654371344481374,-0.09066514195116504
2019-11-08,3973.01,0.0,0.0,13.360795531038955,47000.0,53082.574252773076,6082.574252773076,0.12941647346325702,1.145266598829081,1.2654371344481374,-0.09496365512575478
2019-11-11,3902.98,0.0,0.0,13.360795531038955,47000.0,52146.91774173442,5146.917741734418,0.10950888812200898,1.1250796322933811,1.2654371344481374,-0.1109162188574202
2019-11-12,3903.69,0.0,0.0,13.360795531038955,47000.0,52156.403906561456,5156.403906561456,0.1097107214162012,1.1252842980971844,1.2654371344481374,-0.11075448359753903
2019-11-13,3899.98,0.0,0.0,13.360795531038955,47000.0,52106.8353551413,5106.835355141302,0.10865607138598521,1.1242148472068882,1.2654371344481374,-0.1115996072794535
2019-11-14,3905.86,0.0,0.0,13.360795531038955,47000.0,52185.396832863815,5185.396832863815,0.11032759218859178,1.1259098259764144,1.2654371344481374,-0.11026016597226818
2019-11-15,3877.09,0.0,0.0,13.360795531038955,47000.0,51801.00674543582,4801.006745435821,0.10214907969012388,1.1176165369969473,1.2654371344481374,-0.11681386093956803
2019-11-18,3907.93,0.0,0.0,13.360795531038955,47000.0,52213.05367961306,5213.053679613062,0.11091603573644804,1.1265065276860944,1.2654371344481374,-0.10978862796106525
2019-11-19,3947.04,0.0,0.0,13.360795531038955,47000.0,52735.594392832,5735.5943928319975,0.12203392325174467,1.1377804425970073,1.2654371344481374,-0.10087952089915697
2019-11-20,3907.86,0.0,0.0,13.360795531038955,47000.0,52212.11842392589,5212.118423925887,0.11089613667927423,1.1264863493674098,1.2654371344481374,-0.10980457369091245
2019-11-21,3889.6,0.0,0.0,13.360795531038955,47000.0,51968.150297529115,4968.150297529115,0.10570532547934297,1.1212226908076228,1.2654371344481374,-0.11396413121968885
2019-11-22,3849.99,0.0,0.0,13.360795531038955,47000.0,51438.929186544665,4438.929186544665,0.09444530184137578,1.1098046450489611,1.2654371344481374,-0.12298713635193603
2019-11-25,3878.21,0.0,0.0,13.360795531038955,47000.0,51815.970836430584,4815.970836430584,0.10246746460490597,1.1179393900959047,1.2654371344481374,-0.11655872926200883
2019-11-26,3891.65,0.0,0.0,13.360795531038955,47000.0,51995.53992836775,4995.539928367747,0.10628808358229258,1.121813627283393,1.2654371344481374,-0.11349714913129949
2019-11-27,3875.62,0.0,0.0,13.360795531038955,47000.0,51781.36637600519,4781.366376005193,0.10173119948947229,1.1171927923045657,1.2654371344481374,-0.11714872126636444
2019-11-28,3862.3,0.0,0.0,13.360795531038955,47000.0,51603.40057953176,4603.400579531757,0.09794469318152665,1.1133531465205373,1.2654371344481374,-0.12018296586019239
2019-11-29,3828.67,0.0,0.0,13.360795531038955,47000.0,51154.07702582292,4154.077025822917,0.08838461757070037,1.1036589057009516,1.2654371344481374,-0.1278437500711863
2019-12-02,3836.06,1000.0,0.26068413945558727,13.621479670494542,48000.0,52252.813304797295,4252.813304797295,0.08860027718327701,1.105789159630679,1.2654371344481374,-0.12616033659157755
2019-12-03,3851.09,0.0,0.0,13.621479670494542,48000.0,52457.54414424483,4457.544144244828,0.09286550300510066,1.1101217329140087,1.2654371344481374,-0.12273656059719029
2019-12-04,3849.82,0.0,0.0,13.621479670494542,48000.0,52440.2448650633,4440.244865063301,0.0925051013554854,1.1097556405607267,1.2654371344481374,-0.12302586169585106
2019-12-05,3879.36,0.0,0.0,13.621479670494542,48000.0,52842.62337452971,4842.623374529707,0.10088798696936885,1.1182708910457269,1.2654371344481374,-0.11629676370022946
2019-12-06,3902.39,0.0,0.0,13.621479670494542,48000.0,53156.326051341195,5156.326051341195,0.10742345940294151,1.1249095578930375,1.2654371344481374,-0.11105061858042009
2019-12-09,3895.45,0.0,0.0,13.621479670494542,48000.0,53061.79298242796,5061.792982427964,0.10545402046724917,1.1229090217262838,1.2654371344481374,-0.11263152379672403
2019-12-10,3900.38,0.0,0.0,13.621479670494542,48000.0,53128.9468772035,5128.946877203503,0.10685305994173966,1.1243301518850872,1.2654371344481374,-0.11150848882318254
2019-12-11,3902.75,0.0,0.0,13.621479670494542,48000.0,53161.22978402257,5161.229784022573,0.10752562050047021,1.1250133321034168,1.2654371344481374,-0.11096861196977603
2019-12-12,3891.02,0.0,0.0,13.621479670494542,48000.0,53001.449827487675,5001.449827487675,0.10419687140599332,1.1216320224152294,1.2654371344481374,-0.11364066069992651
2019-12-13,3968.22,0.0,0.0,13.621479670494542,48000.0,54053.02805804985,6053.028058049851,0.1261047512093718,1.1438858253076472,1.2654371344481374,-0.09605479863960154
2019-12-16,3987.55,0.0,0.0,13.621479670494542,48000.0,54316.331260080515,6316.331260080515,0.13159023458501062,1.1494579238816167,1.2654371344481374,-0.09165149924029992
2019-12-17,4041.8,0.0,0.0,13.621479670494542,48000.0,55055.29653220485,7055.296532204848,0.14698534442093436,1.1650961208623636,1.2654371344481374,-0.07929355860853016
2019-12-18,4032.78,0.0,0.0,13.621479670494542,48000.0,54932.43078557698,6932.43078557698,0.14442564136618707,1.162496000368975,1.2654371344481374,-0.08134827979744363
2019-12-19,4027.15,0.0,0.0,13.621479670494542,48000.0,54855.741855032094,6855.7418550320945,0.1428279553131686,1.1608730870233233,1.2654371344481374,-0.08263077206945957
2019-12-20,4017.25,0.0,0.0,13.621479670494542,48000.0,54720.8892062942,6720.889206294203,0.14001852513112922,1.1580192962378966,1.2654371344481374,-0.08488595386216968
2019-12-23,3967.1,0.0,0.0,13.621479670494542,48000.0,54037.7720008189,6037.772000818899,0.1257869166837271,1.14356297220869,1.2654371344481374,-0.09630993031716062
2019-12-24,3992.96,0.0,0.0,13.621479670494542,48000.0,54390.02346509789,6390.023465097889,0.13312548885620612,1.1510174196542589,1.2654371344481374,-0.09041912211923309
2019-12-25,3990.87,0.0,0.0,13.621479670494542,48000.0,54361.55457258655,6361.554572586552,0.13253238692888658,1.1504149527106688,1.2654371344481374,-0.09089521605324968
2019-12-26,4025.99,0.0,0.0,13.621479670494542,48000.0,54839.94093861432,6839.940938614323,0.14249876955446505,1.160538703456546,1.2654371344481374,-0.0828950155926459
2019-12-27,4022.03,0.0,0.0,13.621479670494542,48000.0,54785.99987911917,6785.999879119168,0.1413749974816494,1.1593971871423754,1.2654371344481374,-0.08379708830972987
2019-12-30,4081.63,0.0,0.0,13.621479670494542,48000.0,55597.84006748064,7597.84006748064,0.15828833473917991,1.1765775841940347,1.2654371344481374,-0.07022043832533398
2019-12-31,4096.58,0.0,0.0,13.621479670494542,48000.0,55801.481188554535,7801.481188554535,0.1625308580948861,1.1808870965417244,1.2654371344481374,-0.06681488602220109
2020-01-02,4152.24,1000.0,0.2408338631678323,13.862313533662375,49000.0,57559.652747014254,8559.652747014254,0.17468679075539284,1.196931742513123,1.2654371344481374,-0.05413575283207572
2020-01-03,4144.96,0.0,0.0,13.862313533662375,49000.0,57458.7351044892,8458.735104489198,0.17262724703039178,1.1948331973699002,1.2654371344481374,-0.055794108736209824
2020-01-06,4129.3,0.0,0.0,13.862313533662375,49000.0,57241.651274552045,8241.651274552045,0.16819696478677648,1.1903190192184072,1.2654371344481374,-0.05936139629922399
2020-01-07,4160.23,0.0,0.0,13.862313533662375,49000.0,57670.41263214822,8670.412632148218,0.17694719657445335,1.1992349534601492,1.2654371344481374,-0.05231566166806012
2020-01-08,4112.32,0.0,0.0,13.862313533662375,49000.0,57006.269190750456,8006.269190750456,0.16339324879082562,1.1854243356288572,1.2654371344481374,-0.06322937476793278
2020-01-09,4164.37,0.0,0.0,13.862313533662375,49000.0,57727.80261017758,8727.802610177583,0.17811842061586902,1.2004283568795093,1.2654371344481374,-0.05137258564565417
2020-01-10,4163.19,0.0,0.0,13.862313533662375,49000.0,57711.44508020786,8711.445080207857,0.17778459347362974,1.2000882080788222,1.2654371344481374,-0.051641385091653835
2020-01-13,4203.99,0.0,0.0,13.862313533662375,49000.0,58277.02747238128,9277.027472381284,0.18932709127308733,1.211849285255126,1.2654371344481374,-0.042347302552000254
2020-01-14,4189.89,0.0,0.0,13.862313533662375,49000.0,58081.56885155665,9081.56885155665,0.18533813982768677,1.2077847953486094,1.2654371344481374,-0.045559228135556906
2020-01-15,4166.73,0.0,0.0,13.862313533662375,49000.0,57760.51767011702,8760.51767011702,0.17878607490034737,1.2011086544808838,1.2654371344481374,-0.05083498675365461
2020-01-16,4149.04,0.0,0.0,13.862313533662375,49000.0,57515.29334370654,8515.293343706537,0.1737814968103375,1.1960093050875307,1.2654371344481374,-0.054864700482244455
2020-01-17,4154.85,0.0,0.0,13.862313533662375,49000.0,57595.83338533712,8595.833385337122,0.1754251711293291,1.197684105538372,1.2654371344481374,-0.053541204904906436
2020-01-20,4185.83,0.0,0.0,13.862313533662375,49000.0,58025.287858609976,9025.287858609976,0.1841895481348974,1.2066144528648888,1.2654371344481374,-0.04648408046670882
2020-01-21,4114.31,0.0,0.0,13.862313533662375,49000.0,57033.85519468245,8033.855194682452,0.16395622846290725,1.1859979764028976,1.2654371344481374,-0.0627760604479839
2020-01-22,4131.93,0.0,0.0,13.862313533662375,49000.0,57278.109159145584,8278.109159145584,0.1689410032478691,1.191077147477566,1.2654371344481374,-0.05876229244924125
2020-01-23,4003.9,0.0,0.0,13.862313533662375,49000.0,55503.317157430785,6503.317157430785,0.13272075831491392,1.154171002603003,1.2654371344481374,-0.08792703234021826
2020-02-03,3688.36,1000.0,0.27112320923120303,14.133436742893577,50000.0,52129.202745018956,2129.202745018956,0.04258405490037909,1.0632129072056775,1.2654371344481374,-0.15980582656968634
2020-02-04,3785.64,0.0,0.0,14.133436742893577,50000.0,53504.10347136764,3504.1034713676418,0.07008206942735273,1.091255004943688,1.2654371344481374,-0.13764581800455145
2020-02-05,3828.53,0.0,0.0,14.133436742893577,50000.0,54110.28657327035,4110.28657327035,0.082205731465407,1.103618549063582,1.2654371344481374,-0.12787564153088116
2020-02-06,3899.78,0.0,0.0,14.133436742893577,50000.0,55117.29394120152,5117.2939412015185,0.10234587882403035,1.1241571948677889,1.2654371344481374,-0.11164516650758893
2020-02-07,3899.87,0.0,0.0,14.133436742893577,50000.0,55118.565950508375,5118.565950508375,0.1023713190101676,1.1241831384203835,1.2654371344481374,-0.11162466485492806
2020-02-10,3916.01,0.0,0.0,14.133436742893577,50000.0,55346.67961953868,5346.679619538678,0.10693359239077349,1.1288356821857155,1.2654371344481374,-0.10794803514438855
2020-02-11,3952.46,0.0,0.0,14.133436742893577,50000.0,55861.84338881715,5861.843388817149,0.1172368677763429,1.1393428209866043,1.2654371344481374,-0.09964486581668353
2020-02-12,3984.43,0.0,0.0,14.133436742893577,50000.0,56313.68936148746,6313.689361487457,0.12627378722974925,1.148558547391664,1.2654371344481374,-0.09236222319921461
2020-02-13,3959.92,0.0,0.0,14.133436742893577,50000.0,55967.27882691914,5967.278826919137,0.11934557653838285,1.1414932532350168,1.2654371344481374,-0.09794550660722712
2020-02-14,3987.73,0.0,0.0,14.133436742893577,50000.0,56360.32970273901,6360.329702739007,0.1272065940547802,1.1495098109868063,1.2654371344481374,-0.09161049593497794
2020-02-17,4077.42,0.0,0.0,14.133436742893577,50000.0,57627.957644209135,7627.957644209135,0.15255915288418276,1.1753640024559897,1.2654371344481374,-0.07117946007758735
2020-02-18,4057.51,0.0,0.0,14.133436742893577,50000.0,57346.56091865812,7346.5609186581205,0.14693121837316236,1.1696247120986316,1.2654371344481374,-0.07571488123848213
2020-02-19,4051.31,0.0,0.0,14.133436742893577,50000.0,57258.93361085218,7258.933610852182,0.14517867221704361,1.1678374895865462,1.2654371344481374,-0.07712721731068439
2020-02-20,4144.66,0.0,0.0,14.133436742893577,50000.0,58578.28993080129,8578.289930801293,0.17156579861602594,1.1947467188612508,1.2654371344481374,-0.0558624475784133
2020-02-21,4149.49,0.0,0.0,14.133436742893577,50000.0,58646.55443026947,8646.554430269469,0.17293108860538942,1.1961390228505044,1.2654371344481374,-0.05476219221893963
2020-02-24,4132.84,0.0,0.0,14.133436742893577,50000.0,58411.2327085003,8411.232708500298,0.16822465417000587,1.1913394656204688,1.2654371344481374,-0.05855499796122465
2020-02-25,4123.85,0.0,0.0,14.133436742893577,50000.0,58284.173112181685,8284.173112181685,0.16568346224363362,1.1887479929779452,1.2654371344481374,-0.06060288526591773
2020-02-26,4073.02,0.0,0.0,14.133436742893577,50000.0,57565.7705225404,7565.770522540399,0.15131541045080787,1.1740956509958,1.2654371344481374,-0.07218176309656965
2020-02-27,4084.88,0.0,0.0,14.133436742893577,50000.0,57733.393082311115,7733.393082311115,0.15466786164622226,1.177514434704402,1.2654371344481374,-0.06948010086813117
2020-02-28,3940.05,0.0,0.0,14.133436742893577,50000.0,55686.447438837844,5686.447438837844,0.11372894877675699,1.1357654933454788,1.2654371344481374,-0.10247181592249466
2020-03-02,4069.67,1000.0,0.24572016895718818,14.379156911850766,51000.0,58518.423509451706,7518.423509451706,0.14742006881277847,1.173129974315883,1.2654371344481374,-0.07294488016784018
2020-03-03,4091.36,0.0,0.0,14.379156911850766,51000.0,58830.30742286975,7830.3074228697515,0.15353543966411287,1.1793823704912267,1.2654371344481374,-0.06800398187653911
2020-03-04,4115.05,0.0,0.0,14.379156911850766,51000.0,59170.9496501115,8170.949650111499,0.16021469902179408,1.1862112900575659,1.2654371344481374,-0.06260749130388232
2020-03-05,4206.73,0.0,0.0,14.379156911850766,51000.0,60489.23075578996,9489.230755789962,0.18606334815274428,1.2126391223007893,1.2654371344481374,-0.041723141126543295
2020-03-06,4138.51,0.0,0.0,14.379156911850766,51000.0,59508.284671263515,8508.284671263515,0.16682911120124544,1.1929739094339404,1.2654371344481374,-0.05726339384358159
2020-03-09,3997.13,0.0,0.0,14.379156911850766,51000.0,57475.35946706605,6475.359467066053,0.12696783268756962,1.152219470924484,1.2654371344481374,-0.08946921221260684
2020-03-10,4082.73,0.0,0.0,14.379156911850766,51000.0,58706.215298720475,7706.215298720475,0.15110226075922495,1.176894672059082,1.2654371344481374,-0.06996986257058846
2020-03-11,4028.43,0.0,0.0,14.379156911850766,51000.0,57925.427078406974,6925.427078406974,0.13579268781190135,1.1612420619935602,1.2654371344481374,-0.08233919300939208
2020-03-12,3950.91,0.0,0.0,14.379156911850766,51000.0,56810.75483460031,5810.75483460031,0.11393636930588835,1.138896015358583,1.2654371344481374,-0.09999794983473409
2020-03-13,3895.31,0.0,0.0,14.379156911850766,51000.0,56011.27371030141,5011.273710301408,0.09826026882943939,1.1228686650889141,1.2654371344481374,-0.11266341525641888
2020-03-16,3727.84,0.0,0.0,14.379156911850766,51000.0,53603.19630227376,2603.196302273762,0.05104306475046583,1.0745934789439244,1.2654371344481374,-0.15081243493572738
2020-03-17,3709.68,0.0,0.0,14.379156911850766,51000.0,53342.070812754544,2342.070812754544,0.04592295711283412,1.0693586465536873,1.2654371344481374,-0.15494921285043595
2020-03-18,3636.26,0.0,0.0,14.379156911850766,51000.0,52286.353112286466,1286.353112286466,0.025222610044832727,1.0481944728702506,1.2654371344481374,-0.1716740054989988
2020-03-19,3589.09,0.0,0.0,14.379156911850766,51000.0,51608.08828075447,608.0882807544695,0.011923299622636607,1.0345971686936268,1.2654371344481374,-0.18241914945477
2020-03-20,3653.22,0.0,0.0,14.379156911850766,51000.0,52530.22361351145,1530.2236135114508,0.03000438457865595,1.0530833912258903,1.2654371344481374,-0.1678105829531038
2020-03-23,3530.31,0.0,0.0,14.379156911850766,51000.0,50762.88143747587,-237.1185625241269,-0.004649383578904431,1.0176531462322755,1.2654371344481374,-0.19580900660381007
2020-03-24,3625.11,0.0,0.0,14.379156911850766,51000.0,52126.02551271933,1126.0255127193304,0.02207893162194763,1.0449803549654517,1.2654371344481374,-0.17421393246755623
2020-03-25,3722.52,0.0,0.0,14.379156911850766,51000.0,53526.69918750271,2526.699187502709,0.04954312132358263,1.073059926723877,1.2654371344481374,-0.15202431040413322
2020-03-26,3698.05,0.0,0.0,14.379156911850766,51000.0,53174.841217869725,2174.8412178697254,0.04264394544842598,1.0660061630350497,1.2654371344481374,-0.1575984819665186
2020-03-27,3710.06,0.0,0.0,14.379156911850766,51000.0,53347.53489238105,2347.5348923810525,0.04603009592904028,1.0694681859979764,1.2654371344481374,-0.15486265031697832
2020-03-30,3674.11,0.0,0.0,14.379156911850766,51000.0,52830.60420140002,1830.6042014000195,0.03589420002745136,1.0591051780448362,1.2654371344481374,-0.16305192157434478
2020-03-31,3686.16,0.0,0.0,14.379156911850766,51000.0,53003.87304218781,2003.8730421878136,0.039291628278192325,1.0625787314755828,1.2654371344481374,-0.16030697807917738
2020-04-01,3675.08,1000.0,0.27210292020853966,14.651259832059305,52000.0,53844.551983604506,1844.551983604506,0.03547215353085598,1.0593847918894688,1.2654371344481374,-0.16283095931788738
2020-04-02,3734.53,0.0,0.0,14.651259832059305,52000.0,54715.569380620436,2715.5693806204363,0.052222488088854435,1.0765219496868037,1.2654371344481374,-0.14928847875459295
2020-04-03,3713.22,0.0,0.0,14.651259832059305,52000.0,54403.35103359925,2403.351033599247,0.04621828910767789,1.0703790929557488,1.2654371344481374,-0.1541428145124366
2020-04-07,3798.02,0.0,0.0,14.651259832059305,52000.0,55645.77786735788,3645.7778673578796,0.07011111283380544,1.0948236847339488,1.2654371344481374,-0.1348257017829605
2020-04-08,3780.34,0.0,0.0,14.651259832059305,52000.0,55386.74359352708,3386.743593527077,0.06512968449090528,1.0897272179575506,1.2654371344481374,-0.1388531375501436
2020-04-09,3792.81,0.0,0.0,14.651259832059305,52000.0,55569.44480363285,3569.4448036328467,0.06864316930063175,1.093321841300406,1.2654371344481374,-0.13601251967589179
2020-04-10,3769.18,0.0,0.0,14.651259832059305,52000.0,55223.235533801286,3223.235533801286,0.0619852987269478,1.0865102174357968,1.2654371344481374,-0.14139534248010788
2020-04-13,3753.26,0.0,0.0,14.651259832059305,52000.0,54989.98747727491,2989.98747727491,0.057499759178363696,1.0819210912434745,1.2654371344481374,-0.14502185703969805
2020-04-14,3825.7,0.0,0.0,14.651259832059305,52000.0,56051.32473950928,4051.3247395092767,0.07791009114440928,1.1028027684653234,1.2654371344481374,-0.12852030460899944
2020-04-15,3797.36,0.0,0.0,14.651259832059305,52000.0,55636.108035868725,3636.108035868725,0.06992515453593695,1.0946334320149205,1.2654371344481374,-0.1349760472358077
2020-04-16,3802.38,0.0,0.0,14.651259832059305,52000.0,55709.65736022566,3709.6573602256613,0.07133956461972435,1.0960805057263185,1.2654371344481374,-0.13383251060960533
2020-04-17,3839.49,0.0,0.0,14.651259832059305,52000.0,56253.36561259338,4253.365612593378,0.08179549254987273,1.1067778972462359,1.2654371344481374,-0.12537899582905276
2020-04-20,3853.46,0.0,0.0,14.651259832059305,52000.0,56458.04371244725,4458.043712447252,0.08573160985475492,1.110804913132338,1.2654371344481374,-0.12219668374378401
2020-04-21,3808.05,0.0,0.0,14.651259832059305,52000.0,55792.730003473436,3792.730003473436,0.07293711545141224,1.0977149495397902,1.2654371344481374,-0.13254090649196226
2020-04-22,3839.38,0.0,0.0,14.651259832059305,52000.0,56251.75397401185,4251.753974011852,0.08176449950022802,1.1067461884597312,1.2654371344481374,-0.12540405340452732
2020-04-23,3829.75,0.0,0.0,14.651259832059305,52000.0,56110.66234182912,4110.66234182912,0.07905119888132917,1.103970228332089,1.2654371344481374,-0.12759773023925436
2020-04-24,3796.97,0.0,0.0,14.651259832059305,52000.0,55630.394044534216,3630.394044534216,0.06981527008719657,1.0945210099536762,1.2654371344481374,-0.13506488773067227
2020-04-27,3822.77,0.0,0.0,14.651259832059305,52000.0,56008.396548201345,4008.3965482013446,0.07708454900387207,1.1019581616975154,1.2654371344481374,-0.12918774730118532
2020-04-28,3849.15,0.0,0.0,14.651259832059305,52000.0,56394.89678257107,4394.8967825710715,0.08451724581867448,1.1095625052247433,1.2654371344481374,-0.12317848511010521
2020-04-29,3867.03,0.0,0.0,14.651259832059305,52000.0,56656.861308368294,4656.861308368294,0.08955502516092873,1.114716624340241,1.2654371344481374,-0.11910549011478644
2020-04-30,3912.58,0.0,0.0,14.651259832059305,52000.0,57324.22619371859,5324.22619371859,0.10238896526381902,1.1278469445701584,1.2654371344481374,-0.10872937590691356
2020-05-06,3936.25,1000.0,0.2540489044140997,14.905308736473405,53000.0,58671.02151394344,5671.021513943437,0.10700040592346105,1.1346700989025877,1.2654371344481374,-0.10333744125707023
2020-05-07,3924.89,0.0,0.0,14.905308736473405,53000.0,58501.6972066971,5501.697206697099,0.10380560767353009,1.1313954460417344,1.2654371344481374,-0.10592520541517003
2020-05-08,3963.62,0.0,0.0,14.905308736473405,53000.0,59078.979814060716,6078.979814060716,0.1146977323407683,1.142559821508358,1.2654371344481374,-0.09710266088671926
2020-05-11,3960.18,0.0,0.0,14.905308736473405,53000.0,59027.705552007246,6027.705552007246,0.1137302934340989,1.1415682012758461,1.2654371344481374,-0.097886279610651
2020-05-12,3960.24,0.0,0.0,14.905308736473405,53000.0,59028.599870531434,6028.599870531434,0.11374716736851753,1.141585496977576,1.2654371344481374,-0.0978726118422103
2020-05-13,3968.25,0.0,0.0,14.905308736473405,53000.0,59147.99139351059,6147.991393510587,0.11599983761340726,1.1438944731585121,1.2654371344481374,-0.09604796475538124
2020-05-14,3925.22,0.0,0.0,14.905308736473405,53000.0,58506.615958580136,5506.615958580136,0.10389841431283275,1.1314905724012487,1.2654371344481374,-0.10585003268874627
2020-05-15,3912.82,0.0,0.0,14.905308736473405,53000.0,58321.79013024787,5321.790130247871,0.10041113453297879,1.127916127377078,1.2654371344481374,-0.10867470483315078
2020-05-18,3922.91,0.0,0.0,14.905308736473405,53000.0,58472.18469539888,5472.184695398879,0.10324876783771475,1.130824687884649,1.2654371344481374,-0.10637624177371197
2020-05-19,3956.25,0.0,0.0,14.905308736473405,53000.0,58969.12768867291,5969.12768867291,0.11262505072967754,1.1404353328125405,1.2654371344481374,-0.09878151844351457
2020-05-20,3935.22,0.0,0.0,14.905308736473405,53000.0,58655.669045944866,5655.6690459448655,0.10671073671594078,1.134373189356225,1.2654371344481374,-0.10357207128196855
2020-05-21,3913.79,0.0,0.0,14.905308736473405,53000.0,58336.24827972225,5336.248279722247,0.10068392980608021,1.1281957412217107,1.2654371344481374,-0.10845374257669327
2020-05-22,3824.06,0.0,0.0,14.905308736473405,53000.0,56998.79492679849,3998.7949267984877,0.07544896088299025,1.1023300192847074,1.2654371344481374,-0.12889389027971088
2020-05-25,3829.32,0.0,0.0,14.905308736473405,53000.0,57077.19685075234,4077.1968507523416,0.07692824246702523,1.103846275803025,1.2654371344481374,-0.12769568257974584
2020-05-26,3872.77,0.0,0.0,14.905308736473405,53000.0,57724.83251535211,4724.832515352107,0.08914778330853035,1.1163712464723974,1.2654371344481374,-0.11779794026729606
2020-05-27,3845.61,0.0,0.0,14.905308736473405,53000.0,57320.00433006949,4320.004330069489,0.08150951566168851,1.1085420588226815,1.2654371344481374,-0.12398488344810465
2020-05-28,3856.63,0.0,0.0,14.905308736473405,53000.0,57484.260832345426,4484.260832345426,0.08460869494991363,1.1117187027070656,1.2654371344481374,-0.12147456997783546
2020-05-29,3867.02,0.0,0.0,14.905308736473405,53000.0,57639.12699011739,4639.126990117387,0.08753069792674317,1.114713741723286,1.2654371344481374,-0.11910776807619339
2020-06-01,3971.34,1000.0,0.25180417692768686,15.157112913401091,54000.0,60194.04879750629,6194.048797506293,0.11470460736122767,1.1447852017976,1.2654371344481374,-0.09534407468068684
2020-06-02,3983.57,0.0,0.0,15.157112913401091,54000.0,60379.420288437184,6379.420288437184,0.11813741274883682,1.148310642333536,1.2654371344481374,-0.09255812788019746
2020-06-03,3983.65,0.0,0.0,15.157112913401091,54000.0,60380.63285747026,6380.632857470257,0.11815986773093057,1.1483337032691758,1.2654371344481374,-0.09253990418894331
2020-06-04,3982.19,0.0,0.0,15.157112913401091,54000.0,60358.50347261669,6358.503472616692,0.1177500643077165,1.1479128411937494,1.2654371344481374,-0.09287248655433278
2020-06-05,4001.25,0.0,0.0,15.157112913401091,54000.0,60647.398044746114,6647.3980447461145,0.1230999637915946,1.1534071091099343,1.2654371344481374,-0.08853069211301434
2020-06-08,4021.95,0.0,0.0,15.157112913401091,54000.0,60961.15028205352,6961.150282053517,0.12891019040839846,1.1593741262067354,1.2654371344481374,-0.08381531200098424
2020-06-09,4047.03,0.0,0.0,15.157112913401091,54000.0,61341.29067392162,7341.29067392162,0.13594982729484473,1.1666037295298164,1.2654371344481374,-0.07810218479278519
2020-06-10,4039.71,0.0,0.0,15.157112913401091,54000.0,61230.34060739553,7230.340607395527,0.13389519643325043,1.1644936539187736,1.2654371344481374,-0.07976965254254664
2020-06-11,3995.88,0.0,0.0,15.157112913401091,54000.0,60566.004348401155,6566.004348401155,0.12159267311853994,1.151859143805112,1.2654371344481374,-0.08975395738845393
2020-06-12,4003.08,0.0,0.0,15.157112913401091,54000.0,60675.13556137764,6675.1355613776395,0.1236136215069934,1.153934628012695,1.2654371344481374,-0.08811382517557398
2020-06-15,3954.99,0.0,0.0,15.157112913401091,54000.0,59946.230001372176,5946.230001372176,0.11011537039578112,1.1400721230762134,1.2654371344481374,-0.09906854158076861
2020-06-16,4014.57,0.0,0.0,15.157112913401091,54000.0,60849.29078875262,6849.2907887526235,0.12683871831023374,1.157246754893963,1.2654371344481374,-0.08549644751918617
2020-06-17,4017.59,0.0,0.0,15.157112913401091,54000.0,60895.065269751096,6895.065269751096,0.1276863938842796,1.1581173052143658,1.2654371344481374,-0.08480850317433919
2020-06-18,4044.38,0.0,0.0,15.157112913401091,54000.0,61301.12432470111,7301.124324701108,0.13520600601298338,1.1658398360367477,1.2654371344481374,-0.07870584456558138
2020-06-19,4098.71,0.0,0.0,15.157112913401091,54000.0,62124.61026928619,8124.61026928619,0.15045574572752196,1.1815010939531343,1.2654371344481374,-0.06632968024255748
2020-06-22,4102.05,0.0,0.0,15.157112913401091,54000.0,62175.23502641695,8175.235026416951,0.15139324122994346,1.1824638880160965,1.2654371344481374,-0.06556884113269357
2020-06-23,4121.79,0.0,0.0,15.157112913401091,54000.0,62474.43643532749,8474.436435327487,0.15693400806162017,1.18815417388522,1.2654371344481374,-0.061072145315714144
2020-06-24,4138.99,0.0,0.0,15.157112913401091,54000.0,62735.13877743798,8735.138777437976,0.16176182921181437,1.1931122750477792,1.2654371344481374,-0.05715405169605636
2020-06-29,4109.72,0.0,0.0,15.157112913401091,54000.0,62291.49008246274,8291.49008246274,0.15354611263819895,1.1846748552205635,1.2654371344481374,-0.0638216447336949
2020-06-30,4163.96,0.0,0.0,15.157112913401091,54000.0,63113.61188688561,9113.611886885607,0.16877059049788157,1.2003101695843554,1.2654371344481374,-0.05146598206333197
2020-07-01,4247.78,1000.0,0.23541708845561682,15.392530001856707,55000.0,65384.081091286884,10384.081091286884,0.18880147438703432,1.2244722649009676,1.2654371344481374,-0.032372109551720096
2020-07-02,4335.84,0.0,0.0,15.392530001856707,55000.0,66739.54728325039,11739.547283250387,0.2134463142409162,1.24985658980649,1.2654371344481374,-0.01231238140363422
2020-07-03,4419.6,0.0,0.0,15.392530001856707,55000.0,68028.8255962059,13028.825596205905,0.2368877381128347,1.2740013894213724,1.2740013894213724,0.0
2020-07-06,4670.09,0.0,0.0,15.392530001856707,55000.0,71884.50043637099,16884.50043637099,0.306990917024927,1.3462080615265763,1.3462080615265763,0.0
2020-07-07,4698.13,0.0,0.0,15.392530001856707,55000.0,72316.10697762306,17316.106977623058,0.3148383086840556,1.3542909194683301,1.3542909194683301,0.0
2020-07-08,4774.0,0.0,0.0,15.392530001856707,55000.0,73483.93822886392,18483.938228863917,0.3360716041611622,1.376161334305736,1.376161334305736,0.0
2020-07-09,4840.77,0.0,0.0,15.392530001856707,55000.0,74511.6974570879,19511.697457087896,0.3547581355834162,1.3954085677141137,1.3954085677141137,0.0
2020-07-10,4753.13,0.0,0.0,15.392530001856707,55000.0,73162.69612772517,18162.69612772517,0.3302308386859121,1.3701453127207004,1.3954085677141137,-0.018104557745978522
2020-07-13,4852.96,0.0,0.0,15.392530001856707,55000.0,74699.33239781053,19699.332397810533,0.35816967996019144,1.3989224777822298,1.3989224777822298,0.0
2020-07-14,4806.69,0.0,0.0,15.392530001856707,55000.0,73987.1200346246,18987.120034624604,0.34522036426590197,1.3855846091315538,1.3989224777822298,-0.009534387260558663
2020-07-15,4744.47,0.0,0.0,15.392530001856707,55000.0,73029.3968179091,18029.396817909103,0.32780721487107467,1.3676489664376907,1.3989224777822298,-0.022355428439550296
2020-07-16,4516.25,0.0,0.0,15.392530001856707,55000.0,69516.51362088535,14516.513620885351,0.2639366112888246,1.3018618822912191,1.3989224777822298,-0.0693823975470641
2020-07-17,4544.7,0.0,0.0,15.392530001856707,55000.0,69954.43109943818,14954.431099438181,0.2718987472625123,1.310062927528127,1.3989224777822298,-0.06351999604365177
2020-07-20,4680.3,0.0,0.0,15.392530001856707,55000.0,72041.65816768995,17041.65816768995,0.3098483303216355,1.3491512134376071,1.3989224777822298,-0.03557828624179882
2020-07-21,4691.04,0.0,0.0,15.392530001856707,55000.0,72206.97393990989,17206.97393990989,0.31285407163472523,1.3522471440472519,1.3989224777822298,-0.03336520391678477
2020-07-22,4714.45,0.0,0.0,15.392530001856707,55000.0,72567.31306725336,17567.31306725336,0.3194056921318793,1.3589953503388514,1.3989224777822298,-0.028541343839636135
2020-07-23,4712.44,0.0,0.0,15.392530001856707,55000.0,72536.37408194962,17536.374081949616,0.3188431651263566,1.3584159443309012,1.3989224777822298,-0.02895552405130075
2020-07-24,4505.59,0.0,0.0,15.392530001856707,55000.0,69352.42925106557,14352.429251065565,0.260953259110283,1.2987890126172144,1.3989224777822298,-0.07157899508753418
2020-07-27,4528.45,0.0,0.0,15.392530001856707,55000.0,69704.30248690801,14704.30248690801,0.2673509543074184,1.3053786749762903,1.3989224777822298,-0.0668684679041246
2020-07-28,4568.26,0.0,0.0,15.392530001856707,55000.0,70317.07910628192,15317.079106281919,0.27849234738694406,1.3168543730740516,1.3989224777822298,-0.058665226995483044
2020-07-29,4679.01,0.0,0.0,15.392530001856707,55000.0,72021.80180398756,17021.80180398756,0.3094873055270466,1.3487793558504153,1.3989224777822298,-0.035844103392568605
2020-07-30,4656.15,0.0,0.0,15.392530001856707,55000.0,71669.9285681451,16669.9285681451,0.303089610329911,1.342189693491339,1.3989224777822298,-0.04055463057597841
2020-07-31,4695.05,0.0,0.0,15.392530001856707,55000.0,72268.69798521734,17268.69798521734,0.3139763270039517,1.3534030734461975,1.3989224777822298,-0.03253890409152349
2020-08-03,4771.31,1000.0,0.2095860465993616,15.60211604845607,56000.0,74442.53232315894,18442.532323158943,0.329330934342124,1.3753859103448476,1.3989224777822298,-0.016824783225083184
2020-08-04,4775.8,0.0,0.0,15.60211604845607,56000.0,74512.5858242165,18512.585824216498,0.33058188971815183,1.376680205357632,1.3989224777822298,-0.01589957469255876
2020-08-05,4777.11,0.0,0.0,15.60211604845607,56000.0,74533.02459623996,18533.024596239964,0.3309468677899994,1.3770578281787336,1.3989224777822298,-0.015629636345653064
2020-08-06,4762.76,0.0,0.0,15.60211604845607,56000.0,74309.13423094463,18309.134230944634,0.32694882555258276,1.3729212728483426,1.3989224777822298,-0.01858659457320888
2020-08-07,4707.93,0.0,0.0,15.60211604845607,56000.0,73453.6702080078,17453.670208007796,0.31167268228585354,1.357115884084207,1.3989224777822298,-0.029884853779961085
2020-08-10,4724.87,0.0,0.0,15.60211604845607,56000.0,73717.97005386863,17717.97005386863,0.3163923223905112,1.361999037205937,1.3989224777822298,-0.026394200652797517
2020-08-11,4681.78,0.0,0.0,15.60211604845607,56000.0,73045.67487334066,17045.674873340657,0.3043870513096545,1.3495778407469436,1.3989224777822298,-0.03527331772773734
2020-08-12,4647.64,0.0,0.0,15.60211604845607,56000.0,72513.01863144638,16513.01863144638,0.2948753327043996,1.3397365864626543,1.3989224777822298,-0.04230819953183207
2020-08-13,4635.71,0.0,0.0,15.60211604845607,56000.0,72326.88538698829,16326.885386988288,0.2915515247676479,1.3362976244353673,1.3989224777822298,-0.04476649302693625
2020-08-14,4704.63,0.0,0.0,15.60211604845607,56000.0,73402.18322504788,17402.183225047876,0.310753271875855,1.3561646204890647,1.3989224777822298,-0.0305648511423956
2020-08-17,4815.23,0.0,0.0,15.60211604845607,56000.0,75127.77726000712,19127.77726000712,0.3415674510715556,1.3880463640111036,1.3989224777822298,-0.007774636510500921
2020-08-18,4812.76,0.0,0.0,15.60211604845607,56000.0,75089.24003336744,19089.240033367445,0.34087928631013287,1.3873343576232247,1.3989224777822298,-0.008283604233292663
2020-08-19,4740.68,0.0,0.0,15.60211604845607,56000.0,73964.63950859473,17964.63950859473,0.3207971340820488,1.3665564546117548,1.3989224777822298,-0.02313639510731591
2020-08-20,4679.15,0.0,0.0,15.60211604845607,56000.0,73004.64130813321,17004.641308133214,0.3036543090738073,1.3488197124877848,1.3989224777822298,-0.03581525501961702
2020-08-21,4718.84,0.0,0.0,15.60211604845607,56000.0,73623.88929409644,17623.889294096443,0.3147123088231507,1.3602608191820862,1.3989224777822298,-0.027636741287791367
2020-08-24,4755.85,0.0,0.0,15.60211604845607,56000.0,74201.32360904981,18201.32360904981,0.32502363587588956,1.370929384532454,1.3989224777822298,-0.020010467838185275
2020-08-25,4761.95,0.0,0.0,15.60211604845607,56000.0,74296.49651694538,18296.49651694538,0.32672315208831026,1.3726877808749893,1.3989224777822298,-0.018753503016715745
2020-08-26,4706.13,0.0,0.0,15.60211604845607,56000.0,73425.58639912057,17425.58639912057,0.3111711856985817,1.3565970130323113,1.3989224777822298,-0.030255761432197992
2020-08-27,4731.35,0.0,0.0,15.60211604845607,56000.0,73819.07176586264,17819.071765862638,0.31819771010469,1.3638669729927617,1.3989224777822298,-0.025058933104744274
2020-08-28,4844.27,0.0,0.0,15.60211604845607,56000.0,75580.8627100543,19580.862710054294,0.34965826267954103,1.3964174836483554,1.3989224777822298,-0.0017906597210773922
2020-08-31,4816.22,0.0,0.0,15.60211604845607,56000.0,75143.22335489509,19143.22335489509,0.3418432741945552,1.3883317430896465,1.3989224777822298,-0.007570637301770433
2020-09-01,4842.12,1000.0,0.2065211105879243,15.808637159043995,57000.0,76547.3181605501,19547.3181605501,0.3429354063254404,1.3957977210030352,1.3989224777822298,-0.002233688305693926
2020-09-02,4843.89,0.0,0.0,15.808637159043995,57000.0,76575.29944832162,19575.299448321617,0.3434263061109055,1.3963079442040662,1.3989224777822298,-0.0018689624476607714
2020-09-03,4817.1,0.0,0.0,15.808637159043995,57000.0,76151.78605883084,19151.78605883084,0.335996246646155,1.3885854133816844,1.3989224777822298,-0.0073893046717878885
2020-09-04,4770.22,0.0,0.0,15.808637159043995,57000.0,75410.67714881485,18410.67714881485,0.3229943359441203,1.3750717050967551,1.3989224777822298,-0.017049388414493327
2020-09-07,4669.37,0.0,0.0,15.808637159043995,57000.0,73816.37609132526,16816.376091325263,0.2950241419530748,1.346000513105818,1.3989224777822298,-0.037830519930104556
2020-09-08,4694.39,0.0,0.0,15.808637159043995,57000.0,74211.90819304454,17211.90819304454,0.3019633016323604,1.353212820727169,1.3989224777822298,-0.03267490356401037
2020-09-09,4584.59,0.0,0.0,15.808637159043995,57000.0,72476.11983298151,15476.119832981509,0.2715108742628334,1.321561686561528,1.3989224777822298,-0.055300270350466474
2020-09-10,4581.98,0.0,0.0,15.808637159043995,57000.0,72434.8592899964,15434.859289996399,0.2707870050876562,1.320809323536279,1.3989224777822298,-0.055838086446210244
2020-09-11,4627.28,0.0,0.0,15.808637159043995,57000.0,73150.99055330109,16150.99055330109,0.28335071146142266,1.3338675783423222,1.3989224777822298,-0.04650357719824605
2020-09-14,4651.05,0.0,0.0,15.808637159043995,57000.0,73526.76185857157,16526.761858571568,0.2899431905012555,1.3407195588443013,1.3989224777822298,-0.04160553559064972
2020-09-15,4688.48,0.0,0.0,15.808637159043995,57000.0,74118.47914743458,17118.479147434584,0.3003241955690279,1.3515091941067776,1.3989224777822298,-0.033892717022188656
2020-09-16,4657.36,0.0,0.0,15.808637159043995,57000.0,73626.51435904513,16626.514359045133,0.2916932343692129,1.3425384901428912,1.3989224777822298,-0.04030529820975248
2020-09-17,4632.71,0.0,0.0,15.808637159043995,57000.0,73236.8314530747,16236.831453074701,0.2848566921592053,1.3354328393488744,1.3989224777822298,-0.04538467244733113
2020-09-18,4737.09,0.0,0.0,15.808637159043995,57000.0,74886.93699973571,17886.936999735713,0.31380591227606525,1.3655215951249182,1.3989224777822298,-0.02387614981372188
2020-09-21,4691.43,0.0,0.0,15.808637159043995,57000.0,74165.11462705377,17165.114627053772,0.30114236187813637,1.352359566108496,1.3989224777822298,-0.033284840592133436
2020-09-22,4635.76,0.0,0.0,15.808637159043995,57000.0,73285.0477964098,16285.047796409795,0.2857025929194701,1.3363120375201423,1.3989224777822298,-0.044756190036596255
2020-09-23,4652.33,0.0,0.0,15.808637159043995,57000.0,73546.99691413515,16546.996914135147,0.2902981914760552,1.3410885338145382,1.3989224777822298,-0.041341779037948
2020-09-24,4563.07,0.0,0.0,15.808637159043995,57000.0,72135.91796131888,15135.917961318875,0.2655424203740153,1.3153582948744187,1.3989224777822298,-0.0597346773927665
2020-09-25,4570.02,0.0,0.0,15.808637159043995,57000.0,72245.78798957425,15245.787989574252,0.2674699647293728,1.3173617136581275,1.3989224777822298,-0.058302561735518066
2020-09-28,4581.91,0.0,0.0,15.808637159043995,57000.0,72433.75268539527,15433.752685395273,0.270767590971847,1.3207891452175942,1.3989224777822298,-0.05585251063268615
2020-09-29,4591.8,0.0,0.0,15.808637159043995,57000.0,72590.10010689822,15590.100106898215,0.2735105281911967,1.323640053386066,1.3989224777822298,-0.05381457914345067
2020-09-30,4587.4,0.0,0.0,15.808637159043995,57000.0,72520.54210339842,15520.542103398417,0.272290212340323,1.3223717019258763,1.3989224777822298,-0.05472124229336328
2020-10-09,4681.14,1000.0,0.21362317726024002,16.022260336304235,58000.0,75002.44375068722,17002.44375068722,0.29314558190840034,1.3493933532618252,1.3989224777822298,-0.0354051960040882
2020-10-12,4823.16,0.0,0.0,16.022260336304235,58000.0,77277.92516364914,19277.92516364914,0.3323780200629163,1.3903322792564001,1.3989224777822298,-0.006140582242590065
2020-10-13,4839.2,0.0,0.0,16.022260336304235,58000.0,77534.92221944346,19534.922219443455,0.33680900378350787,1.394955996852182,1.3989224777822298,-0.0028353829415450615
2020-10-14,4807.1,0.0,0.0,16.022260336304235,58000.0,77020.6076626481,19020.607662648094,0.3279415114249671,1.3857027964267081,1.3989224777822298,-0.009449902739771088
2020-10-15,4798.74,0.0,0.0,16.022260336304235,58000.0,76886.66156623658,18886.66156623658,0.3256320959695962,1.3832929286523477,1.3989224777822298,-0.011172562724605206
2020-10-16,4791.68,0.0,0.0,16.022260336304235,58000.0,76773.54440826229,18773.544408262285,0.3236818001424533,1.3812578010821344,1.3989224777822298,-0.012627344960601361
2020-10-19,4755.49,0.0,0.0,16.022260336304235,58000.0,76193.69880669142,18193.69880669142,0.3136844621843349,1.3708256103220746,1.3989224777822298,-0.020084649368632856
2020-10-20,4793.47,0.0,0.0,16.022260336304235,58000.0,76802.22425426426,18802.224254264263,0.3241762802459356,1.3817737895170752,1.3989224777822298,-0.012258497906432297
2020-10-21,4792.83,0.0,0.0,16.022260336304235,58000.0,76791.97000764903,18791.970007649026,0.3239994828905004,1.3815893020319565,1.3989224777822298,-0.01239037618278338
2020-10-22,4777.98,0.0,0.0,16.022260336304235,58000.0,76554.03944165491,18554.03944165491,0.31989723175267093,1.3773086158538166,1.3989224777822298,-0.015450364313738474
2020-10-23,4718.49,0.0,0.0,16.022260336304235,58000.0,75600.87517424817,17600.87517424817,0.30346336507324434,1.360159927588662,1.3989224777822298,-0.02770886222017077
2020-10-26,4691.24,0.0,0.0,16.022260336304235,58000.0,75164.26858008388,17164.26858008388,0.29593566517386005,1.3523047963863513,1.3989224777822298,-0.033323991955425236
2020-10-27,4699.28,0.0,0.0,16.022260336304235,58000.0,75293.08755318777,17293.08755318777,0.29815668195151335,1.3546224204181523,1.3989224777822298,-0.03166727110876666
2020-10-28,4737.27,0.0,0.0,16.022260336304235,58000.0,75901.77322336397,17901.77322336397,0.30865126247179253,1.3655734822301078,1.3989224777822298,-0.023839059048498257
2020-10-29,4772.92,0.0,0.0,16.022260336304235,58000.0,76472.96680435321,18472.966804353215,0.31849942766126227,1.3758500116745986,1.3989224777822298,-0.016493026936137967
2020-10-30,4695.33,0.0,0.0,16.022260336304235,58000.0,75229.79962485937,17229.79962485937,0.29706551077343746,1.3534837867209366,1.3989224777822298,-0.0324812073456201
2020-11-02,4720.83,1000.0,0.21182715751255607,16.23408749381679,59000.0,76638.36726343512,17638.367263435124,0.298955377346358,1.3608344599561264,1.3989224777822298,-0.02722668227226277
2020-11-03,4777.56,0.0,0.0,16.23408749381679,59000.0,77559.32704695936,18559.327046959355,0.3145648652027009,1.3771875459417078,1.3989224777822298,-0.01553690943259367
2020-11-04,4813.66,0.0,0.0,16.23408749381679,59000.0,78145.37760548614,19145.377605486137,0.3244979255167142,1.3875937931491724,1.3989224777822298,-0.00809815040717421
2020-11-05,4885.11,0.0,0.0,16.23408749381679,59000.0,79305.30315691934,20305.30315691934,0.3441576806257516,1.4081900912924787,1.4081900912924787,0.0
2020-11-06,4885.72,0.0,0.0,16.23408749381679,59000.0,79315.20595029058,20315.205950290576,0.34432552458119625,1.4083659309267325,1.4083659309267325,0.0
2020-11-09,4981.35,0.0,0.0,16.23408749381679,59000.0,80867.67173732427,21867.67173732427,0.37063850402244536,1.435932396867172,1.435932396867172,0.0
2020-11-10,4953.88,0.0,0.0,16.23408749381679,59000.0,80421.72135386913,21421.72135386913,0.3630800229469344,1.4280138480918516,1.435932396867172,-0.005514569343651909
2020-11-11,4904.9,0.0,0.0,16.23408749381679,59000.0,79626.57574842196,20626.575748421965,0.3496029787868129,1.4138947902463772,1.435932396867172,-0.015347245224688222
2020-11-12,4908.46,0.0,0.0,16.23408749381679,59000.0,79684.36909989997,20684.369099899966,0.3505825271169485,1.4149210018823488,1.435932396867172,-0.014632579521615785
2020-11-13,4856.85,0.0,0.0,16.23408749381679,59000.0,78846.52784434409,19846.52784434409,0.33638182787023885,1.4000438157777157,1.435932396867172,-0.024993224728236285
2020-11-16,4904.17,0.0,0.0,16.23408749381679,59000.0,79614.72486455149,20614.724864551492,0.3494021163483303,1.4136843592086639,1.435932396867172,-0.015493791843576687
2020-11-17,4894.79,0.0,0.0,16.23408749381679,59000.0,79462.4491238595,20462.449123859493,0.3468211715908389,1.410980464504896,1.435932396867172,-0.01737681552189685
2020-11-18,4891.67,0.0,0.0,16.23408749381679,59000.0,79411.79877087878,20411.798770878784,0.34596269103184385,1.4100810880149435,1.435932396867172,-0.018003151756050162
2020-11-19,4927.99,0.0,0.0,16.23408749381679,59000.0,80001.4208286542,21001.420828654198,0.3559562852314271,1.4205507527954178,1.435932396867172,-0.010711955594367106
2020-11-20,4943.29,0.0,0.0,16.23408749381679,59000.0,80249.8023673096,21249.802367309603,0.3601661418188069,1.4249611567365317,1.435932396867172,-0.0076404990614994395
2020-11-23,5005.03,0.0,0.0,16.23408749381679,59000.0,81252.09492917785,22252.094929177852,0.3771541513419976,1.4427584338165558,1.4427584338165558,0.0
2020-11-24,4974.29,0.0,0.0,16.23408749381679,59000.0,80753.05907961792,21753.059079617917,0.3686959166036936,1.4338972692969585,1.4427584338165558,-0.006141821327744212
2020-11-25,4910.7,0.0,0.0,16.23408749381679,59000.0,79720.73345588612,20720.73345588612,0.35119887213366296,1.4155667080802634,1.4427584338165558,-0.018847039877882832
2020-11-26,4919.59,0.0,0.0,16.23408749381679,59000.0,79865.05449370615,20865.05449370615,0.3536449914187483,1.4181293545532376,1.4427584338165558,-0.01707082674829108
2020-11-27,4980.77,0.0,0.0,16.23408749381679,59000.0,80858.25596657787,21858.255966577868,0.3704789146877605,1.4357652050837832,1.4427584338165558,-0.004847123793463637
2020-11-30,4960.25,0.0,0.0,16.23408749381679,59000.0,80525.13249120474,21525.132491204742,0.3648327540882159,1.4298500750921717,1.4427584338165558,-0.008946999318685256
2020-12-01,5067.1,1000.0,0.1973515423023031,16.431439036119095,60000.0,83259.74473991907,23259.74473991907,0.3876624123319845,1.4606508372560947,1.4606508372560947,0.0
2020-12-02,5067.14,0.0,0.0,16.431439036119095,60000.0,83260.40199748051,23260.401997480512,0.3876733666246752,1.4606623677239146,1.4606623677239146,0.0
2020-12-03,5057.06,0.0,0.0,16.431439036119095,60000.0,83094.77309199644,23094.773091996438,0.38491288486660724,1.4577566898332983,1.4606623677239146,-0.0019892878428462435
2020-12-04,5065.92,0.0,0.0,16.431439036119095,60000.0,83240.35564185644,23240.35564185644,0.3873392606976074,1.4603106884554073,1.4606623677239146,-0.0002407669809795232
2020-12-07,5022.23,0.0,0.0,16.431439036119095,60000.0,82522.46607036839,22522.46607036839,0.37537443450613983,1.4477165349791152,1.4606623677239146,-0.008862987799824196
2020-12-08,5009.88,0.0,0.0,16.431439036119095,60000.0,82319.53779827233,22319.53779827233,0.37199229663787214,1.4441565030397197,1.4606623677239146,-0.01130026010727947
2020-12-09,4942.7,0.0,0.0,16.431439036119095,60000.0,81215.67372382585,21215.67372382585,0.35359456206376416,1.424791082336188,1.4606623677239146,-0.02455823205989982
2020-12-10,4940.52,0.0,0.0,16.431439036119095,60000.0,81179.85318672712,21179.853186727123,0.3529975531121188,1.4241626718400033,1.4606623677239146,-0.02498845502591207
2020-12-11,4889.63,0.0,0.0,16.431439036119095,60000.0,80343.65725417901,20343.65725417901,0.33906095423631677,1.4094930341561283,1.4606623677239146,-0.03503159573250403
2020-12-14,4934.84,0.0,0.0,16.431439036119095,60000.0,81086.52261300196,21086.52261300196,0.3514420435500327,1.4225253454095765,1.4606623677239146,-0.026109402937357307
2020-12-15,4945.1,0.0,0.0,16.431439036119095,60000.0,81255.10917751254,21255.10917751254,0.3542518196252089,1.4254829104053826,1.4606623677239146,-0.02408459209731717
2020-12-16,4953.87,0.0,0.0,16.431439036119095,60000.0,81399.2128978593,21399.212897859295,0.35665354829765494,1.4280109654748967,1.4606623677239146,-0.02235383273404734
2020-12-17,5017.48,0.0,0.0,16.431439036119095,60000.0,82444.41673494683,22444.416734946833,0.37407361224911395,1.4463472919255014,1.4606623677239146,-0.009800400225768668
2020-12-18,4999.97,0.0,0.0,16.431439036119095,60000.0,82156.7022374244,22156.702237424397,0.3692783706237399,1.441299829637338,1.4606623677239146,-0.013255998452776141
2020-12-21,5046.84,0.0,0.0,16.431439036119095,60000.0,82926.8437850473,22926.8437850473,0.38211406308412155,1.4548106553053124,1.4606623677239146,-0.004006204683509873
2020-12-22,4964.77,0.0,0.0,16.431439036119095,60000.0,81578.315583353,21578.315583353004,0.3596385930558834,1.4311530179558212,1.4606623677239146,-0.0202027179039852
2020-12-23,5007.12,0.0,0.0,16.431439036119095,60000.0,82274.18702653264,22274.187026532643,0.37123645044221076,1.443360900760146,1.4606623677239146,-0.011844946064249351
2020-12-24,5000.02,0.0,0.0,16.431439036119095,60000.0,82157.5238093762,22157.523809376202,0.3692920634896033,1.4413142427221128,1.4606623677239146,-0.013246130953555757
2020-12-25,5042.01,0.0,0.0,16.431439036119095,60000.0,82847.47993450284,22847.479934502844,0.380791332241714,1.4534183513160588,1.4606623677239146,-0.004959405108207027
2020-12-28,5064.41,0.0,0.0,16.431439036119095,60000.0,83215.5441689119,23215.544168911903,0.38692573614853165,1.4598754132952059,1.4606623677239146,-0.0005387654574375844
2020-12-29,5042.94,0.0,0.0,16.431439036119095,60000.0,82862.76117280642,22862.761172806422,0.38104601954677375,1.4536864346928713,1.4606623677239146,-0.004775869622706597
2020-12-30,5113.71,0.0,0.0,16.431439036119095,60000.0,84025.61411339257,24025.61411339257,0.40042690188987606,1.4740867148832395,1.4740867148832395,0.0
2020-12-31,5211.29,0.0,0.0,16.431439036119095,60000.0,85628.99393453708,25628.99393453708,0.4271498989089513,1.5022152911298994,1.5022152911298994,0.0
2021-01-04,5267.72,1000.0,0.1898354506313927,16.621274486750487,61000.0,87556.22003934528,26556.22003934528,0.4353478694974635,1.5184818986068311,1.5184818986068311,0.0
2021-01-05,5368.5,0.0,0.0,16.621274486750487,61000.0,89231.31208211998,28231.312082119985,0.46280839478885216,1.5475329122790833,1.5475329122790833,0.0
2021-01-06,5417.67,0.0,0.0,16.621274486750487,61000.0,90048.58014863351,29048.58014863351,0.4762062319448117,1.5617067398467024,1.5617067398467024,0.0
2021-01-07,5513.66,0.0,0.0,16.621274486750487,61000.0,91644.05628661669,30644.056286616687,0.502361578469126,1.5893769799975208,1.5893769799975208,0.0
2021-01-08,5495.43,0.0,0.0,16.621274486750487,61000.0,91341.05045272323,30341.050452723226,0.49739426971677414,1.584121969288599,1.5893769799975208,-0.003306333723878341
2021-01-11,5441.16,0.0,0.0,16.621274486750487,61000.0,90439.01388632727,29439.013886327273,0.4826067850217586,1.568478007073942,1.5893769799975208,-0.013149160448776231
2021-01-12,5596.35,0.0,0.0,16.621274486750487,61000.0,93018.46947392609,32018.46947392609,0.5248929421955097,1.6132133395982209,1.6132133395982209,0.0
2021-01-13,5577.97,0.0,0.0,16.621274486750487,61000.0,92712.97044885962,31712.970448859618,0.519884761456715,1.6079150896349743,1.6132133395982209,-0.003284283506213792
2021-01-14,5470.46,0.0,0.0,16.621274486750487,61000.0,90926.01722878907,29926.017228789075,0.4905904463735913,1.5769240747520228,1.6132133395982209,-0.022495019074932898
2021-01-15,5458.08,0.0,0.0,16.621274486750487,61000.0,90720.2458506431,29720.2458506431,0.4872171450925098,1.573355394961762,1.6132133395982209,-0.024707175212415278
2021-01-18,5518.52,0.0,0.0,16.621274486750487,61000.0,91724.8356806223,30724.835680622302,0.5036858308298737,1.5907779318376396,1.6132133395982209,-0.0139072788513942
2021-01-19,5437.52,0.0,0.0,16.621274486750487,61000.0,90378.51244719552,29378.51244719552,0.4816149581507463,1.5674287345023306,1.6132133395982209,-0.028380998329268214
2021-01-20,5476.43,0.0,0.0,16.621274486750487,61000.0,91025.24623747497,30025.246237474974,0.4922171514340159,1.5786449970741439,1.6132133395982209,-0.021428252343045018
2021-01-21,5564.97,0.0,0.0,16.621274486750487,61000.0,92496.89388053186,31496.89388053186,0.5163425226316698,1.604167687593505,1.6132133395982209,-0.0056072261384652045
2021-01-22,5569.78,0.0,0.0,16.621274486750487,61000.0,92576.84221081312,31576.84221081312,0.5176531509969364,1.6055542263488485,1.6132133395982209,-0.004747737364532267
2021-01-25,5625.92,0.0,0.0,16.621274486750487,61000.0,93509.9605604993,32509.960560499298,0.5329501731229394,1.621737237934086,1.621737237934086,0.0
2021-01-26,5512.97,0.0,0.0,16.621274486750487,61000.0,91632.58760722083,30632.587607220834,0.5021735673314891,1.5891780794276276,1.621737237934086,-0.020076716341504985
2021-01-27,5528.0,0.0,0.0,16.621274486750487,61000.0,91882.40536275669,30882.40536275669,0.5062689403730605,1.593510652710957,1.621737237934086,-0.017405153290483977
2021-01-28,5377.14,0.0,0.0,16.621274486750487,61000.0,89374.91989368552,28374.919893685525,0.46516262120795937,1.5500234933281831,1.621737237934086,-0.04422032307604795
2021-01-29,5351.96,0.0,0.0,16.621274486750487,61000.0,88956.39620210913,27956.39620210913,0.4583015770837562,1.5427650638355523,1.621737237934086,-0.04869603549286161
2021-02-01,5417.65,1000.0,0.18458187590560485,16.80585636265609,62000.0,91048.24772314377,29048.247723143766,0.4685201245668349,1.5617009746127923,1.621737237934086,-0.03701972299641665
2021-02-02,5501.09,0.0,0.0,16.80585636265609,62000.0,92450.52837804379,30450.52837804379,0.4911375544845773,1.5857535304851156,1.621737237934086,-0.022188370968659332
2021-02-03,5485.2,0.0,0.0,16.80585636265609,62000.0,92183.48332044118,30183.483320441184,0.4868303761361481,1.581173052143658,1.621737237934086,-0.025012797906831197
2021-02-04,5473.95,0.0,0.0,16.80585636265609,62000.0,91994.4174363613,29994.4174363613,0.48378092639292425,1.5779301080693096,1.621737237934086,-0.02701247084921221
2021-02-05,5483.41,0.0,0.0,16.80585636265609,62000.0,92153.40083755204,30153.400837552035,0.48634517479922645,1.5806570637087172,1.621737237934086,-0.025330968090552353
2021-02-08,5564.56,0.0,0.0,16.80585636265609,62000.0,93517.19608138158,31517.196081381582,0.5083418722803481,1.6040495002983508,1.621737237934086,-0.010906660599510842
2021-02-09,5686.25,0.0,0.0,16.80585636265609,62000.0,95562.3007421532,33562.300742153195,0.5413274313250516,1.6391280660234586,1.6391280660234586,0.0
2021-02-10,5807.72,0.0,0.0,16.80585636265609,62000.0,97603.70811452503,35603.70811452503,0.5742533566858876,1.6741432141755572,1.6741432141755572,0.0
2021-02-18,5768.38,0.0,0.0,16.80585636265609,62000.0,96942.56572521814,34942.56572521814,0.5635897697615828,1.66280299907468,1.6741432141755572,-0.006773742535797211
2021-02-19,5778.84,0.0,0.0,16.80585636265609,62000.0,97118.35498277152,35118.35498277152,0.5664250803672826,1.6658182164095852,1.6741432141755572,-0.004972691520941264
2021-02-22,5597.33,0.0,0.0,16.80585636265609,62000.0,94067.92399438581,32067.923994385812,0.5172245805546098,1.6134958360598084,1.6741432141755572,-0.03622591998236846
2021-02-23,5579.67,0.0,0.0,16.80585636265609,62000.0,93771.13257102131,31771.132571021313,0.512437622113247,1.6084051345173203,1.6741432141755572,-0.039266700185270675
2021-02-24,5437.57,0.0,0.0,16.80585636265609,62000.0,91383.02038188787,29383.020381887865,0.4739196835788366,1.5674431475871053,1.6741432141755572,-0.06373413318823928
2021-02-25,5469.56,0.0,0.0,16.80585636265609,62000.0,91920.63972692925,29920.63972692925,0.48259096333756846,1.576664639226075,1.6741432141755572,-0.0582259475319058
2021-02-26,5336.76,0.0,0.0,16.80585636265609,62000.0,89688.82200196853,27688.822001968525,0.44659390325755677,1.5383834860639882,1.6741432141755572,-0.0810920636669813
2021-03-01,5418.78,1000.0,0.18454338430421607,16.990399746960307,63000.0,92067.23834083357,29067.238340833574,0.4613847355687868,1.5620267103287047,1.6741432141755572,-0.06696948199982111
2021-03-02,5349.63,0.0,0.0,16.990399746960307,63000.0,90892.35219833127,27892.352198331268,0.44273574917986136,1.5420934140850429,1.6741432141755572,-0.07887604774334867
2021-03-03,5452.21,0.0,0.0,16.990399746960307,63000.0,92635.22740437445,29635.227404374455,0.4704004349900708,1.571663298809191,1.6741432141755572,-0.061213350505878394
2021-03-04,5280.71,0.0,0.0,16.990399746960307,63000.0,89721.37384777077,26721.373847770767,0.4241487912344566,1.5222264180313456,1.6741432141755572,-0.09074301102670246
2021-03-05,5262.8,0.0,0.0,16.990399746960307,63000.0,89417.07578830271,26417.07578830271,0.41931866330639234,1.5170636510649829,1.6741432141755572,-0.09382683738196751
2021-03-08,5080.02,0.0,0.0,16.990399746960307,63000.0,86311.5705225533,23311.570522553302,0.3700249289294175,1.464375178361924,1.6741432141755572,-0.1252987402973973
2021-03-09,4971.0,0.0,0.0,16.990399746960307,63000.0,84459.27714213969,21459.27714213969,0.34062344670062994,1.4329488883187713,1.6741432141755572,-0.14407030641973106
2021-03-10,5003.61,0.0,0.0,16.990399746960307,63000.0,85013.33407788805,22013.334077888052,0.3494180012363184,1.4423491022089492,1.6741432141755572,-0.13845536630553834
2021-03-11,5128.22,0.0,0.0,16.990399746960307,63000.0,87130.50779035679,24130.507790356787,0.3830239331802665,1.4782693920849104,1.6741432141755572,-0.11699944212186542
2021-03-12,5146.38,0.0,0.0,16.990399746960307,63000.0,87439.05344976159,24439.053449761588,0.387921483329549,1.4835042244751475,1.6741432141755572,-0.11387256961423764
2021-03-15,5035.54,0.0,0.0,16.990399746960307,63000.0,85555.8375418085,22555.837541808505,0.3580291673302938,1.451553298146189,1.6741432141755572,-0.13295751172577197
2021-03-16,5079.36,0.0,0.0,16.990399746960307,63000.0,86300.3568587203,23300.356858720304,0.3698469342654016,1.4641849256428954,1.6741432141755572,-0.12541238213963501
2021-03-17,5100.86,0.0,0.0,16.990399746960307,63000.0,86665.65045327994,23665.650453279944,0.37564524529015775,1.4703825520960947,1.6741432141755572,-0.12171041303644137
2021-03-18,5141.77,0.0,0.0,16.990399746960307,63000.0,87360.72770692811,24360.72770692811,0.3866782175702874,1.4821753380589036,1.6741432141755572,-0.1146663406638061
2021-03-19,5007.09,0.0,0.0,16.990399746960307,63000.0,85072.46066900749,22072.460669007487,0.3503565185556743,1.443352252909281,1.6741432141755572,-0.13785616386464927
2021-03-22,5057.15,0.0,0.0,16.990399746960307,63000.0,85923.00008034031,22923.00008034031,0.3638571441323859,1.457782633385893,1.6741432141755572,-0.12923660231553868
2021-03-23,5009.25,0.0,0.0,16.990399746960307,63000.0,85109.15993246091,22109.159932460912,0.3509390465469986,1.4439748981715559,1.6741432141755572,-0.13748424510823543
2021-03-24,4928.69,0.0,0.0,16.990399746960307,63000.0,83740.41332884578,20740.41332884578,0.3292129099816792,1.420752535982266,1.6741432141755572,-0.1513554372455974
2021-03-25,4926.35,0.0,0.0,16.990399746960307,63000.0,83700.65579343791,20700.65579343791,0.3285818379910779,1.4200780036148017,1.6741432141755572,-0.15175834923171228
2021-03-26,5037.99,0.0,0.0,16.990399746960307,63000.0,85597.46402118856,22597.464021188556,0.35868990509823107,1.452259539300158,1.6741432141755572,-0.13253565943261747
2021-03-29,5046.88,0.0,0.0,16.990399746960307,63000.0,85748.50867493903,22748.508674939032,0.3610874392847465,1.4548221857731323,1.6741432141755572,-0.13100493825459913
2021-03-30,5094.73,0.0,0.0,16.990399746960307,63000.0,86561.49930283107,23561.49930283107,0.37399205242588995,1.4686155079026941,1.6741432141755572,-0.12276590469237514
2021-03-31,5048.36,0.0,0.0,16.990399746960307,63000.0,85773.65446656453,22773.654466564534,0.36148657883435775,1.4552488130824686,1.6741432141755572,-0.13075010503261197
2021-04-01,5110.78,1000.0,0.19566484959243013,17.186064596552736,64000.0,87834.19521876979,23834.19521876979,0.372409300293278,1.4732421081154314,1.6741432141755572,-0.12000234171068858
2021-04-02,5161.56,0.0,0.0,17.186064596552736,64000.0,88706.90357898275,24706.903578982747,0.3860453684216054,1.4878800370128018,1.6741432141755572,-0.11125880724277337
2021-04-06,5140.34,0.0,0.0,17.186064596552736,64000.0,88342.2152882439,24342.215288243897,0.3803471138788108,1.4817631238343418,1.6741432141755572,-0.11491256465532085
2021-04-07,5103.74,0.0,0.0,17.186064596552736,64000.0,87713.20532401005,23713.20532401005,0.370518833187657,1.471212745779128,1.6741432141755572,-0.1212145213612228
2021-04-08,5112.21,0.0,0.0,17.186064596552736,64000.0,87858.77129114287,23858.771291142868,0.3727933014241074,1.4736543223399932,1.6741432141755572,-0.11975611771917383
2021-04-09,5035.34,0.0,0.0,17.186064596552736,64000.0,86537.67850560586,22537.678505605858,0.35215122665009146,1.4514956458070896,1.6741432141755572,-0.13299194864766206
2021-04-12,4947.75,0.0,0.0,17.186064596552736,64000.0,85032.3511075938,21032.3511075938,0.3286304860561531,1.426246803898451,1.6741432141755572,-0.14807359858946378
2021-04-13,4939.64,0.0,0.0,17.186064596552736,64000.0,84892.97212371576,20892.972123715765,0.32645268943305883,1.4239090015479654,1.6741432141755572,-0.14947001577211017
2021-04-14,4980.63,0.0,0.0,17.186064596552736,64000.0,85597.42891152846,21597.428911528463,0.3374598267426323,1.4357248484464136,1.6741432141755572,-0.14241216863071915
2021-04-15,4948.97,0.0,0.0,17.186064596552736,64000.0,85053.3181064016,21053.318106401595,0.32895809541252485,1.4265984831669583,1.6741432141755572,-0.14786353336593372
2021-04-16,4966.18,0.0,0.0,17.186064596552736,64000.0,85349.09027810827,21349.09027810827,0.3335795355954416,1.4315594669464726,1.6741432141755572,-0.1449002362372842
2021-04-19,5087.02,0.0,0.0,17.186064596552736,64000.0,87425.8543239557,23425.854323955704,0.3660289738118079,1.4663930102304077,1.6741432141755572,-0.12409344803124112
2021-04-20,5083.37,0.0,0.0,17.186064596552736,64000.0,87363.12518817828,23363.12518817828,0.36504883106528574,1.4653408550418412,1.6741432141755572,-0.12472192185573694
2021-04-21,5098.75,0.0,0.0,17.186064596552736,64000.0,87627.44686167326,23627.446861673263,0.36917885721364474,1.4697743199185949,1.6741432141755572,-0.12207372256238258
2021-04-22,5089.24,0.0,0.0,17.186064596552736,64000.0,87464.00738736005,23464.00738736005,0.36662511542750087,1.4670329511944122,1.6741432141755572,-0.12371119819826037
2021-04-23,5135.45,0.0,0.0,17.186064596552736,64000.0,88258.17543236674,24258.17543236674,0.37903399113073033,1.480353524143358,1.6741432141755572,-0.11575454739553581
2021-04-26,5077.24,0.0,0.0,17.186064596552736,64000.0,87257.7746122014,23257.774612201407,0.3634027283156469,1.4635738108484406,1.6741432141755572,-0.1257774135116707
2021-04-27,5090.52,0.0,0.0,17.186064596552736,64000.0,87486.00555004364,23486.005550043643,0.3669688367194319,1.4674019261646494,1.6741432141755572,-0.1234908018981632
2021-04-28,5119.24,0.0,0.0,17.186064596552736,64000.0,87979.58932525663,23979.58932525663,0.3746810832071348,1.4756808020593415,1.6741432141755572,-0.11854565991473431
2021-04-29,5164.17,0.0,0.0,17.186064596552736,64000.0,88751.75920757974,24751.759207579744,0.3867462376184334,1.4886324000380504,1.6741432141755572,-0.11080940541210682
2021-04-30,5123.49,0.0,0.0,17.186064596552736,64000.0,88052.63009979198,24052.630099791975,0.3758223453092495,1.4769059142652063,1.6741432141755572,-0.11781387532456811
2021-05-06,5061.12,1000.0,0.19758472432979263,17.38364932088253,65000.0,87980.73525090498,22980.73525090498,0.3535497730908459,1.4589270323170185,1.6741432141755572,-0.12855302941601887
2021-05-07,4996.05,0.0,0.0,17.38364932088253,65000.0,86849.58118959516,21849.581189595163,0.33614740291684875,1.4401698437909871,1.6741432141755572,-0.13975708195298686
2021-05-10,4992.42,0.0,0.0,17.38364932088253,65000.0,86786.47854256036,21786.478542560362,0.33517659296246705,1.4391234538363307,1.6741432141755572,-0.1403821120852935
2021-05-11,5023.06,0.0,0.0,17.38364932088253,65000.0,87319.1135577522,22319.113557752207,0.34337097781157233,1.4479557921863786,1.6741432141755572,-0.13510637565171868
2021-05-12,5044.55,0.0,0.0,17.38364932088253,65000.0,87692.68818165797,22692.68818165797,0.34911827971781495,1.4541505360226228,1.6741432141755572,-0.13140612839461963
2021-05-13,4992.97,0.0,0.0,17.38364932088253,65000.0,86796.03954968684,21796.039549686844,0.3353236853797976,1.4392819977688545,1.6741432141755572,-0.14028741055009541
2021-05-14,5110.59,0.0,0.0,17.38364932088253,65000.0,88840.70438280905,23840.704382809054,0.36678006742783165,1.473187338393287,1.6741432141755572,-0.12003505678648418
2021-05-17,5184.99,0.0,0.0,17.38364932088253,65000.0,90134.0478922827,25134.047892282702,0.38667765988127245,1.4946340085383112,1.6741432141755572,-0.10722452184333975
2021-05-18,5187.6,0.0,0.0,17.38364932088253,65000.0,90179.41921701022,25179.419217010218,0.38737568026169567,1.4953863715635602,1.6741432141755572,-0.10677512001267286
2021-05-19,5172.27,0.0,0.0,17.38364932088253,65000.0,89912.9278729211,24912.927872921093,0.3832758134295553,1.4909673197715816,1.6741432141755572,-0.10941471007555459
2021-05-20,5186.41,0.0,0.0,17.38364932088253,65000.0,90158.73267431835,25158.73267431835,0.3870574257587438,1.495043340145918,1.6741432141755572,-0.10698001969791937
2021-05-21,5134.15,0.0,0.0,17.38364932088253,65000.0,89250.26316080903,24250.26316080903,0.3730809717047543,1.4799787839392111,1.6741432141755572,-0.11597838738782196
2021-05-24,5155.59,0.0,0.0,17.38364932088253,65000.0,89622.96860224876,24622.96860224876,0.37881490157305775,1.4861591146906807,1.6741432141755572,-0.1122867493611952
2021-05-25,5318.48,0.0,0.0,17.38364932088253,65000.0,92454.59124012731,27454.59124012731,0.42237832677118936,1.5331140622702912,1.6741432141755572,-0.0842395983277433
2021-05-26,5320.59,0.0,0.0,17.38364932088253,65000.0,92491.27074019438,27491.270740194377,0.42294262677222116,1.5337222944477915,1.6741432141755572,-0.08387628880180176
2021-05-27,5338.23,0.0,0.0,17.38364932088253,65000.0,92797.91831421474,27797.918314214738,0.42766028175714976,1.5388072307563696,1.6741432141755572,-0.08083895229108862
2021-05-28,5321.09,0.0,0.0,17.38364932088253,65000.0,92499.96256485482,27499.962564854824,0.4230763471516126,1.5338664252955403,1.6741432141755572,-0.08379019649707631
2021-05-31,5331.57,0.0,0.0,17.38364932088253,65000.0,92682.14320973767,27682.143209737667,0.4258791263036563,1.5368874078643555,1.6741432141755572,-0.08198570179003128
2021-06-01,5341.68,1000.0,0.18720702101211603,17.570856341894647,66000.0,93857.8919043718,27857.891904371805,0.4220892712783606,1.5398017336058367,1.6741432141755572,-0.080244915388483
2021-06-02,5289.97,0.0,0.0,17.570856341894647,66000.0,92949.30292293243,26949.30292293243,0.4083227715595823,1.5248957213316536,1.6741432141755572,-0.0891485815431875
2021-06-03,5255.29,0.0,0.0,17.570856341894647,66000.0,92339.94562499551,26339.94562499551,0.3990900852272048,1.5148988057317954,1.6741432141755572,-0.09511994379894362
2021-06-04,5282.28,0.0,0.0,17.570856341894647,66000.0,92814.18303766326,26814.183037663257,0.4062755005706553,1.5226789888932768,1.6741432141755572,-0.09047268118986462
2021-06-07,5277.63,0.0,0.0,17.570856341894647,66000.0,92732.47855567344,26732.478555673442,0.40503755387384,1.5213385720092127,1.6741432141755572,-0.09127333962381112
2021-06-08,5232.12,0.0,0.0,17.570856341894647,66000.0,91932.82888355381,25932.82888355381,0.3929216497508152,1.508219782247115,1.6741432141755572,-0.09910946119992026
2021-06-09,5236.45,0.0,0.0,17.570856341894647,66000.0,92008.91069151422,26008.91069151422,0.394074404416882,1.5094679553886199,1.6741432141755572,-0.09836390184099797
2021-06-10,5271.47,0.0,0.0,17.570856341894647,66000.0,92624.24208060738,26624.24208060738,0.4033976072819301,1.5195628799649474,1.6741432141755572,-0.09233399681802845
2021-06-11,5224.7,0.0,0.0,17.570856341894647,66000.0,91802.45312949696,25802.453129496964,0.3909462595378328,1.5060808804665227,1.6741432141755572,-0.10038707100204569
2021-06-15,5166.56,0.0,0.0,17.570856341894647,66000.0,90780.88354177921,24780.883541779214,0.37546793245120025,1.48932134549029,1.6741432141755572,-0.11039788419551899
2021-06-16,5080.49,0.0,0.0,17.570856341894647,66000.0,89268.55993643233,23268.559936432328,0.35255393843079275,1.464510661358808,1.6741432141755572,-0.1252178135309554
2021-06-17,5101.89,0.0,0.0,17.570856341894647,66000.0,89644.57626214888,23644.576262148883,0.3582511554871042,1.4706794616424574,1.6741432141755572,-0.1215330628887068
2021-06-18,5102.47,0.0,0.0,17.570856341894647,66000.0,89654.76735882719,23654.767358827186,0.35840556604283624,1.4708466534258462,1.6741432141755572,-0.12143319581522527
2021-06-21,5090.39,0.0,0.0,17.570856341894647,66000.0,89442.5114142171,23442.511414217093,0.35518956688207726,1.4673644521442346,1.6741432141755572,-0.1235131858973918
2021-06-22,5122.16,0.0,0.0,17.570856341894647,66000.0,90000.73752019908,24000.73752019908,0.36364753818483453,1.4765225262101946,1.6741432141755572,-0.1180428808551377
2021-06-23,5147.39,0.0,0.0,17.570856341894647,66000.0,90444.0502257051,24444.050225705098,0.37036439735916815,1.4837953687876002,1.6741432141755572,-0.11369866315869226
2021-06-24,5155.97,0.0,0.0,17.570856341894647,66000.0,90594.80817311855,24594.808173118552,0.3726486086836145,1.48626865413497,1.6741432141755572,-0.11222131920960376
2021-06-25,5239.97,0.0,0.0,17.570856341894647,66000.0,92070.7601058377,26070.760105837704,0.3950115167551167,1.5104826365567716,1.6741432141755572,-0.09775781201573086
2021-06-28,5251.76,0.0,0.0,17.570856341894647,66000.0,92277.92050210864,26277.920502108638,0.39815031063800976,1.513881241946689,1.6741432141755572,-0.0957277554703051
2021-06-29,5190.54,0.0,0.0,17.570856341894647,66000.0,91202.23267685784,25202.232676857835,0.3818520102554217,1.4962338609483232,1.6741432141755572,-0.1062688972608874
2021-06-30,5224.04,0.0,0.0,17.570856341894647,66000.0,91790.85636431132,25790.856364311316,0.39077055097441393,1.5058906277474942,1.6741432141755572,-0.1005007128442833
2021-07-01,5229.66,1000.0,0.19121701984450232,17.762073361739148,67000.0,92889.60457695276,25889.604576952755,0.38641200861123526,1.5075106584761908,1.6741432141755572,-0.09953303533916946
2021-07-02,5081.12,0.0,0.0,17.762073361739148,67000.0,90251.22619980002,23251.226199800018,0.3470332268626868,1.4646922662269715,1.6741432141755572,-0.12510933722700135
2021-07-05,5085.79,0.0,0.0,17.762073361739148,67000.0,90334.17508239934,23334.175082399335,0.3482712698865573,1.4660384483449453,1.6741432141755572,-0.12430523510086589
2021-07-06,5083.1,0.0,0.0,17.762073361739148,67000.0,90286.39510505628,23286.395105056275,0.3475581358963624,1.4652630243840568,1.6741432141755572,-0.12476841170028863
2021-07-07,5140.49,0.0,0.0,17.762073361739148,67000.0,91305.76049528646,24305.760495286464,0.36277254470576814,1.4818063630886662,1.6741432141755572,-0.11488673696390339
2021-07-08,5088.26,0.0,0.0,17.762073361739148,67000.0,90378.04740360285,23378.047403602846,0.3489260806507888,1.4667504547328247,1.6741432141755572,-0.12387993911552209
2021-07-09,5069.44,0.0,0.0,17.762073361739148,67000.0,90043.7651829349,23043.765182934905,0.34393679377514785,1.4613253696235589,1.6741432141755572,-0.12712045346538758
2021-07-12,5132.71,0.0,0.0,17.762073361739148,67000.0,91167.57156453215,24167.571564532147,0.36071002335122615,1.4795636870976947,1.6741432141755572,-0.11622633322543108
2021-07-13,5142.1,0.0,0.0,17.762073361739148,67000.0,91334.35743339888,24334.35743339888,0.3631993646775953,1.4822704644184177,1.6741432141755572,-0.1146095197426873
2021-07-14,5083.09,0.0,0.0,17.762073361739148,67000.0,90286.21748432265,23286.217484322653,0.3475554848406366,1.4652601417671018,1.6741432141755572,-0.12477013354638311
2021-07-15,5151.46,0.0,0.0,17.762073361739148,67000.0,91500.61044006475,24500.610440064745,0.36568075283678714,1.4849685938882755,1.6741432141755572,-0.11299787179822729
2021-07-16,5094.77,0.0,0.0,17.762073361739148,67000.0,90493.67850118777,23493.678501187766,0.3506519179281755,1.4686270383705144,1.6741432141755572,-0.12275901730799688
2021-07-19,5113.49,0.0,0.0,17.762073361739148,67000.0,90826.18451451951,23826.18451451951,0.3556146942465599,1.47402329731023,1.6741432141755572,-0.11953572141907676
2021-07-20,5108.99,0.0,0.0,17.762073361739148,67000.0,90746.25518439169,23746.255184391688,0.3544217191700252,1.4727261196804906,1.6741432141755572,-0.12031055216160569
2021-07-21,5144.04,0.0,0.0,17.762073361739148,67000.0,91368.81585572065,24368.815855720648,0.3637136694883678,1.482829692107683,1.6741432141755572,-0.11427548160035272
2021-07-22,5151.75,0.0,0.0,17.762073361739148,67000.0,91505.76144133965,24505.76144133965,0.3657576334528305,1.4850521897799698,1.6741432141755572,-0.11294793826148652
2021-07-23,5089.23,0.0,0.0,17.762073361739148,67000.0,90395.27661476372,23395.276614763716,0.3491832330561748,1.467030068577457,1.6741432141755572,-0.12371292004435497
2021-07-26,4925.3,0.0,0.0,17.762073361739148,67000.0,87483.53992857382,20483.539928573824,0.305724476545878,1.4197753288345292,1.6741432141755572,-0.1519391430716357
2021-07-27,4751.31,0.0,0.0,17.762073361739148,67000.0,84393.11678436484,17393.116784364844,0.25959875797559473,1.3696206764348946,1.6741432141755572,-0.1818975432699924
2021-07-28,4760.48,0.0,0.0,17.762073361739148,67000.0,84555.99499709197,17555.99499709197,0.26202977607599953,1.3722640361826077,1.6741432141755572,-0.18031861040132813
2021-07-29,4850.27,0.0,0.0,17.762073361739148,67000.0,86150.85156424255,19150.85156424255,0.28583360543645586,1.3981470538213412,1.6741432141755572,-0.1648581543187344
2021-07-30,4811.17,0.0,0.0,17.762073361739148,67000.0,85456.35449579854,18456.354495798543,0.2754679775492319,1.3868760215273834,1.6741432141755572,-0.17159057254826338
2021-08-02,4933.74,1000.0,0.2026859948031311,17.964759356542277,68000.0,88633.45182774689,20633.45182774689,0.3034331151139249,1.4222082575445292,1.6741432141755572,-0.1504859049678704
2021-08-03,4934.46,0.0,0.0,17.964759356542277,68000.0,88646.38645448361,20646.38645448361,0.30362333021299426,1.4224158059652874,1.6741432141755572,-0.1503619320490659
2021-08-04,4978.85,0.0,0.0,17.964759356542277,68000.0,89443.84212232052,21443.842122320522,0.31535061944588993,1.4352117426284279,1.6741432141755572,-0.14271865723554167
2021-08-05,4948.67,0.0,0.0,17.964759356542277,68000.0,88901.66568494008,20901.665684940075,0.30737743654323646,1.4265120046583089,1.6741432141755572,-0.14791518874876897
2021-08-06,4921.56,0.0,0.0,17.964759356542277,68000.0,88414.64105878421,20414.64105878421,0.30021530968800314,1.418697230093368,1.6741432141755572,-0.15258311351098197
2021-08-09,4985.56,0.0,0.0,17.964759356542277,68000.0,89564.38565760292,21564.38565760292,0.31712331849416064,1.437145978605217,1.6741432141755572,-0.14156329850612637
2021-08-10,5043.15,0.0,0.0,17.964759356542277,68000.0,90598.97614894618,22598.97614894618,0.33233788454332625,1.4537469696489258,1.6741432141755572,-0.13164718684785104
2021-08-11,5015.34,0.0,0.0,17.964759356542277,68000.0,90099.37619124075,22099.37619124075,0.3249908263417758,1.4457304118971366,1.6741432141755572,-0.13643564083667958
2021-08-12,4973.35,0.0,0.0,17.964759356542277,68000.0,89345.03594585955,21345.03594585955,0.313897587439111,1.4336263033031909,1.6741432141755572,-0.1436656725875214
2021-08-13,4945.98,0.0,0.0,17.964759356542277,68000.0,88853.34048227097,20853.34048227097,0.3066667717981024,1.4257365806974203,1.6741432141755572,-0.14837836534819182
2021-08-16,4941.07,0.0,0.0,17.964759356542277,68000.0,88765.13351383034,20765.13351383034,0.305369610497505,1.4243212157725267,1.6741432141755572,-0.14922379178059564
2021-08-17,4837.4,0.0,0.0,17.964759356542277,68000.0,86902.72691133761,18902.72691133761,0.27798127810790607,1.3944371258002863,1.6741432141755572,-0.16707417024236726
2021-08-18,4894.24,0.0,0.0,17.964759356542277,68000.0,87923.84383316347,19923.843833163468,0.29299770342887443,1.4108219205723722,1.6741432141755572,-0.15728719704117988
2021-08-19,4862.14,0.0,0.0,17.964759356542277,68000.0,87347.17505781847,19347.175057818473,0.2845172802620364,1.4015687201468983,1.6741432141755572,-0.16281432300455256
2021-08-20,4769.27,0.0,0.0,17.964759356542277,68000.0,85678.7878563764,17678.787856376395,0.2599821743584765,1.3747978564860324,1.6741432141755572,-0.17880510768425473
2021-08-23,4835.88,0.0,0.0,17.964759356542277,68000.0,86875.42047711567,18875.420477115666,0.2775797128987598,1.3939989680231302,1.6741432141755572,-0.16733589084873235
2021-08-24,4888.39,0.0,0.0,17.964759356542277,68000.0,87818.74999092771,19818.74999092771,0.2914522057489368,1.4091355896537112,1.6741432141755572,-0.15829447700646726
2021-08-25,4898.16,0.0,0.0,17.964759356542277,68000.0,87994.26568984112,19994.265689841122,0.2940333189682518,1.4119519064187231,1.6741432141755572,-0.15661223337213237
2021-08-26,4801.61,0.0,0.0,17.964759356542277,68000.0,86259.76817396696,18259.768173966964,0.2685260025583378,1.3841202397184258,1.6741432141755572,-0.1732366574146138
2021-08-27,4827.04,0.0,0.0,17.964759356542277,68000.0,86716.61200440384,18716.61200440384,0.27524429418240937,1.391450734634931,1.6741432141755572,-0.16885800279627816
2021-08-30,4813.27,0.0,0.0,17.964759356542277,68000.0,86469.23726806426,18469.23726806426,0.2716064304127097,1.3874813710879286,1.6741432141755572,-0.17122898486841653
2021-08-31,4805.61,0.0,0.0,17.964759356542277,68000.0,86331.62721139313,18331.627211393134,0.2695827531087225,1.3852732865004165,1.6741432141755572,-0.1725479189768102
2021-09-01,4869.46,1000.0,0.20536158013414219,18.17012093667642,69000.0,88478.67709630835,19478.677096308355,0.2822996680624399,1.4036787957579409,1.6741432141755572,-0.16155393166337229
2021-09-02,4869.41,0.0,0.0,18.17012093667642,69000.0,88477.76859026152,19477.76859026152,0.2822865013081379,1.4036643826731658,1.6741432141755572,-0.16156254089384492
2021-09-03,4843.06,0.0,0.0,18.17012093667642,69000.0,87998.9859035801,18998.985903580106,0.275347621791016,1.3960686869968033,1.6741432141755572,-0.16609960535287516
2021-09-06,4933.73,0.0,0.0,18.17012093667642,69000.0,89646.47076890853,20646.470768908534,0.2992242140421526,1.422205374927574,1.6741432141755572,-0.150487626813965
2021-09-07,4992.83,0.0,0.0,18.17012093667642,69000.0,90720.32491626612,21720.324916266123,0.31478731762704526,1.4392416411314848,1.6741432141755572,-0.1403115163954186
2021-09-08,4972.13,0.0,0.0,18.17012093667642,69000.0,90344.20341287693,21344.20341287693,0.3093362813460425,1.4332746240346836,1.6741432141755572,-0.14387573781105156
2021-09-09,4970.01,0.0,0.0,18.17012093667642,69000.0,90305.68275649118,21305.68275649118,0.3087780109636402,1.4326635092402287,1.6741432141755572,-0.14424076918308737
2021-09-10,5013.52,0.0,0.0,18.17012093667642,69000.0,91096.26471844596,22096.264718445964,0.32023572055718796,1.445205775611331,1.6741432141755572,-0.13674901682588003
2021-09-13,4991.66,0.0,0.0,18.17012093667642,69000.0,90699.06587477021,21699.06587477021,0.3144792155763798,1.4389043749477524,1.6741432141755572,-0.14051297238847615
2021-09-14,4917.16,0.0,0.0,18.17012093667642,69000.0,89345.39186498782,20345.391864987818,0.29486075166649006,1.4174288786331783,1.6741432141755572,-0.15334072579256575
2021-09-15,4867.32,0.0,0.0,18.17012093667642,69000.0,88439.79303750386,19439.793037503856,0.28173613097831685,1.4030619157295758,1.6741432141755572,-0.16192240672759717
2021-09-16,4807.7,0.0,0.0,18.17012093667642,69000.0,87356.49042725921,18356.49042725921,0.26603609314868426,1.3858757534440065,1.6741432141755572,-0.17218805314305796
2021-09-17,4855.94,0.0,0.0,18.17012093667642,69000.0,88233.01706124448,19233.017061244478,0.2787393776991953,1.3997814976348126,1.6741432141755572,-0.16388186758314804
2021-09-22,4821.77,0.0,0.0,18.17012093667642,69000.0,87612.14402883826,18612.14402883826,0.2697412178092502,1.3899315954996585,1.6741432141755572,-0.16976541568808412
2021-09-23,4853.2,0.0,0.0,18.17012093667642,69000.0,88183.23092987799,19183.230929877987,0.27801783956344917,1.398991660589149,1.6741432141755572,-0.16435365341304353
2021-09-24,4849.43,0.0,0.0,18.17012093667642,69000.0,88114.72957394674,19114.729573946737,0.2770250662890832,1.3979049139971231,1.6741432141755572,-0.16500278939067314
2021-09-27,4877.37,0.0,0.0,18.17012093667642,69000.0,88622.40275291746,19622.402752917464,0.28438264859300677,1.4059589457693271,1.6741432141755572,-0.16019195140261588
2021-09-28,4883.83,0.0,0.0,18.17012093667642,69000.0,88739.7817341684,19739.7817341684,0.2860837932488174,1.4078211163222418,1.6741432141755572,-0.1590796388255633
2021-09-29,4833.93,0.0,0.0,18.17012093667642,69000.0,87833.09269942825,18833.09269942825,0.27294337245548195,1.3934368577169098,1.6741432141755572,-0.1676716508371615
2021-09-30,4866.38,0.0,0.0,18.17012093667642,69000.0,88422.7131238234,19422.7131238234,0.28148859599744047,1.4027909497358082,1.6741432141755572,-0.16208426026048084
2021-10-08,4929.94,1000.0,0.202842225260348,18.372963161936767,70000.0,90577.60601055853,20577.606010558535,0.2939658001508363,1.421112863101638,1.6741432141755572,-0.1511402064837838
2021-10-11,4936.19,0.0,0.0,18.372963161936767,70000.0,90692.43703032064,20692.437030320638,0.29560624329029483,1.4229144986984983,1.6741432141755572,-0.1500640526747159
2021-10-12,4883.84,0.0,0.0,18.372963161936767,70000.0,89730.61240879325,19730.612408793255,0.2818658915541894,1.407823998939197,1.6741432141755572,-0.15907791697946871
2021-10-13,4940.11,0.0,0.0,18.372963161936767,70000.0,90764.45904591543,20764.459045915428,0.29663512922736324,1.424044484544849,1.6741432141755572,-0.1493890890056685
2021-10-14,4913.61,0.0,0.0,18.372963161936767,70000.0,90277.57552212411,20277.575522124112,0.2896796503160588,1.4164055496141617,1.6741432141755572,-0.1539519811561164
2021-10-15,4932.11,0.0,0.0,18.372963161936767,70000.0,90617.47534061995,20617.475340619945,0.29453536200885644,1.4217383909808678,1.6741432141755572,-0.15076656588127546
2021-10-18,4874.78,0.0,0.0,18.372963161936767,70000.0,89564.1533625461,19564.1533625461,0.27948790517923006,1.405212347977988,1.6741432141755572,-0.1606379095410938
2021-10-19,4922.72,0.0,0.0,18.372963161936767,70000.0,90444.95321652936,20444.953216529364,0.2920707602361339,1.4190316136601453,1.6741432141755572,-0.1523833793640189
2021-10-20,4910.18,0.0,0.0,18.372963161936767,70000.0,90214.55625847868,20214.556258478682,0.28877937512112406,1.4154168119986048,1.6741432141755572,-0.15454257436653285
2021-10-21,4928.02,0.0,0.0,18.372963161936767,70000.0,90542.32992128763,20542.32992128763,0.2934618560183948,1.4205594006462827,1.6741432141755572,-0.1514708009339294
2021-10-22,4959.73,0.0,0.0,18.372963161936767,70000.0,91124.93658315264,21124.936583152637,0.30178480833075194,1.4297001790105126,1.6741432141755572,-0.14601082696824252
2021-10-25,4979.52,0.0,0.0,18.372963161936767,70000.0,91488.53752412737,21488.537524127372,0.3069791074875339,1.4354048779644113,1.6741432141755572,-0.14260329354720958
2021-10-26,4963.1,0.0,0.0,18.372963161936767,70000.0,91186.85346900838,21186.853469008376,0.30266933527154816,1.43067162092434,1.6741432141755572,-0.14543056483439287
2021-10-27,4898.16,0.0,0.0,18.372963161936767,70000.0,89993.71324127218,19993.713241272184,0.28562447487531695,1.4119519064187231,1.6741432141755572,-0.15661223337213237
2021-10-28,4864.14,0.0,0.0,18.372963161936767,70000.0,89368.66503450311,19368.66503450311,0.2766952147786159,1.4021452435378934,1.6741432141755572,-0.16246995378565088
2021-10-29,4908.77,0.0,0.0,18.372963161936767,70000.0,90188.65038042035,20188.650380420353,0.28840929114886227,1.4150103630079531,1.6741432141755572,-0.15478535466585863
2021-11-01,4890.69,1000.0,0.20447012589225652,18.577433287829024,71000.0,90856.46720645252,19856.467206452522,0.2796685522035567,1.4097985915533555,1.6741432141755572,-0.15789845240473044
2021-11-02,4839.85,0.0,0.0,18.577433287829024,71000.0,89911.9904980993,18911.9904980993,0.2663660633535112,1.395143366954256,1.6741432141755572,-0.16665231794921243
2021-11-03,4821.11,0.0,0.0,18.577433287829024,71000.0,89563.84939828538,18563.849398285383,0.2614626675814842,1.3897413427806298,1.6741432141755572,-0.16987905753032184
2021-11-04,4868.74,0.0,0.0,18.577433287829024,71000.0,90448.69254578468,19448.69254578468,0.2739252471237279,1.4034712473371824,1.6741432141755572,-0.161677904582177
2021-11-05,4842.35,0.0,0.0,18.577433287829024,71000.0,89958.43408131888,18958.434081318876,0.2670201983284348,1.3958640211929998,1.6741432141755572,-0.1662218564255853
2021-11-08,4848.18,0.0,0.0,18.577433287829024,71000.0,90066.74051738692,19066.74051738692,0.2685456410899567,1.3975445868777512,1.6741432141755572,-0.16521802015248666
2021-11-09,4846.74,0.0,0.0,18.577433287829024,71000.0,90039.98901345243,19039.989013452432,0.2681688593444005,1.3971294900362343,1.6741432141755572,-0.1654659659900961
2021-11-10,4821.19,0.0,0.0,18.577433287829024,71000.0,89565.33559294841,18565.33559294841,0.26148359990068193,1.3897644037162695,1.6741432141755572,-0.16986528276156587
2021-11-11,4898.65,0.0,0.0,18.577433287829024,71000.0,91004.34357542364,20004.34357542364,0.2817513179637132,1.4120931546495168,1.6741432141755572,-0.15652786291350151
2021-11-12,4888.38,0.0,0.0,18.577433287829024,71000.0,90813.55333555765,19813.553335557648,0.2790641314867275,1.4091327070367563,1.6741432141755572,-0.15829619885256174
2021-11-15,4882.38,0.0,0.0,18.577433287829024,71000.0,90702.08873583066,19702.088735830665,0.2774942075469107,1.4074031368637703,1.6741432141755572,-0.15932930650926713
2021-11-16,4883.32,0.0,0.0,18.577433287829024,71000.0,90719.55152312122,19719.55152312122,0.277740162297482,1.4076741028575381,1.6741432141755572,-0.15916745297638324
2021-11-17,4885.75,0.0,0.0,18.577433287829024,71000.0,90764.69468601065,19764.694686010655,0.2783759814931077,1.4083745787775974,1.6741432141755572,-0.1587490443754176
2021-11-18,4837.62,0.0,0.0,18.577433287829024,71000.0,89870.56282186744,18870.56282186744,0.26578257495587954,1.394500543373296,1.6741432141755572,-0.16703628962828787
2021-11-19,4890.06,0.0,0.0,18.577433287829024,71000.0,90844.7634234812,19844.7634234812,0.2795037101898761,1.4096169866851924,1.6741432141755572,-0.15800692870868427
2021-11-22,4912.4,0.0,0.0,18.577433287829024,71000.0,91259.78328313128,20259.783283131284,0.28534906032579266,1.4160567529626094,1.6741432141755572,-0.1541603245335521
2021-11-23,4913.35,0.0,0.0,18.577433287829024,71000.0,91277.43184475474,20277.43184475474,0.28559763161626406,1.4163306015733323,1.6741432141755572,-0.15399674915457362
2021-11-24,4916.66,0.0,0.0,18.577433287829024,71000.0,91338.92314893745,20338.92314893745,0.2864637063230626,1.4172847477854293,1.6741432141755572,-0.1534268180972913
2021-11-25,4896.44,0.0,0.0,18.577433287829024,71000.0,90963.28744785754,19963.28744785754,0.2811730626458808,1.4114560963024672,1.6741432141755572,-0.15690839090038788
2021-11-26,4860.13,0.0,0.0,18.577433287829024,71000.0,90288.74084517648,19288.74084517648,0.27167240627009126,1.4009893141389478,1.6741432141755572,-0.16316041406954895
2021-11-29,4851.42,0.0,0.0,18.577433287829024,71000.0,90126.93140123949,19126.93140123949,0.2693934000174576,1.3984785547711633,1.6741432141755572,-0.16466014201786594
2021-11-30,4832.03,0.0,0.0,18.577433287829024,71000.0,89766.71496978847,18766.714969788474,0.26431992915195024,1.392889160495464,1.6741432141755572,-0.16799880159511837
2021-12-01,4843.85,1000.0,0.2064473507643713,18.783880638593395,72000.0,90986.30023125063,18986.30023125063,0.2636986143229254,1.3962964137362464,1.6741432141755572,-0.16596357951140894
2021-12-02,4856.16,0.0,0.0,18.783880638593395,72000.0,91217.5298019117,19217.529801911704,0.26691013613766246,1.399844915207822,1.6741432141755572,-0.16384398696906888
2021-12-03,4901.02,0.0,0.0,18.783880638593395,72000.0,92060.174687359,20060.174687359002,0.2786135373244305,1.4127763348678466,1.6741432141755572,-0.15611978538910276
2021-12-06,4892.62,0.0,0.0,18.783880638593395,72000.0,91902.39008999482,19902.39008999482,0.27642208458326145,1.4103549366256662,1.6741432141755572,-0.15756613610849013
2021-12-07,4922.1,0.0,0.0,18.783880638593395,72000.0,92456.13889122056,20456.13889122056,0.28411304015584116,1.4188528914089367,1.6741432141755572,-0.15249013382187848
2021-12-08,4995.93,0.0,0.0,18.783880638593395,72000.0,93842.9527987679,21842.952798767903,0.303374344427332,1.4401352523875275,1.6741432141755572,-0.13977774410612087
2021-12-09,5078.69,0.0,0.0,18.783880638593395,72000.0,95397.50676041788,23397.506760417877,0.3249653716724705,1.463991790306912,1.6741432141755572,-0.1255277458279671
2021-12-10,5055.12,0.0,0.0,18.783880638593395,72000.0,94954.77069376624,22954.770693766244,0.3188162596356423,1.4571974621440327,1.6741432141755572,-0.12958613707272404
2021-12-13,5083.8,0.0,0.0,18.783880638593395,72000.0,95493.4923904811,23493.4923904811,0.3262985054233487,1.4654648075709051,1.6741432141755572,-0.12464788247367309
2021-12-14,5049.7,0.0,0.0,18.783880638593395,72000.0,94852.96206070506,22852.96206070506,0.3174022508431258,1.4556350837544354,1.6741432141755572,-0.1305193776559478
2021-12-15,5005.9,0.0,0.0,18.783880638593395,72000.0,94030.22808873467,22030.22808873467,0.3059753901213149,1.4430092214916388,1.6741432141755572,-0.13806106354989578
2021-12-16,5034.73,0.0,0.0,18.783880638593395,72000.0,94571.76736754531,22571.76736754531,0.31349676899368495,1.4513198061728358,1.6741432141755572,-0.13309698125942726
2021-12-17,4954.76,0.0,0.0,18.783880638593395,72000.0,93069.62043287701,21069.62043287701,0.2926336171232917,1.4282675183838895,1.6741432141755572,-0.14686658447721324
2021-12-20,4880.42,0.0,0.0,18.783880638593395,72000.0,91673.22674620397,19673.226746203974,0.2732392603639442,1.406838143940595,1.6741432141755572,-0.15966678834379067
2021-12-21,4913.49,0.0,0.0,18.783880638593395,72000.0,92294.40967892225,20294.409678922253,0.2818668010961425,1.4163709582107018,1.6741432141755572,-0.15397264330925065
2021-12-22,4914.45,0.0,0.0,18.783880638593395,72000.0,92312.44220433531,20312.44220433531,0.2821172528379905,1.4166476894383797,1.6741432141755572,-0.15380734608417768
2021-12-23,4948.74,0.0,0.0,18.783880638593395,72000.0,92956.54147143268,20956.541471432676,0.29106307599212045,1.4265321829769937,1.6741432141755572,-0.14790313582610748
2021-12-24,4921.34,0.0,0.0,18.783880638593395,72000.0,92441.86314193522,20441.863141935217,0.28391476586021125,1.4186338125203584,1.6741432141755572,-0.15262099412506125
2021-12-27,4919.32,0.0,0.0,18.783880638593395,72000.0,92403.91970304525,20403.91970304525,0.2833877736534063,1.4180515238954532,1.6741432141755572,-0.152968807036152
2021-12-28,4955.96,0.0,0.0,18.783880638593395,72000.0,93092.16108964333,21092.161089643327,0.2929466818006017,1.4286134324184867,1.6741432141755572,-0.14665996294587214
2021-12-29,4883.48,0.0,0.0,18.783880638593395,72000.0,91730.70542095807,19730.705420958067,0.2740375752910842,1.4077202247288176,1.6741432141755572,-0.1591399034388712
2021-12-30,4921.51,0.0,0.0,18.783880638593395,72000.0,92445.05640164379,20445.056401643786,0.283959116689497,1.418682817008593,1.6741432141755572,-0.1525917227414546
2021-12-31,4940.37,0.0,0.0,18.783880638593395,72000.0,92799.32039048764,20799.320390487643,0.28887944986788394,1.4241194325856785,1.6741432141755572,-0.14934432100721118
2022-01-04,4917.77,1000.0,0.2033441986916834,18.98722483728508,73000.0,93374.80468805546,20374.80468805546,0.2791069135350064,1.417604718267432,1.6741432141755572,-0.15323569318080066
2022-01-05,4868.12,0.0,0.0,18.98722483728508,73000.0,92432.08897488425,19432.088974884246,0.26619299965594867,1.403292525085974,1.6741432141755572,-0.16178465904003647
2022-01-06,4818.23,0.0,0.0,18.98722483728508,73000.0,91484.81632775208,18484.81632775208,0.25321666202400106,1.3889111490975965,1.6741432141755572,-0.17037494920554042
2022-01-07,4822.37,0.0,0.0,18.98722483728508,73000.0,91563.42343857845,18563.42343857845,0.25429347176134875,1.3901045525169569,1.6741432141755572,-0.16966210492241374
2022-01-10,4844.04,0.0,0.0,18.98722483728508,73000.0,91974.87660080241,18974.87660080241,0.259929816449348,1.3963511834583908,1.6741432141755572,-0.16593086443561333
2022-01-11,4797.77,0.0,0.0,18.98722483728508,73000.0,91096.33770758125,18096.337707581246,0.24789503709015404,1.383013314807715,1.6741432141755572,-0.173897846314905
2022-01-12,4845.58,0.0,0.0,18.98722483728508,73000.0,92004.11692705183,19004.11692705183,0.26033036886372374,1.396795106469457,1.6741432141755572,-0.16566570013705906
2022-01-13,4765.92,0.0,0.0,18.98722483728508,73000.0,90491.5945965137,17491.594596513707,0.2396108848837495,1.373832179806115,1.6741432141755572,-0.1793819261259153
2022-01-14,4726.73,0.0,0.0,18.98722483728508,73000.0,89747.48525514049,16747.48525514049,0.22941760623480123,1.3625352039595624,1.6741432141755572,-0.18612984097029495
2022-01-17,4767.28,0.0,0.0,18.98722483728508,73000.0,90517.41722229241,17517.41722229241,0.2399646194834577,1.374224215711992,1.6741432141755572,-0.17914775505706204
2022-01-18,4813.35,0.0,0.0,18.98722483728508,73000.0,91392.15867054615,18392.158670546152,0.25194737904857734,1.3875044320235683,1.6741432141755572,-0.17121521009966045
2022-01-19,4780.38,0.0,0.0,18.98722483728508,73000.0,90766.14986766085,17766.149867660846,0.24337191599535402,1.3780004439230111,1.6741432141755572,-0.17689213667325565
2022-01-20,4823.51,0.0,0.0,18.98722483728508,73000.0,91585.06887489295,18585.068874892953,0.25458998458757476,1.3904331708498243,1.6741432141755572,-0.16946581446763964
2022-01-21,4779.31,0.0,0.0,18.98722483728508,73000.0,90745.83353708497,17745.833537084967,0.24309361009705444,1.3776920039088287,1.6741432141755572,-0.17707637420536804
2022-01-24,4786.74,0.0,0.0,18.98722483728508,73000.0,90886.90861762597,17886.908617625973,0.24502614544693113,1.379833788306376,1.6741432141755572,-0.17579704255714812
2022-01-25,4678.45,0.0,0.0,18.98722483728508,73000.0,88830.78203999638,15830.782039996382,0.21686002794515602,1.3486179293009364,1.6741432141755572,-0.1944429139145828
2022-01-26,4712.31,0.0,0.0,18.98722483728508,73000.0,89473.68947298687,16473.689472986865,0.22566697908201183,1.3583784703104866,1.6741432141755572,-0.18861274303857634
2022-01-27,4619.88,0.0,0.0,18.98722483728508,73000.0,87718.7002812766,14718.7002812766,0.20162603125036438,1.3317344417956398,1.6741432141755572,-0.20452776649012006
2022-01-28,4563.77,0.0,0.0,18.98722483728508,73000.0,86653.32709565654,13653.32709565654,0.18703187802269228,1.3155600780612673,1.6741432141755572,-0.21418904492640822
2022-02-07,4634.09,1000.0,0.21579209726181406,19.203016934546895,74000.0,88988.50874621443,14988.50874621443,0.20254741548938426,1.3358306404886613,1.6741432141755572,-0.20208102318982324
2022-02-08,4608.77,0.0,0.0,19.203016934546895,74000.0,88502.2883574317,14502.288357431695,0.19597686969502282,1.328531854358661,1.6741432141755572,-0.20644073750111924
2022-02-09,4652.06,0.0,0.0,19.203016934546895,74000.0,89333.58696052824,15333.586960528235,0.20721063460173283,1.341010703156754,1.6741432141755572,-0.19898686575799107
2022-02-10,4639.86,0.0,0.0,19.203016934546895,74000.0,89099.31015392675,15099.310153926752,0.20404473180982108,1.3374939104716825,1.6741432141755572,-0.20108751799329183
2022-02-11,4601.4,0.0,0.0,19.203016934546895,74000.0,88360.76212262407,14360.762122624074,0.1940643530084334,1.3264073656628432,1.6741432141755572,-0.20770973807277227
2022-02-14,4551.69,0.0,0.0,19.203016934546895,74000.0,87406.18015080775,13406.180150807748,0.18116459663253703,1.3120778767796555,1.6741432141755572,-0.21626903500857497
2022-02-15,4600.1,0.0,0.0,19.203016934546895,74000.0,88335.79820060918,14335.798200609177,0.1937270027109348,1.3260326254586965,1.6741432141755572,-0.2079335780650582
2022-02-16,4617.99,0.0,0.0,19.203016934546895,74000.0,88679.34017356821,14679.340173568213,0.19836946180497583,1.3311896271911492,1.6741432141755572,-0.2048531954019822
2022-02-17,4629.17,0.0,0.0,19.203016934546895,74000.0,88894.02990289645,14894.029902896451,0.20127067436346557,1.3344123929468128,1.6741432141755572,-0.20292817146832154
2022-02-18,4651.24,0.0,0.0,19.203016934546895,74000.0,89317.8404866419,15317.8404866419,0.20699784441407965,1.3407743285664457,1.6741432141755572,-0.19912805713774084
2022-02-21,4634.31,0.0,0.0,19.203016934546895,74000.0,88992.73340994003,14992.733409940032,0.20260450553973008,1.3358940580616707,1.6741432141755572,-0.20204314257574407
2022-02-22,4574.15,0.0,0.0,19.203016934546895,74000.0,87837.47991115767,13837.479911157672,0.18699297177240104,1.3185522344605325,1.6741432141755572,-0.21240176868030847
2022-02-23,4623.05,0.0,0.0,19.203016934546895,74000.0,88776.50743925702,14776.507439257024,0.1996825329629328,1.3326482313703674,1.6741432141755572,-0.20398194127816083
2022-02-24,4529.32,0.0,0.0,19.203016934546895,74000.0,86976.60866198194,12976.60866198194,0.1753595765132694,1.3056294626513734,1.6741432141755572,-0.2201208047219908
2022-02-25,4573.42,0.0,0.0,19.203016934546895,74000.0,87823.46170879547,13823.461708795468,0.1868035366053442,1.3183418034228194,1.6741432141755572,-0.21252746344520745
2022-02-28,4581.65,0.0,0.0,19.203016934546895,74000.0,87981.50253816678,13981.50253816678,0.18893922348874037,1.3207141971767649,1.6741432141755572,-0.21111038410942684
2022-03-01,4619.69,1000.0,0.21646474114063932,19.419481675687535,75000.0,89711.98530235694,14711.985302356945,0.19615980403142586,1.331679672073495,1.6741432141755572,-0.20456048156591589
2022-03-02,4578.6,0.0,0.0,19.419481675687535,75000.0,88914.03880030295,13914.038800302951,0.18552051733737263,1.3198349990054972,1.6741432141755572,-0.21163554716825195
2022-03-03,4551.63,0.0,0.0,19.419481675687535,75000.0,88390.29537950965,13390.295379509655,0.17853727172679545,1.3120605810779258,1.6741432141755572,-0.21627936608514187
2022-03-04,4496.43,0.0,0.0,19.419481675687535,75000.0,87318.33999101172,12318.339991011715,0.16424453321348964,1.2961485354864561,1.6741432141755572,-0.2257839565268298
2022-03-07,4352.78,0.0,0.0,19.419481675687535,75000.0,84528.73144829918,9528.731448299179,0.1270497526439891,1.2547397429282199,1.6741432141755572,-0.2505182756744472
2022-03-08,4265.39,0.0,0.0,19.419481675687535,75000.0,82831.66294466086,7831.662944660857,0.10442217259547815,1.2295485533586812,1.6741432141755572,-0.2655654886943586
2022-03-09,4226.35,0.0,0.0,19.419481675687535,75000.0,82073.52638004202,7073.526380042022,0.09431368506722704,1.2182948167664533,1.6741432141755572,-0.27228757584732044
2022-03-10,4292.84,0.0,0.0,19.419481675687535,75000.0,83364.72771665848,8364.727716658483,0.11152970288877984,1.2374613369000913,1.6741432141755572,-0.2608390211649323
2022-03-11,4306.52,0.0,0.0,19.419481675687535,75000.0,83630.3862259819,8630.3862259819,0.11507181634642527,1.2414047568944993,1.6741432141755572,-0.25848353570764426
2022-03-14,4174.76,0.0,0.0,19.419481675687535,75000.0,81071.6753203933,6071.675320393304,0.08095567093857747,1.2034233958957299,1.6741432141755572,-0.28117057984889093
2022-03-15,3983.81,0.0,0.0,19.419481675687535,75000.0,77363.52529442076,2363.5252944207605,0.03151367059227672,1.1483798251404553,1.6741432141755572,-0.3140492310235343
2022-03-16,4156.08,0.0,0.0,19.419481675687535,75000.0,80708.91940269145,5708.919402691448,0.07611892536921938,1.198038667423834,1.6741432141755572,-0.2843869883534331
2022-03-17,4237.7,0.0,0.0,19.419481675687535,75000.0,82293.93749706107,7293.937497061066,0.0972524999608142,1.2215665870103514,1.6741432141755572,-0.27033328053005323
2022-03-18,4265.9,0.0,0.0,19.419481675687535,75000.0,82841.56688031545,7841.566880315455,0.10455422507087264,1.2296955668233849,1.6741432141755572,-0.26547767454353866
2022-03-21,4258.75,0.0,0.0,19.419481675687535,75000.0,82702.71758633429,7702.717586334285,0.1027029011511238,1.2276344957005767,1.6741432141755572,-0.2667087945011124
2022-03-22,4255.29,0.0,0.0,19.419481675687535,75000.0,82635.52617973641,7635.526179736407,0.10180701572981876,1.226637110234155,1.6741432141755572,-0.2673045532498124
2022-03-23,4276.52,0.0,0.0,19.419481675687535,75000.0,83047.80177571127,8047.801775711268,0.10730402367615022,1.23275690602957,1.6741432141755572,-0.2636490739911703
2022-03-24,4251.31,0.0,0.0,19.419481675687535,75000.0,82558.23664266718,7558.23664266718,0.10077648856889576,1.2254898286860745,1.6741432141755572,-0.2679898479954268
2022-03-25,4174.57,0.0,0.0,19.419481675687535,75000.0,81067.98561887491,6067.985618874911,0.08090647491833214,1.2033686261735852,1.6741432141755572,-0.28120329492468665
2022-03-28,4148.47,0.0,0.0,19.419481675687535,75000.0,80561.13714713948,5561.137147139481,0.07414849529519318,1.195844995921097,1.6741432141755572,-0.28569731323135417
2022-03-29,4134.14,0.0,0.0,19.419481675687535,75000.0,80282.85597472687,5282.855974726874,0.07043807966302507,1.191714205824616,1.6741432141755572,-0.288164718684785
2022-03-30,4254.1,0.0,0.0,19.419481675687535,75000.0,82612.41699654235,7612.41699654235,0.10149889328723138,1.2262940788165129,1.6741432141755572,-0.2675094529350588
2022-03-31,4222.6,0.0,0.0,19.419481675687535,75000.0,82000.70332375819,7000.703323758193,0.0933427109834426,1.217213835408337,1.6741432141755572,-0.2729332681327613
2022-04-01,4276.16,1000.0,0.23385467335179227,19.65333634903933,76000.0,84040.81076230801,8040.810762308014,0.10580014160931595,1.2326531318191907,1.6741432141755572,-0.2637110604505728
2022-04-06,4263.84,0.0,0.0,19.65333634903933,76000.0,83798.68165848785,7798.681658487854,0.1026142323485244,1.2291017477306598,1.6741432141755572,-0.26583237483900746
2022-04-07,4209.1,0.0,0.0,19.65333634903933,76000.0,82722.85802674145,6722.858026741451,0.08845865824659804,1.213322302519119,1.6741432141755572,-0.2752577603603479
2022-04-08,4230.77,0.0,0.0,19.65333634903933,76000.0,83148.74582542513,7148.745825425125,0.09406244507138317,1.2195689334605528,1.6741432141755572,-0.2715265198735477
2022-04-11,4100.07,0.0,0.0,19.65333634903933,76000.0,80580.05476460568,4580.05476460568,0.0602638784816536,1.181893129859011,1.6741432141755572,-0.29403104832877636
2022-04-12,4179.97,0.0,0.0,19.65333634903933,76000.0,82150.35633889392,6150.356338893922,0.08092574130123587,1.2049252393292726,1.6741432141755572,-0.28027349803365187
2022-04-13,4139.74,0.0,0.0,19.65333634903933,76000.0,81359.70261757207,5359.7026175720675,0.07052240286279043,1.1933284713194026,1.6741432141755572,-0.28720048487186023
2022-04-14,4191.57,0.0,0.0,19.65333634903933,76000.0,82378.33504054278,6378.335040542777,0.08392546105977328,1.2082690749970453,1.6741432141755572,-0.2782761565640217
2022-04-15,4188.75,0.0,0.0,19.65333634903933,76000.0,82322.91263203848,6322.912632038482,0.08319621884261164,1.207456177015742,1.6741432141755572,-0.2787617171626732
2022-04-18,4166.38,0.0,0.0,19.65333634903933,76000.0,81883.26749791048,5883.267497910478,0.0774114144461906,1.2010077628874598,1.6741432141755572,-0.2826134868760891
2022-04-19,4134.9,0.0,0.0,19.65333634903933,76000.0,81264.58046964271,5264.580469642708,0.0692707956531935,1.1919332847131938,1.6741432141755572,-0.28803385838160256
2022-04-20,4070.79,0.0,0.0,19.65333634903933,76000.0,80004.6050763058,4004.605076305801,0.05269217205665533,1.1734528274148401,1.6741432141755572,-0.2990726136934978
2022-04-21,3995.83,0.0,0.0,19.65333634903933,76000.0,78531.39098358182,2531.3909835818195,0.03330777609976088,1.151844730720337,1.6741432141755572,-0.3119795720179349
2022-04-22,4013.25,0.0,0.0,19.65333634903933,76000.0,78873.75210278209,2873.7521027820912,0.037812527668185325,1.156866249455906,1.6741432141755572,-0.3089801161213006
2022-04-25,3814.91,0.0,0.0,19.65333634903933,76000.0,74975.70937131363,-1024.2906286863727,-0.013477508272189076,1.099692424770904,1.6741432141755572,-0.3431312115597861
2022-04-26,3784.12,0.0,0.0,19.65333634903933,76000.0,74370.5831451267,-1629.4168548732996,-0.021439695458859154,1.0908168471665316,1.6741432141755572,-0.34843277568477826
2022-04-27,3895.54,0.0,0.0,19.65333634903933,76000.0,76560.35788113666,560.3578811366606,0.007373130014955986,1.1229349652788787,1.6741432141755572,-0.3292479664997625
2022-04-28,3921.11,0.0,0.0,19.65333634903933,76000.0,77062.8936915816,1062.8936915816012,0.013985443310284174,1.1303058168327533,1.6741432141755572,-0.3248452060361038
2022-04-29,4016.24,0.0,0.0,19.65333634903933,76000.0,78932.51557846571,2932.515578465711,0.0385857312956015,1.1577281519254439,1.6741432141755572,-0.3084652841390426
2022-05-05,4010.21,1000.0,0.24936349966709973,19.90269984870643,77000.0,79814.005960281,2814.005960281007,0.036545531951701404,1.155989933901593,1.6741432141755572,-0.30950355733403134
2022-05-06,3908.82,0.0,0.0,19.90269984870643,77000.0,77796.07122262067,796.071222620667,0.010338587306761848,1.1267630805950875,1.6741432141755572,-0.3269613548862549
2022-05-09,3877.44,0.0,0.0,19.90269984870643,77000.0,77171.52450136826,171.52450136825792,0.0022275909268605343,1.1177174285903715,1.6741432141755572,-0.33236450793082317
2022-05-10,3919.87,0.0,0.0,19.90269984870643,77000.0,78015.99605594887,1015.9960559488682,0.013194753973361895,1.1299483723303363,1.6741432141755572,-0.3250587149518228
2022-05-11,3976.42,0.0,0.0,19.90269984870643,77000.0,79141.49373239322,2141.4937323932245,0.027811606914197817,1.146249571210728,1.6741432141755572,-0.3153216752873762
2022-05-12,3958.74,0.0,0.0,19.90269984870643,77000.0,78789.61399906808,1789.6139990680822,0.023241740247637477,1.1411531044343295,1.6741432141755572,-0.3183658991824676
2022-05-13,3988.6,0.0,0.0,19.90269984870643,77000.0,79383.90861655047,2383.9086165504705,0.030959852162993018,1.149760598661889,1.6741432141755572,-0.31322446674426463
2022-05-16,3956.54,0.0,0.0,19.90269984870643,77000.0,78745.82805940094,1745.8280594009411,0.022673091680531776,1.1405189287042348,1.6741432141755572,-0.3187447053232595
2022-05-17,4005.89,0.0,0.0,19.90269984870643,77000.0,79728.0262969346,2728.026296934593,0.03542891294720252,1.1547446433770434,1.6741432141755572,-0.31024739484685904
2022-05-18,3991.91,0.0,0.0,19.90269984870643,77000.0,79449.78655304968,2449.7865530496783,0.031815409779865966,1.1507147448739863,1.6741432141755572,-0.3126545356869823
2022-05-19,3999.6,0.0,0.0,19.90269984870643,77000.0,79602.83831488623,2602.838314886234,0.03380309499852241,1.1529314773123631,1.6741432141755572,-0.3113304360403051
2022-05-20,4077.6,0.0,0.0,19.90269984870643,77000.0,81155.24890308533,4155.248903085332,0.05396427146864058,1.175415889561179,1.6741432141755572,-0.29790003650313734
2022-05-23,4053.98,0.0,0.0,19.90269984870643,77000.0,80685.1471326589,3685.1471326588944,0.04785905367089471,1.168607148313525,1.6741432141755572,-0.3019670369783668
2022-05-24,3959.15,0.0,0.0,19.90269984870643,77000.0,78797.77410600607,1797.7741060060653,0.023347715662416446,1.1412712917294836,1.6741432141755572,-0.3182953034925927
2022-05-25,3983.18,0.0,0.0,19.90269984870643,77000.0,79276.03598337047,2276.0359833704715,0.02955890887494128,1.1481982202722918,1.6741432141755572,-0.3141577073274884
2022-05-26,3993.04,0.0,0.0,19.90269984870643,77000.0,79472.27660387872,2472.276603878723,0.03210748836206134,1.1510404805898986,1.6741432141755572,-0.3124599670783028
2022-05-27,4001.3,0.0,0.0,19.90269984870643,77000.0,79636.67290462904,2636.672904629042,0.03424250525492267,1.1534215221947093,1.6741432141755572,-0.31103772220423853
2022-05-30,4029.02,0.0,0.0,19.90269984870643,77000.0,80188.37574443518,3188.3757444351795,0.0414074772004569,1.1614121363939038,1.6741432141755572,-0.30626476483026044
2022-05-31,4091.52,0.0,0.0,19.90269984870643,77000.0,81432.29448497933,4432.2944849793275,0.05756226603869252,1.1794284923625062,1.6741432141755572,-0.2955032267395812
2022-06-01,4083.18,1000.0,0.24490715569727517,20.147607004403707,78000.0,82266.30596824113,4266.305968241126,0.05469623036206572,1.177024389822056,1.6741432141755572,-0.29693924638240143
2022-06-02,4089.57,0.0,0.0,20.147607004403707,78000.0,82395.04917699927,4395.049176999266,0.05634678432050344,1.178866382056286,1.6741432141755572,-0.29583898672801034
2022-06-06,4166.09,0.0,0.0,20.147607004403707,78000.0,83936.74406497624,5936.744064976243,0.07611210339713126,1.2009241669957653,1.6741432141755572,-0.2826634204128299
2022-06-07,4179.13,0.0,0.0,20.147607004403707,78000.0,84199.46886031366,6199.46886031366,0.0794803700040212,1.2046830995050546,1.6741432141755572,-0.2804181331055906
2022-06-08,4219.81,0.0,0.0,20.147607004403707,78000.0,85019.0735132528,7019.073513252806,0.08998812196477957,1.2164095852778987,1.6741432141755572,-0.2734136631931292
2022-06-09,4175.67,0.0,0.0,20.147607004403707,78000.0,84129.75814007843,6129.758140078426,0.07858664282151828,1.2036857140386328,1.6741432141755572,-0.2810138918542906
2022-06-10,4238.99,0.0,0.0,20.147607004403707,78000.0,85405.50461559727,7405.504615597267,0.0949423668666316,1.2219384445975434,1.6741432141755572,-0.27011116238386157
2022-06-13,4189.35,0.0,0.0,20.147607004403707,78000.0,84405.37740389867,6405.377403898674,0.08212022312690603,1.2076291340330405,1.6741432141755572,-0.2786584063970027
2022-06-14,4222.31,0.0,0.0,20.147607004403707,78000.0,85069.44253076382,7069.442530763816,0.0906338785995362,1.2171302395166428,1.6741432141755572,-0.27298320166950196
2022-06-15,4278.22,0.0,0.0,20.147607004403707,78000.0,86195.89523838004,8195.895238380035,0.10507557997923112,1.233246950911916,1.6741432141755572,-0.2633563601551039
2022-06-16,4250.06,0.0,0.0,20.147607004403707,78000.0,85628.53862513603,7628.538625136032,0.09780177724533368,1.2251295015667023,1.6741432141755572,-0.2682050787572404
2022-06-17,4309.04,0.0,0.0,20.147607004403707,78000.0,86816.84448625575,8816.844486255752,0.11303646777250953,1.242131176367153,1.6741432141755572,-0.2580496304918283
2022-06-20,4330.43,0.0,0.0,20.147607004403707,78000.0,87247.80180007995,9247.80180007995,0.1185615615394866,1.2482970940338478,1.6741432141755572,-0.25436660169567404
2022-06-21,4325.57,0.0,0.0,20.147607004403707,78000.0,87149.88443003854,9149.884430038539,0.11730621064151969,1.246896142193729,1.6741432141755572,-0.25520341889760534
2022-06-22,4270.62,0.0,0.0,20.147607004403707,78000.0,86042.77342514656,8042.773425146559,0.10311247980957128,1.2310561620261338,1.6741432141755572,-0.26466496318693056
2022-06-23,4343.88,0.0,0.0,20.147607004403707,78000.0,87518.78711428918,9518.787114289182,0.12203573223447672,1.252174213838291,1.6741432141755572,-0.2520507186985599
2022-06-24,4394.77,0.0,0.0,20.147607004403707,78000.0,88544.09883474329,10544.098834743287,0.1351807542915806,1.266843851522166,1.6741432141755572,-0.24328824392360504
2022-06-27,4444.26,0.0,0.0,20.147607004403707,78000.0,89541.20390539122,11541.203905391216,0.1479641526332207,1.2811099228323442,1.6741432141755572,-0.2347668276018816
2022-06-28,4490.52,0.0,0.0,20.147607004403707,78000.0,90473.23220541494,12473.23220541494,0.15991323340275576,1.294444908866065,1.6741432141755572,-0.22680156756868441
2022-06-29,4421.36,0.0,0.0,20.147607004403707,78000.0,89079.82370499037,11079.82370499037,0.14204902185885082,1.274508730005448,1.6741432141755572,-0.23870985515830667
2022-06-30,4485.01,0.0,0.0,20.147607004403707,78000.0,90362.21889082067,12362.218890820674,0.15848998577975215,1.292856586923873,1.6741432141755572,-0.22775030476675873
2022-07-01,4466.72,1000.0,0.22387792384568542,20.37148492824939,79000.0,90993.71915871013,11993.719158710126,0.15181922985709018,1.2875842805132212,1.6741432141755572,-0.2308995612736151
2022-07-04,4496.03,0.0,0.0,20.37148492824939,79000.0,91590.8073819571,12590.8073819571,0.15937730863236843,1.296033230808257,1.6741432141755572,-0.2258528303706102
2022-07-05,4489.54,0.0,0.0,20.37148492824939,79000.0,91458.59644477277,12458.596444772775,0.15770375246547808,1.2941624124044773,1.6741432141755572,-0.22697030848594635
2022-07-06,4423.97,0.0,0.0,20.37148492824939,79000.0,90122.83817802746,11122.838178027465,0.1407954199750312,1.275261093030697,1.6741432141755572,-0.2382604533276399
2022-07-07,4443.47,0.0,0.0,20.37148492824939,79000.0,90520.08213412833,11520.08213412833,0.1458238244826371,1.2808821960929009,1.6741432141755572,-0.23490285344334794
2022-07-08,4428.78,0.0,0.0,20.37148492824939,79000.0,90220.82502053233,11220.825020532327,0.14203575975357374,1.2766476317860405,1.6741432141755572,-0.23743224535618124
2022-07-11,4354.62,0.0,0.0,20.37148492824939,79000.0,88710.07569825336,9710.075698253364,0.12291235061080208,1.2552701444479355,1.6741432141755572,-0.25020145599305765
2022-07-12,4313.62,0.0,0.0,20.37148492824939,79000.0,87874.84481619514,8874.844816195138,0.11233980779993846,1.2434514149325322,1.6741432141755572,-0.25726102498054326
2022-07-13,4321.46,0.0,0.0,20.37148492824939,79000.0,88034.55725803261,9034.557258032612,0.11436148427889381,1.2457113866252338,1.6741432141755572,-0.25591109764244835
2022-07-14,4322.07,0.0,0.0,20.37148492824939,79000.0,88046.98386383883,9046.983863838832,0.11451878308656749,1.2458872262594873,1.6741432141755572,-0.25580606503068337
2022-07-15,4248.53,0.0,0.0,20.37148492824939,79000.0,86548.86486221539,7548.864862215385,0.09555525142044785,1.2246884611725908,1.6741432141755572,-0.26846852120970033
2022-07-18,4292.59,0.0,0.0,20.37148492824939,79000.0,87446.43248815405,8446.432488154052,0.10691686693865887,1.237389271476217,1.6741432141755572,-0.260882067317295
2022-07-19,4269.34,0.0,0.0,20.37148492824939,79000.0,86972.79546357226,7972.795463572256,0.10092146156420578,1.2306871870558969,1.6741432141755572,-0.2648853594870276
2022-07-20,4283.8,0.0,0.0,20.37148492824939,79000.0,87267.36713563475,8267.367135634748,0.1046502169067689,1.2348554511727927,1.6741432141755572,-0.2623955700343681
2022-07-21,4236.06,0.0,0.0,20.37148492824939,79000.0,86294.83244516012,7294.832445160122,0.09233965120455845,1.2210938378297354,1.6741432141755572,-0.27061566328955255
2022-07-22,4238.23,0.0,0.0,20.37148492824939,79000.0,86339.03856745441,7339.038567454409,0.09289922237284065,1.221719365708965,1.6741432141755572,-0.2702420226870442
2022-07-25,4212.64,0.0,0.0,20.37148492824939,79000.0,85817.73226814052,6817.73226814052,0.086300408457475,1.2143427489211807,1.6741432141755572,-0.2746482268428919
2022-07-26,4245.98,0.0,0.0,20.37148492824939,79000.0,86496.91757564835,7496.9175756483455,0.09489769083099175,1.2239533938490716,1.6741432141755572,-0.2689075919638001
2022-07-27,4225.04,0.0,0.0,20.37148492824939,79000.0,86070.33868125081,7070.338681250811,0.08949795799051663,1.2179171939453513,1.6741432141755572,-0.2725131376857012
2022-07-28,4225.67,0.0,0.0,20.37148492824939,79000.0,86083.17271675561,7083.172716755609,0.089660414136147,1.2180987988135148,1.6741432141755572,-0.2724046613817471
2022-07-29,4170.1,0.0,0.0,20.37148492824939,79000.0,84951.12929929279,5951.129299292792,0.07533075062395933,1.202080096394711,1.6741432141755572,-0.2819729601289319
2022-08-01,4188.68,1000.0,0.23873869572275752,20.61022362397215,80000.0,86329.63148925967,6329.631489259671,0.07912039361574585,1.207435998697057,1.6741432141755572,-0.27877377008533477
2022-08-02,4107.02,0.0,0.0,20.61022362397215,80000.0,84646.6006281261,4646.600628126107,0.058082507851576315,1.18389654864272,1.6741432141755572,-0.2928343652930926
2022-08-03,4066.98,0.0,0.0,20.61022362397215,80000.0,83821.36727422226,3821.367274222255,0.04776709092777809,1.1723545503549941,1.6741432141755572,-0.29972863705550556
2022-08-04,4101.54,0.0,0.0,20.61022362397215,80000.0,84533.65660266673,4533.656602666728,0.05667070753333414,1.1823168745513926,1.6741432141755572,-0.29377793695288357
2022-08-05,4156.91,0.0,0.0,20.61022362397215,80000.0,85674.84468472606,5674.844684726064,0.07093555855907585,1.198277924631097,1.6741432141755572,-0.28424407512758887
2022-08-08,4148.07,0.0,0.0,20.61022362397215,80000.0,85492.65030789014,5492.650307890144,0.06865812884862676,1.1957296912428979,1.6741432141755572,-0.28576618707513457
2022-08-09,4156.29,0.0,0.0,20.61022362397215,80000.0,85662.06634607921,5662.066346079213,0.07077582932599014,1.1980992023798884,1.6741432141755572,-0.28435082958544844
2022-08-10,4109.74,0.0,0.0,20.61022362397215,80000.0,84702.6604363833,4702.660436383303,0.05878325545479135,1.1846806204544733,1.6741432141755572,-0.2923660231553864
2022-08-11,4193.54,0.0,0.0,20.61022362397215,80000.0,86429.79717607217,6429.79717607217,0.08037246470090209,1.2088369505371757,1.6741432141755572,-0.2779369528834035
2022-08-12,4191.15,0.0,0.0,20.61022362397215,80000.0,86380.53874161087,6380.5387416108715,0.07975673427013596,1.2081480050849362,1.6741432141755572,-0.2783484740999911
2022-08-15,4185.68,0.0,0.0,20.61022362397215,80000.0,86267.80081838775,6267.800818387754,0.07834751022984698,1.2065712136105642,1.6741432141755572,-0.27929032391368735
2022-08-16,4177.84,0.0,0.0,20.61022362397215,80000.0,86106.21666517582,6106.216665175816,0.0763277083146976,1.2043112419178628,1.6741432141755572,-0.28064025125178216
2022-08-17,4216.96,0.0,0.0,20.61022362397215,80000.0,86912.4886133456,6912.488613345602,0.08640610766682011,1.2155880394457304,1.6741432141755572,-0.2739043893300642
2022-08-18,4180.1,0.0,0.0,20.61022362397215,80000.0,86152.795770566,6152.795770565994,0.07690994713207489,1.2049627133496874,1.6741432141755572,-0.28025111403442315
2022-08-19,4151.07,0.0,0.0,20.61022362397215,80000.0,85554.48097876206,5554.480978762062,0.06943101223452586,1.1965944763293908,1.6741432141755572,-0.285249633246782
2022-08-22,4181.4,0.0,0.0,20.61022362397215,80000.0,86179.58906127715,6179.589061277147,0.07724486326596436,1.2053374535538341,1.6741432141755572,-0.2800272740421371
2022-08-23,4161.08,0.0,0.0,20.61022362397215,80000.0,85760.78931723803,5760.789317238028,0.07200986646547536,1.1994799759013222,1.6741432141755572,-0.28352606530617874
2022-08-24,4082.42,0.0,0.0,20.61022362397215,80000.0,84139.58912697638,4139.5891269763815,0.05174486408720469,1.1768053109334777,1.6741432141755572,-0.2970701066855841
2022-08-25,4116.24,0.0,0.0,20.61022362397215,80000.0,84836.62688993911,4836.626889939114,0.06045783612423894,1.186554321475208,1.6741432141755572,-0.2912468231939558
2022-08-26,4107.55,0.0,0.0,20.61022362397215,80000.0,84657.52404664681,4657.524046646809,0.058219050583085075,1.1840493273413335,1.6741432141755572,-0.2927431074500838
2022-08-29,4089.52,0.0,0.0,20.61022362397215,80000.0,84285.92171470658,4285.921714706579,0.053574021433832275,1.1788519689715111,1.6741432141755572,-0.29584759595848287
2022-08-30,4075.79,0.0,0.0,20.61022362397215,80000.0,84002.94334434945,4002.943344349449,0.05003679180436804,1.1748941358923284,1.6741432141755572,-0.2982116906462434
2022-08-31,4078.84,0.0,0.0,20.61022362397215,80000.0,84065.80452640257,4065.8045264025714,0.05082255658003221,1.1757733340635963,1.6741432141755572,-0.2976865275874182
2022-09-01,4043.74,1000.0,0.2472958202060469,20.857519444178198,81000.0,84342.38567720115,3342.3856772011495,0.041264020706186955,1.165655348551629,1.6741432141755572,-0.3037302073791437
2022-09-02,4023.61,0.0,0.0,20.857519444178198,81000.0,83922.52381078985,2922.5238107898476,0.03608054087394863,1.1598526406212617,1.6741432141755572,-0.3071962835673896
2022-09-05,4015.43,0.0,0.0,20.857519444178198,81000.0,83751.90930173646,2751.909301736465,0.033974188910326664,1.1574946599520908,1.6741432141755572,-0.3086047536726978
2022-09-06,4052.28,0.0,0.0,20.857519444178198,81000.0,84520.50889325443,3520.5088932544313,0.04346307275622752,1.168117103431179,1.6741432141755572,-0.30225975081443324
2022-09-07,4054.98,0.0,0.0,20.857519444178198,81000.0,84576.82419575371,3576.8241957537102,0.04415832340436676,1.1688954100090225,1.6741432141755572,-0.3017948523689159
2022-09-08,4037.68,0.0,0.0,20.857519444178198,81000.0,84215.98910936942,3215.989109369417,0.039703569251474224,1.1639084826769133,1.6741432141755572,-0.304773646112416
2022-09-09,4093.79,0.0,0.0,20.857519444178198,81000.0,85386.30452538226,4386.304525382264,0.05415190772076861,1.180082846411286,1.6741432141755572,-0.2951123676761277
2022-09-13,4111.11,0.0,0.0,20.857519444178198,81000.0,85747.55676215542,4747.556762155422,0.058611811878461983,1.185075538977305,1.6741432141755572,-0.29213013024043866
2022-09-14,4065.36,0.0,0.0,20.857519444178198,81000.0,84793.32524758429,3793.325247584289,0.04683117589610242,1.1718875664082882,1.6741432141755572,-0.3000075761228158
2022-09-15,4027.12,0.0,0.0,20.857519444178198,81000.0,83995.73370403891,2995.73370403891,0.036984366716529715,1.1608644391724583,1.6741432141755572,-0.3065919155882171
2022-09-16,3932.68,0.0,0.0,20.857519444178198,81000.0,82025.94956773071,1025.9495677307132,0.0126660440460582,1.133641004649661,1.6741432141755572,-0.3228530301047572
2022-09-19,3928.0,0.0,0.0,20.857519444178198,81000.0,81928.33637673197,928.3363767319679,0.011460942922616901,1.1322919399147322,1.6741432141755572,-0.32365885407698725
2022-09-20,3932.84,0.0,0.0,20.857519444178198,81000.0,82029.28677084179,1029.2867708417907,0.012707244084466662,1.1336871265209407,1.6741432141755572,-0.322825480567245
2022-09-21,3903.73,0.0,0.0,20.857519444178198,81000.0,81422.12437982176,422.124379821762,0.005211412096564949,1.1252958285650043,1.6741432141755572,-0.32783777454835994
2022-09-22,3869.34,0.0,0.0,20.857519444178198,81000.0,80704.83428613647,-295.1657138635346,-0.0036440211588090188,1.1153825088568405,1.6741432141755572,-0.3337592032673752
2022-09-23,3856.02,0.0,0.0,20.857519444178198,81000.0,80427.01212714001,-572.987872859987,-0.0070739243562961684,1.111542863072812,1.6741432141755572,-0.33605270226526085
2022-09-26,3836.68,0.0,0.0,20.857519444178198,81000.0,80023.6277010896,-976.372298910399,-0.012053978998893822,1.1059678818818877,1.6741432141755572,-0.33938275261204054
2022-09-27,3892.3,0.0,0.0,20.857519444178198,81000.0,81183.7229325748,183.72293257480487,0.0022681843527754264,1.1220009973854663,1.6741432141755572,-0.32980584463438334
2022-09-28,3828.71,0.0,0.0,20.857519444178198,81000.0,79857.39327111951,-1142.6067288804916,-0.014106255912104793,1.1036704361687715,1.6741432141755572,-0.34075506394936395
2022-09-29,3827.14,0.0,0.0,20.857519444178198,81000.0,79824.64696559215,-1175.3530344078463,-0.014510531288985717,1.10321786530684,1.6741432141755572,-0.3410253937862019
2022-09-30,3804.89,0.0,0.0,20.857519444178198,81000.0,79360.56715795919,-1639.4328420408128,-0.0202399116301335,1.0968040425820176,1.6741432141755572,-0.3448565013464837
2022-10-10,3720.94,1000.0,0.26874929453310187,21.1262687387113,82000.0,78609.57840062042,-3390.4215993795806,-0.041346604870482695,1.0726044732449906,1.6741432141755572,-0.3593113993098842
2022-10-11,3727.69,0.0,0.0,21.1262687387113,82000.0,78752.18071460673,-3247.8192853932705,-0.03960755226089352,1.0745502396895998,1.6741432141755572,-0.35814915319609075
2022-10-12,3784.31,0.0,0.0,21.1262687387113,82000.0,79948.35005059256,-2051.649949407438,-0.025020121334237033,1.090871616888676,1.6741432141755572,-0.34840006060898265
2022-10-13,3752.67,0.0,0.0,21.1262687387113,82000.0,79279.91490769974,-2720.085092300258,-0.033171769418295804,1.0817510168431308,1.6741432141755572,-0.35384798165200815
2022-10-14,3842.47,0.0,0.0,21.1262687387113,82000.0,81177.053840436,-822.9461595640023,-0.010035928775170788,1.107636917098819,1.6741432141755572,-0.33838580372332006
2022-10-17,3846.41,0.0,0.0,21.1262687387113,82000.0,81260.29133926652,-739.7086607334786,-0.009020837326017994,1.1087726681790797,1.6741432141755572,-0.3377073963620836
2022-10-18,3838.27,0.0,0.0,21.1262687387113,82000.0,81088.32351173343,-911.6764882665739,-0.011118005954470433,1.1064262179777289,1.6741432141755572,-0.33910897908301374
2022-10-19,3776.53,0.0,0.0,21.1262687387113,82000.0,79783.98767980539,-2216.0123201946117,-0.027024540490178217,1.0886289408977046,1.6741432141755572,-0.34973965687051034
2022-10-20,3754.93,0.0,0.0,21.1262687387113,82000.0,79327.66027504922,-2672.3397249507834,-0.0325895088408632,1.0824024882749554,1.6741432141755572,-0.35345884443464914
2022-10-21,3742.89,0.0,0.0,21.1262687387113,82000.0,79073.29999943514,-2926.700000564859,-0.03569146342152263,1.078931817461164,1.6741432141755572,-0.3555319471324375
2022-10-24,3633.37,0.0,0.0,21.1262687387113,82000.0,76759.55104717147,-5240.448952828534,-0.06390791405888452,1.0473613965702622,1.6741432141755572,-0.37438960555949685
2022-10-25,3627.45,0.0,0.0,21.1262687387113,82000.0,76634.4835362383,-5365.516463761698,-0.06543312760684994,1.0456548873329161,1.6741432141755572,-0.37540893844744594
2022-10-26,3656.9,0.0,0.0,21.1262687387113,82000.0,77256.65215059335,-4743.347849406651,-0.05784570548056889,1.0541441942653218,1.6741432141755572,-0.37033810169911774
2022-10-27,3631.14,0.0,0.0,21.1262687387113,82000.0,76712.43946788415,-5287.560532115851,-0.06448244551360793,1.0467185729893025,1.6741432141755572,-0.3747735772385722
2022-10-28,3541.33,0.0,0.0,21.1262687387113,82000.0,74815.0892724605,-7184.910727539507,-0.08762086253096957,1.0208297901166594,1.6741432141755572,-0.39023747701335476
2022-10-31,3508.7,0.0,0.0,21.1262687387113,82000.0,74125.73912351634,-7874.260876483662,-0.09602757166443487,1.0114238109925715,1.6741432141755572,-0.39585586081973656
2022-11-01,3634.17,1000.0,0.2751659938858116,21.40143473259711,83000.0,77776.45206216244,-5223.54793783756,-0.062934312504067,1.0475920059266604,1.6741432141755572,-0.37425185787193604
2022-11-02,3677.81,0.0,0.0,21.40143473259711,83000.0,78710.41067389297,-4289.5893261070305,-0.05168179910972326,1.0601717463181775,1.6741432141755572,-0.3667377215155001
2022-11-03,3647.9,0.0,0.0,21.40143473259711,83000.0,78070.293761041,-4929.706238958999,-0.059394051071795184,1.051549839005843,1.6741432141755572,-0.3718877631841756
2022-11-04,3767.17,0.0,0.0,21.40143473259711,83000.0,80622.84288159786,-2377.157118402145,-0.02864044720966441,1.0859308114278465,1.6741432141755572,-0.35135130481497057
2022-11-07,3775.3,0.0,0.0,21.40143473259711,83000.0,80796.83654597387,-2203.1634540261293,-0.026544138000314854,1.0882743790122424,1.6741432141755572,-0.3499514439401349
2022-11-08,3749.33,0.0,0.0,21.40143473259711,83000.0,80241.04128596833,-2758.9587140316726,-0.03324046643411649,1.0807882227801686,1.6741432141755572,-0.354423078247574
2022-11-09,3714.27,0.0,0.0,21.40143473259711,83000.0,79490.70698424347,-3509.293015756528,-0.04228063874405452,1.0706817677360214,1.6741432141755572,-0.36045987065492147
2022-11-10,3685.69,0.0,0.0,21.40143473259711,83000.0,78879.05397958585,-4120.946020414151,-0.04964995205318257,1.062443248478699,1.6741432141755572,-0.36538090679302715
2022-11-11,3788.44,0.0,0.0,21.40143473259711,83000.0,81078.0513983602,-1921.9486016398005,-0.023156007248672283,1.0920621376910815,1.6741432141755572,-0.34768893817195046
2022-11-14,3794.02,0.0,0.0,21.40143473259711,83000.0,81197.47140416809,-1802.5285958319146,-0.021717211997974828,1.0936706379519583,1.6741432141755572,-0.34672814805121466
2022-11-15,3865.97,0.0,0.0,21.40143473259711,83000.0,82737.30463317844,-262.6953668215574,-0.003165004419536821,1.1144110669430134,1.6741432141755572,-0.3343394654012247
2022-11-16,3834.39,0.0,0.0,21.40143473259711,83000.0,82061.44732432303,-938.5526756769686,-0.011307863562373122,1.105307762599198,1.6741432141755572,-0.3397770553676831
2022-11-17,3818.66,0.0,0.0,21.40143473259711,83000.0,81724.80275597928,-1275.1972440207173,-0.015363822217117074,1.10077340612902,1.6741432141755572,-0.34248551927434534
2022-11-18,3801.57,0.0,0.0,21.40143473259711,83000.0,81359.0522363992,-1640.9477636007941,-0.019770454983142116,1.0958470137529654,1.6741432141755572,-0.3454281542498606
2022-11-21,3769.13,0.0,0.0,21.40143473259711,83000.0,80664.78969367375,-2335.2103063262475,-0.028135063931641557,1.086495804351022,1.6741432141755572,-0.3510138229804468
2022-11-22,3769.57,0.0,0.0,21.40143473259711,83000.0,80674.20632495609,-2325.793675043911,-0.028021610542697695,1.086622639497041,1.6741432141755572,-0.35093806175228837
2022-11-23,3773.53,0.0,0.0,21.40143473259711,83000.0,80758.95600649717,-2241.043993502826,-0.02700053004220271,1.0877641558112117,1.6741432141755572,-0.3502562106988629
2022-11-24,3756.81,0.0,0.0,21.40143473259711,83000.0,80401.12401776815,-2598.8759822318534,-0.03131175882207049,1.082944420262491,1.6741432141755572,-0.3531351373688816
2022-11-25,3775.78,0.0,0.0,21.40143473259711,83000.0,80807.10923464553,-2192.890765354474,-0.026420370666921378,1.0884127446260814,1.6741432141755572,-0.3498687953275984
2022-11-28,3733.24,0.0,0.0,21.40143473259711,83000.0,79896.69220112084,-3103.307798879163,-0.03738925058890563,1.0761500920996117,1.6741432141755572,-0.3571935286136385
2022-11-29,3848.42,0.0,0.0,21.40143473259711,83000.0,82361.70945362137,-638.2905463786301,-0.007690247546730533,1.10935207418703,1.6741432141755572,-0.3373613052970873
2022-11-30,3853.04,0.0,0.0,21.40143473259711,83000.0,82460.58408208597,-539.4159179140261,-0.006498986962819586,1.110683843220229,1.6741432141755572,-0.33656581240142436
2022-12-01,3894.77,1000.0,0.256754570873248,21.65818930347036,84000.0,84353.66595347725,353.66595347724797,0.004210308969967214,1.1227130037733455,1.6741432141755572,-0.32938054864903965
2022-12-02,3870.95,0.0,0.0,21.65818930347036,84000.0,83837.76788426859,-162.23211573141452,-0.0019313347110883061,1.1158466101865916,1.6741432141755572,-0.3334819860461594
2022-12-05,3946.88,0.0,0.0,21.65818930347036,84000.0,85482.2741980811,1482.274198081097,0.0176461214057273,1.1377343207257276,1.6741432141755572,-0.32040800865055485
2022-12-06,3968.2,0.0,0.0,21.65818930347036,84000.0,85944.02679403107,1944.0267940310732,0.02314317611941763,1.1438800600737373,1.6741432141755572,-0.31673703277706233
2022-12-07,3958.44,0.0,0.0,21.65818930347036,84000.0,85732.6428664292,1732.6428664292034,0.02062670079082385,1.1410666259256803,1.6741432141755572,-0.31841755456530285
2022-12-08,3959.18,0.0,0.0,21.65818930347036,84000.0,85748.66992651377,1748.6699265137722,0.020817499125163952,1.1412799395803486,1.6741432141755572,-0.31829013795430916
2022-12-09,3998.24,0.0,0.0,21.65818930347036,84000.0,86594.63880070733,2594.6388007073256,0.030888557151277585,1.1525394414064865,1.6741432141755572,-0.31156460710915823
2022-12-12,3953.44,0.0,0.0,21.65818930347036,84000.0,85624.35191991186,1624.35191991186,0.01933752285609347,1.139625317448192,1.6741432141755572,-0.3192784776125571
2022-12-13,3945.68,0.0,0.0,21.65818930347036,84000.0,85456.28437091692,1456.2843709169247,0.017336718701391973,1.1373884066911304,1.6741432141755572,-0.32061463018189595
2022-12-14,3954.89,0.0,0.0,21.65818930347036,84000.0,85655.75629440189,1655.7562944018864,0.01971138445716525,1.1400432969066636,1.6741432141755572,-0.3190288099288534
2022-12-15,3951.99,0.0,0.0,21.65818930347036,84000.0,85592.94754542182,1592.947545421819,0.01896366125502169,1.1392073379897205,1.6741432141755572,-0.31952814529626095
2022-12-16,3954.23,0.0,0.0,21.65818930347036,84000.0,85641.4618894616,1641.4618894615996,0.019541212969780952,1.1398530441876353,1.6741432141755572,-0.3191424517710909
2022-12-19,3893.22,0.0,0.0,21.65818930347036,84000.0,84320.09576005687,320.0957600568654,0.0038106638102006762,1.1222661981453241,1.6741432141755572,-0.3296474347936885
2022-12-20,3829.02,0.0,0.0,21.65818930347036,84000.0,82929.64000677408,-1070.359993225924,-0.01274238087173718,1.1037597972943756,1.6741432141755572,-0.3407016867204343
2022-12-21,3830.54,0.0,0.0,21.65818930347036,84000.0,82962.56045451535,-1037.4395454846526,-0.012350470779579181,1.1041979550715322,1.6741432141755572,-0.3404399661140689
2022-12-22,3836.03,0.0,0.0,21.65818930347036,84000.0,83081.4639137914,-918.5360862085945,-0.010934953407245152,1.1057805117798143,1.6741432141755572,-0.33949467260818356
2022-12-23,3828.22,0.0,0.0,21.65818930347036,84000.0,82912.31345533128,-1087.6865446687152,-0.01294864934129425,1.1035291879379776,1.6741432141755572,-0.3408394344079949
2022-12-26,3843.49,0.0,0.0,21.65818930347036,84000.0,83243.03400599529,-756.9659940047131,-0.009011499928627487,1.1079309440282266,1.6741432141755572,-0.3382101754216802
2022-12-27,3887.85,0.0,0.0,21.65818930347036,84000.0,84203.79128349724,203.7912834972376,0.0024260867083003568,1.1207182328405019,1.6741432141755572,-0.33057206614643964
2022-12-28,3871.26,0.0,0.0,21.65818930347036,84000.0,83844.48192295266,-155.518077047338,-0.0018514056791349986,1.1159359713121961,1.6741432141755572,-0.33342860881722947
2022-12-29,3856.7,0.0,0.0,21.65818930347036,84000.0,83529.13868669413,-470.86131330586795,-0.005605491825069864,1.1117388810257502,1.6741432141755572,-0.3359356167308343
2022-12-30,3871.63,0.0,0.0,21.65818930347036,84000.0,83852.49545299495,-147.5045470050536,-0.001756006511964947,1.1160426281395301,1.6741432141755572,-0.33336490051173273
2023-01-03,3887.9,1000.0,0.2572082615293603,21.91539756499972,85000.0,85204.87419296241,204.87419296240842,0.002410284623087122,1.1207326459252769,1.6741432141755572,-0.330563456915967
2023-01-04,3892.95,0.0,0.0,21.91539756499972,85000.0,85315.54695066565,315.5469506656518,0.0037123170666546468,1.1221883674875397,1.6741432141755572,-0.3296939246382403
2023-01-05,3968.58,0.0,0.0,21.91539756499972,85000.0,86973.00846850658,1973.0084685065813,0.02321186433537159,1.1439895995180265,1.6741432141755572,-0.3166716026254709
2023-01-06,3980.89,0.0,0.0,21.91539756499972,85000.0,87242.78701253173,2242.7870125317277,0.026385729559196713,1.1475381009896024,1.6741432141755572,-0.3145520100831307
2023-01-09,4013.12,0.0,0.0,21.91539756499972,85000.0,87949.12027605168,2949.1202760516753,0.03469553265943137,1.1568287754354913,1.6741432141755572,-0.3090025001205293
2023-01-10,4017.47,0.0,0.0,21.91539756499972,85000.0,88044.45225545942,3044.452255459415,0.03581708535834616,1.158082713810906,1.6741432141755572,-0.30825349706941807
2023-01-11,4010.03,0.0,0.0,21.91539756499972,85000.0,87881.40169757583,2881.4016975758277,0.033898843500892006,1.1559380467964036,1.6741432141755572,-0.30953455056373247
2023-01-12,4017.87,0.0,0.0,21.91539756499972,85000.0,88053.21841448541,3053.218414485411,0.035920216641004865,1.158198018489105,1.6741432141755572,-0.3081846232256378
2023-01-13,4074.38,0.0,0.0,21.91539756499972,85000.0,89291.65753088356,4291.65753088356,0.050490088598630134,1.1744876869016767,1.6741432141755572,-0.2984544709455691
2023-01-16,4137.96,0.0,0.0,21.91539756499972,85000.0,90685.03850806624,5685.038508066238,0.06688280597724994,1.1928153655014169,1.6741432141755572,-0.28750697347668275
2023-01-17,4137.24,0.0,0.0,21.91539756499972,85000.0,90669.25942181943,5669.259421819428,0.06669716966846395,1.1926078170806584,1.6741432141755572,-0.2876309463954875
2023-01-18,4130.31,0.0,0.0,21.91539756499972,85000.0,90517.385716694,5517.385716694,0.06491042019639992,1.19061016353086,1.6741432141755572,-0.28882418573898194
2023-01-19,4156.01,0.0,0.0,21.91539756499972,85000.0,91080.61143411449,6080.611434114486,0.07153660510722926,1.1980184891051493,1.6741432141755572,-0.2843990412760946
2023-01-20,4181.53,0.0,0.0,21.91539756499972,85000.0,91639.89237997327,6639.892379973273,0.07811638094086204,1.205374927574249,1.6741432141755572,-0.2800048900429085
2023-01-30,4201.35,0.0,0.0,21.91539756499972,85000.0,92074.25555971157,7074.255559711572,0.08322653599660668,1.2110882743790123,1.6741432141755572,-0.2765921910835921
2023-01-31,4156.86,0.0,0.0,21.91539756499972,85000.0,91099.23952204472,6099.2395220447215,0.07175575908287901,1.198263511546322,1.6741432141755572,-0.2842526843580615
2023-02-01,4195.93,1000.0,0.23832618751981086,22.15372375251953,86000.0,92955.47410490927,6955.47410490927,0.0808776058710381,1.209525895989415,1.6741432141755572,-0.27752543166681587
2023-02-02,4181.15,0.0,0.0,22.15372375251953,86000.0,92628.04206784703,6628.0420678470255,0.07707025660287248,1.2052653881299598,1.6741432141755572,-0.28007032019449984
2023-02-03,4141.63,0.0,0.0,22.15372375251953,86000.0,91752.52690514746,5752.526905147461,0.06688984773427276,1.1938732859238932,1.6741432141755572,-0.28687505595999807
2023-02-06,4086.88,0.0,0.0,22.15372375251953,86000.0,90539.61052969702,4539.61052969702,0.05278616894996535,1.1780909580953973,1.6741432141755572,-0.2963021633274332
2023-02-07,4094.23,0.0,0.0,22.15372375251953,86000.0,90702.44039927803,4702.440399278028,0.05467953952648874,1.1802096815573049,1.6741432141755572,-0.29503660644796936
2023-02-08,4076.14,0.0,0.0,22.15372375251953,86000.0,90301.67953659495,4301.679536594951,0.050019529495290094,1.1749950274857526,1.6741432141755572,-0.29815142603293554
2023-02-09,4130.86,0.0,0.0,22.15372375251953,86000.0,91513.93130033281,5513.931300332813,0.0641154802364281,1.1907687074633835,1.6741432141755572,-0.28872948420378397
2023-02-10,4106.31,0.0,0.0,22.15372375251953,86000.0,90970.05738220847,4970.05738220847,0.057791364909400844,1.1836918828389165,1.6741432141755572,-0.29295661636580284
2023-02-13,4143.57,0.0,0.0,22.15372375251953,86000.0,91795.50512922734,5795.505129227342,0.06738959452589932,1.1944325136131584,1.6741432141755572,-0.2865410178176635
2023-02-14,4145.29,0.0,0.0,22.15372375251953,86000.0,91833.60953408168,5833.609534081683,0.06783266900094986,1.1949283237294144,1.6741432141755572,-0.286244860289408
2023-02-15,4123.69,0.0,0.0,22.15372375251953,86000.0,91355.08910102725,5355.089101027246,0.06226847791892154,1.1887018711066653,1.6741432141755572,-0.2899640478535468
2023-02-16,4093.49,0.0,0.0,22.15372375251953,86000.0,90686.04664370116,4686.046643701164,0.05448891446164139,1.1799963679026366,1.6741432141755572,-0.29516402305896305
2023-02-17,4034.51,0.0,0.0,22.15372375251953,86000.0,89379.42001677757,3379.4200167775707,0.03929558159043678,1.162994693102186,1.6741432141755572,-0.3053194713243751
2023-02-20,4133.49,0.0,0.0,22.15372375251953,86000.0,91572.19559380194,5572.195593801938,0.0647929720209528,1.1915268357225421,1.6741432141755572,-0.28827663868092834
2023-02-21,4144.35,0.0,0.0,22.15372375251953,86000.0,91812.78503375432,5812.7850337543205,0.06759052364830609,1.1946573577356467,1.6741432141755572,-0.28640671382229177
2023-02-22,4106.95,0.0,0.0,22.15372375251953,86000.0,90984.23576541008,4984.235765410078,0.05795622983034976,1.183876370324035,1.6741432141755572,-0.2928464182157543
2023-02-23,4103.65,0.0,0.0,22.15372375251953,86000.0,90911.12847702675,4911.128477026752,0.05710614508170653,1.1829251067288926,1.6741432141755572,-0.29341462742694224
2023-02-24,4061.05,0.0,0.0,22.15372375251953,86000.0,89967.37984516943,3967.379845169431,0.04613232378103982,1.1706451585006932,1.6741432141755572,-0.30074969178954913
2023-02-27,4043.84,0.0,0.0,22.15372375251953,86000.0,89586.11425938857,3586.1142593885743,0.04169900301614615,1.1656841747211788,1.6741432141755572,-0.30371298891819865
2023-02-28,4069.46,0.0,0.0,22.15372375251953,86000.0,90153.69266192813,4153.692661928129,0.04829875188288524,1.1730694393598284,1.6741432141755572,-0.2993016192240673
2023-03-01,4126.94,1000.0,0.24231028316379694,22.396034035683325,87000.0,92427.08870322294,5427.088703222937,0.06238032992210263,1.1896387216170325,1.6741432141755572,-0.2894044478728315
2023-03-02,4117.74,0.0,0.0,22.396034035683325,87000.0,92221.04519009465,5221.04519009465,0.0600120136792488,1.1869867140184545,1.6741432141755572,-0.29098854627977944
2023-03-03,4130.55,0.0,0.0,22.396034035683325,87000.0,92507.93838609176,5507.938386091759,0.06330963662174427,1.1906793463377794,1.6741432141755572,-0.2887828614327137
2023-03-06,4109.01,0.0,0.0,22.396034035683325,87000.0,92025.52781296315,5025.527812963148,0.057764687505323487,1.1844701894167602,1.6741432141755572,-0.2924917179202854
2023-03-07,4048.85,0.0,0.0,22.396034035683325,87000.0,90678.18240537643,3678.1824053764285,0.04227795868248774,1.167128365815622,1.6741432141755572,-0.3028503440248498
2023-03-08,4034.11,0.0,0.0,22.396034035683325,87000.0,90348.06486369047,3348.064863690466,0.03848350418035018,1.1628793884239867,1.6741432141755572,-0.3053883451681556
2023-03-09,4019.85,0.0,0.0,22.396034035683325,87000.0,90028.69741834162,3028.697418341617,0.034812614003926656,1.1587687766461905,1.6741432141755572,-0.30784369769892495
2023-03-10,3967.14,0.0,0.0,22.396034035683325,87000.0,88848.20246432074,1848.2024643207405,0.021243706486445246,1.1435745026765098,1.6741432141755572,-0.31691954846308024
2023-03-13,4008.69,0.0,0.0,22.396034035683325,87000.0,89778.75767850339,2778.757678503389,0.03193974343107353,1.1555517761244367,1.6741432141755572,-0.30976527794039665
2023-03-14,3984.7,0.0,0.0,22.396034035683325,87000.0,89241.47682198734,2241.4768219873367,0.02576410140215324,1.1486363780494484,1.6741432141755572,-0.31389598672112295
2023-03-15,3986.9,0.0,0.0,22.396034035683325,87000.0,89290.74809686585,2290.748096865849,0.026330437895009773,1.1492705537795431,1.6741432141755572,-0.31351718058033107
2023-03-16,3939.15,0.0,0.0,22.396034035683325,87000.0,88221.33747166197,1221.3374716619728,0.014038361743241135,1.1355060578195308,1.6741432141755572,-0.32173899568161
2023-03-17,3958.82,0.0,0.0,22.396034035683325,87000.0,88661.86746114386,1661.8674611438619,0.01910192484073403,1.1411761653699695,1.6741432141755572,-0.3183521244137114
2023-03-20,3939.08,0.0,0.0,22.396034035683325,87000.0,88219.76974927947,1219.7697492794687,0.014020341945740977,1.135485879500846,1.6741432141755572,-0.3217510486042716
2023-03-21,3982.38,0.0,0.0,22.396034035683325,87000.0,89189.51802302456,2189.5180230245605,0.02516687382786853,1.1479676109158938,1.6741432141755572,-0.31429545501504896
2023-03-22,3999.44,0.0,0.0,22.396034035683325,87000.0,89571.59436367331,2571.5943636733136,0.029558555904291017,1.1528853554410836,1.6741432141755572,-0.31135798557781713
2023-03-23,4039.09,0.0,0.0,22.396034035683325,87000.0,90459.59711318817,3459.597113188167,0.039765484059634204,1.1643149316675652,1.6741432141755572,-0.3045308658130902
2023-03-24,4027.05,0.0,0.0,22.396034035683325,87000.0,90189.94886339853,3189.948863398531,0.03666607888963824,1.1608442608537735,1.6741432141755572,-0.3066039685108787
2023-03-27,4012.48,0.0,0.0,22.396034035683325,87000.0,89863.63864749862,2863.638647498621,0.03291538675285777,1.1566442879503729,1.6741432141755572,-0.30911269827057786
2023-03-28,3999.51,0.0,0.0,22.396034035683325,87000.0,89573.16208605582,2573.162086055818,0.029576575701790953,1.1529055337597685,1.6741432141755572,-0.31134593265515564
2023-03-29,4006.14,0.0,0.0,22.396034035683325,87000.0,89721.6477917124,2721.6477917123993,0.03128330795071732,1.1548167088009178,1.6741432141755572,-0.3102043486944963
2023-03-30,4038.53,0.0,0.0,22.396034035683325,87000.0,90447.05533412818,3447.0553341281775,0.03962132567963428,1.1641535051180865,1.6741432141755572,-0.30462728919438264
2023-03-31,4050.93,0.0,0.0,22.396034035683325,87000.0,90724.76615617065,3724.766156170648,0.04281340409391543,1.167727950142257,1.6741432141755572,-0.302492200037192
2023-04-03,4090.57,1000.0,0.24446470785245086,22.640498743535776,88000.0,92612.54494534514,4612.544945345144,0.052415283469831264,1.1791546437517837,1.6741432141755572,-0.29566680211855945
2023-04-04,4103.11,0.0,0.0,22.640498743535776,88000.0,92896.45679958907,4896.456799589068,0.0556415545407849,1.182769445413324,1.6741432141755572,-0.2935076071160456
2023-04-06,4096.64,0.0,0.0,22.640498743535776,88000.0,92749.9727727184,4749.972772718407,0.053976963326345606,1.1809043922434543,1.6741432141755572,-0.2946216415391927
2023-04-07,4123.28,0.0,0.0,22.640498743535776,88000.0,93353.11565924619,5353.115659246192,0.06083085976416136,1.1885836838115114,1.6741432141755572,-0.29003464354342157
2023-04-10,4104.81,0.0,0.0,22.640498743535776,88000.0,92934.9456474531,4934.945647453103,0.056078927811967105,1.1832594902956701,1.6741432141755572,-0.29321489327997907
2023-04-11,4100.15,0.0,0.0,22.640498743535776,88000.0,92829.4409233082,4829.440923308197,0.05488001049213853,1.181916190794651,1.6741432141755572,-0.29401727356002016
2023-04-12,4097.29,0.0,0.0,22.640498743535776,88000.0,92764.6890969017,4764.689096901697,0.0541441942829739,1.1810917623455277,1.6741432141755572,-0.29450972154304966
2023-04-13,4068.98,0.0,0.0,22.640498743535776,88000.0,92123.7365774722,4123.736577472198,0.046860642925820484,1.1729310737459895,1.6741432141755572,-0.29938426783660377
2023-04-14,4092.0,0.0,0.0,22.640498743535776,88000.0,92644.9208585484,4644.920858548401,0.05278319157441369,1.1795668579763452,1.6741432141755572,-0.2954205781270448
2023-04-17,4149.38,0.0,0.0,22.640498743535776,88000.0,93944.03267645248,5944.03267645248,0.06754582586877822,1.1961073140639997,1.6741432141755572,-0.28554062523675394
2023-04-18,4162.03,0.0,0.0,22.640498743535776,88000.0,94230.4349855582,6230.434985558197,0.07080039756316125,1.199753824512045,1.6741432141755572,-0.2833624899272005
2023-04-19,4124.56,0.0,0.0,22.640498743535776,88000.0,93382.09549763793,5382.095497637929,0.06116017610952196,1.1889526587817485,1.6741432141755572,-0.2898142472433244
2023-04-20,4113.02,0.0,0.0,22.640498743535776,88000.0,93120.82414213753,5120.824142137528,0.05819118343338103,1.1856261188157058,1.6741432141755572,-0.2918012576363874
2023-04-21,4032.57,0.0,0.0,22.640498743535776,88000.0,91299.39601822007,3299.396018220068,0.03749313657068254,1.1624354654129205,1.6741432141755572,-0.30565350946670977
2023-04-24,3982.64,0.0,0.0,22.640498743535776,88000.0,90168.95591595532,2168.9559159553173,0.02464722631767402,1.1480425589567231,1.6741432141755572,-0.31425068701659187
2023-04-25,3962.67,0.0,0.0,22.640498743535776,88000.0,89716.82515604692,1716.8251560469216,0.019509376773260367,1.1422859728976353,1.6741432141755572,-0.3176892136673256
2023-04-26,3959.23,0.0,0.0,22.640498743535776,88000.0,89638.94184036915,1638.9418403691525,0.01862433909510397,1.1412943526651234,1.6741432141755572,-0.31828152872383664
2023-04-27,3988.42,0.0,0.0,22.640498743535776,88000.0,90299.81799869296,2299.817998692961,0.026134295439692812,1.1497087115566995,1.6741432141755572,-0.31325545997396576
2023-04-28,4029.09,0.0,0.0,22.640498743535776,88000.0,91220.60708259256,3220.6070825925563,0.03659780775673349,1.1614323147125887,1.6741432141755572,-0.30625271190759884
2023-05-04,4030.25,1000.0,0.24812356553563675,22.888622309071412,89000.0,92246.87006113505,3246.8700611350505,0.03648168608016911,1.161766698279366,1.6741432141755572,-0.3060529777606359
2023-05-05,4016.88,0.0,0.0,22.888622309071412,89000.0,91940.84918086277,2940.849180862773,0.03304324922317714,1.1579126394105625,1.6741432141755572,-0.30835508598899397
2023-05-08,4062.66,0.0,0.0,22.888622309071412,89000.0,92988.69031017205,3988.6903101720527,0.04481674505811295,1.1711092598304444,1.6741432141755572,-0.30047247456833326
2023-05-09,4027.88,0.0,0.0,22.888622309071412,89000.0,92192.62402626257,3192.624026262565,0.035872180070365856,1.1610835180610366,1.6741432141755572,-0.3064610552850344
2023-05-10,3996.87,0.0,0.0,22.888622309071412,89000.0,91482.84784845824,2482.8478484582447,0.027897166836609477,1.1521445228836547,1.6741432141755572,-0.31180050002410586
2023-05-11,3990.66,0.0,0.0,22.888622309071412,89000.0,91340.70950391892,2340.7095039189153,0.02630010678560568,1.1503544177546143,1.6741432141755572,-0.3128697664487958
2023-05-12,3937.76,0.0,0.0,22.888622309071412,89000.0,90129.90138376904,1129.9013837690436,0.012695521165944301,1.1351053740627892,1.6741432141755572,-0.3219783322887467
2023-05-15,3998.89,0.0,0.0,22.888622309071412,89000.0,91529.08286552258,2529.082865522578,0.02841666141036603,1.1527268115085598,1.6741432141755572,-0.3114526871130152
2023-05-16,3978.21,0.0,0.0,22.888622309071412,89000.0,91055.74615617098,2055.746156170979,0.023098271417651528,1.1467655596456687,1.6741432141755572,-0.3150134648364591
2023-05-17,3960.17,0.0,0.0,22.888622309071412,89000.0,90642.83540971534,1642.8354097153351,0.01845882482826222,1.1415653186588912,1.6741432141755572,-0.31811967519095286
2023-05-18,3956.07,0.0,0.0,22.888622309071412,89000.0,90548.99205824814,1548.9920582481427,0.01740440514885555,1.140383445707351,1.6741432141755572,-0.3188256320897014
2023-05-19,3944.54,0.0,0.0,22.888622309071412,89000.0,90285.08624302455,1285.086243024547,0.014439171269938766,1.1370597883582632,1.6741432141755572,-0.3208109206366698
2023-05-22,3969.33,0.0,0.0,22.888622309071412,89000.0,90852.49519006643,1852.495190066431,0.020814552697375532,1.1442057957896496,1.6741432141755572,-0.31654246416838283
2023-05-23,3913.19,0.0,0.0,22.888622309071412,89000.0,89567.52793363515,567.5279336351523,0.006376718355451061,1.1280227842044122,1.6741432141755572,-0.32620890814295456
2023-05-24,3859.09,0.0,0.0,22.888622309071412,89000.0,88329.25346671439,-670.7465332856082,-0.007536477902085448,1.1124278264779899,1.6741432141755572,-0.33552409551424656
2023-05-25,3850.5,0.0,0.0,22.888622309071412,89000.0,88132.64020107947,-867.35979892053,-0.0097456157182082,1.109951658513665,1.6741432141755572,-0.33700316130942953
2023-05-26,3850.95,0.0,0.0,22.888622309071412,89000.0,88142.94008111855,-857.0599188814522,-0.00962988672900511,1.1100813762766388,1.6741432141755572,-0.3369256782351767
2023-05-29,3833.94,0.0,0.0,22.888622309071412,89000.0,87753.60461564125,-1246.3953843587515,-0.014004442520884841,1.105178044836224,1.6741432141755572,-0.339854538441936
2023-05-30,3837.75,0.0,0.0,22.888622309071412,89000.0,87840.81026663881,-1159.189733361185,-0.013024603745631302,1.10627632189607,1.6741432141755572,-0.33919851507992815
2023-05-31,3798.54,0.0,0.0,22.888622309071412,89000.0,86943.34738590012,-2056.652614099876,-0.0231084563382008,1.0949735808156076,1.6741432141755572,-0.34594987361649676
2023-06-01,3806.87,1000.0,0.26268299153898084,23.151305300610392,90000.0,88134.00960973468,-1865.9903902653168,-0.020733226558503515,1.0973748007391029,1.6741432141755572,-0.344515575819771
2023-06-02,3861.83,0.0,0.0,23.151305300610392,90000.0,89406.40534905624,-593.5946509437636,-0.006595496121597377,1.1132176635236533,1.6741432141755572,-0.3350523096843513
2023-06-05,3844.25,0.0,0.0,23.151305300610392,90000.0,88999.4054018715,-1000.594598128504,-0.011117717756983336,1.1081500229168046,1.6741432141755572,-0.33807931511849754
2023-06-06,3808.16,0.0,0.0,23.151305300610392,90000.0,88163.87479357247,-1836.1252064275322,-0.02040139118252815,1.097746658326295,1.6741432141755572,-0.34429345767357933
2023-06-07,3789.34,0.0,0.0,23.151305300610392,90000.0,87728.16722781499,-2271.8327721850073,-0.02524258635761123,1.0923215732170293,1.6741432141755572,-0.3475339720234447
2023-06-08,3820.19,0.0,0.0,23.151305300610392,90000.0,88442.38499633882,-1557.6150036611798,-0.017306833374013064,1.1012144465231315,1.6741432141755572,-0.34222207682188543
2023-06-09,3836.7,0.0,0.0,23.151305300610392,90000.0,88824.61304685188,-1175.3869531481178,-0.013059855034979084,1.1059736471157975,1.6741432141755572,-0.3393793089198516
2023-06-12,3844.43,0.0,0.0,23.151305300610392,90000.0,89003.5726368256,-996.4273631743999,-0.011071415146382213,1.1082019100219942,1.6741432141755572,-0.3380483218887964
2023-06-13,3864.91,0.0,0.0,23.151305300610392,90000.0,89477.7113693821,-522.2886306178989,-0.005803207006865541,1.114105509545786,1.6741432141755572,-0.3345219810872426
2023-06-14,3864.02,0.0,0.0,23.151305300610392,90000.0,89457.10670766457,-542.8932923354296,-0.006032147692615841,1.113848956636793,1.6741432141755572,-0.3346752253896539
2023-06-15,3925.5,0.0,0.0,23.151305300610392,90000.0,90880.44895754609,880.4489575460902,0.00978276619495655,1.131571285675988,1.6741432141755572,-0.3240893156006144
2023-06-16,3963.35,0.0,0.0,23.151305300610392,90000.0,91756.7258631742,1756.7258631742006,0.01951917625749111,1.1424819908505737,1.6741432141755572,-0.31757212813289903
2023-06-19,3930.91,0.0,0.0,23.151305300610392,90000.0,91005.69751922239,1005.6975192223908,0.011174416880248783,1.1331307814486302,1.6741432141755572,-0.3231577968634852
2023-06-20,3924.24,0.0,0.0,23.151305300610392,90000.0,90851.27831286732,851.2783128673182,0.009458647920747909,1.131208075939661,1.6741432141755572,-0.3243062682085225
2023-06-21,3864.03,0.0,0.0,23.151305300610392,90000.0,89457.33822071757,-542.6617792824254,-0.0060295753253603035,1.1138518392537482,1.6741432141755572,-0.3346735035435593
2023-06-26,3809.7,0.0,0.0,23.151305300610392,90000.0,88199.52780373541,-1800.4721962645854,-0.02000524662516201,1.0981905813373611,1.6741432141755572,-0.34402829337502505
2023-06-27,3845.43,0.0,0.0,23.151305300610392,90000.0,89026.72394212622,-973.2760578737798,-0.010814178420819776,1.108490171717492,1.6741432141755572,-0.3378761372793455
2023-06-28,3840.8,0.0,0.0,23.151305300610392,90000.0,88919.5333985844,-1080.4666014155955,-0.01200518446017329,1.107155520067338,1.6741432141755572,-0.33867335202110294
2023-06-29,3821.84,0.0,0.0,23.151305300610392,90000.0,88480.58465008483,-1519.4153499151726,-0.01688239277683523,1.1016900783207026,1.6741432141755572,-0.3419379722162915
2023-06-30,3842.45,0.0,0.0,23.151305300610392,90000.0,88957.7330523304,-1042.2669476696028,-0.011580743862995568,1.107631151864909,1.6741432141755572,-0.33838924741550913
2023-07-03,3892.88,1000.0,0.25687922566326216,23.408184526273654,91000.0,91125.25337864019,125.25337864019093,0.001376410754287738,1.122168189168855,1.6741432141755572,-0.3297059775609017
2023-07-04,3899.01,0.0,0.0,23.408184526273654,91000.0,91268.74554978624,268.7455497862393,0.002953247799848846,1.1239352333622556,1.6741432141755572,-0.3286504859049679
2023-07-05,3868.81,0.0,0.0,23.408184526273654,91000.0,90561.81837709277,-438.1816229072283,-0.004815182669310247,1.1152297301582268,1.6741432141755572,-0.3338504611103842
2023-07-06,3842.75,0.0,0.0,23.408184526273654,91000.0,89951.80108833809,-1048.198911661908,-0.011518669358922096,1.1077176303735583,1.6741432141755572,-0.3383375920326738
2023-07-07,3825.7,0.0,0.0,23.408184526273654,91000.0,89552.69154216512,-1447.308457834879,-0.015904488547636042,1.1028027684653234,1.6741432141755572,-0.3412733396238111
2023-07-10,3844.33,0.0,0.0,23.408184526273654,91000.0,89988.7860198896,-1011.2139801104058,-0.011112241539674828,1.1081730838524446,1.6741432141755572,-0.33806554034974146
2023-07-11,3869.49,0.0,0.0,23.408184526273654,91000.0,90577.73594257064,-422.26405742936186,-0.004640264367355651,1.1154257481111651,1.6741432141755572,-0.3337333755759576
2023-07-12,3843.44,0.0,0.0,23.408184526273654,91000.0,89967.95273566121,-1032.0472643387911,-0.011341178728997758,1.1079165309434518,1.6741432141755572,-0.3382187846521526
2023-07-13,3898.42,0.0,0.0,23.408184526273654,91000.0,91254.93472091574,254.93472091574222,0.0028014804496234724,1.123765158961912,1.6741432141755572,-0.32875207482454394
2023-07-14,3899.1,0.0,0.0,23.408184526273654,91000.0,91270.85228639361,270.85228639360867,0.0029763987515780688,1.1239611769148503,1.6741432141755572,-0.32863498929011736
2023-07-17,3867.17,0.0,0.0,23.408184526273654,91000.0,90523.4289544697,-476.5710455303051,-0.00523704445637696,1.1147569809776108,1.6741432141755572,-0.3341328438698835
2023-07-18,3854.94,0.0,0.0,23.408184526273654,91000.0,90237.14685771336,-762.8531422866363,-0.008383001563589398,1.1112315404416746,1.6741432141755572,-0.3362386616434677
2023-07-19,3850.87,0.0,0.0,23.408184526273654,91000.0,90141.87554669143,-858.1244533085701,-0.009429939047346902,1.110058315340999,1.6741432141755572,-0.3369394530039328
2023-07-20,3823.69,0.0,0.0,23.408184526273654,91000.0,89505.64109126732,-1494.3589087326836,-0.016421526469589942,1.1022233624573732,1.6741432141755572,-0.3416194306888074
2023-07-21,3821.91,0.0,0.0,23.408184526273654,91000.0,89463.97452281055,-1536.0254771894543,-0.016879400848235804,1.1017102566393875,1.6741432141755572,-0.3419259192936299
2023-07-24,3805.22,0.0,0.0,23.408184526273654,91000.0,89073.29192306702,-1926.7080769329768,-0.021172616230032748,1.0968991689415317,1.6741432141755572,-0.344799680425365
2023-07-25,3915.12,0.0,0.0,23.408184526273654,91000.0,91645.8514025045,645.8514025045006,0.007097268159390158,1.1285791292767224,1.6741432141755572,-0.32587659184671447
2023-07-26,3907.01,0.0,0.0,23.408184526273654,91000.0,91456.01102599644,456.0110259964422,0.0050111101757850385,1.1262413269262368,1.6741432141755572,-0.32727300902936096
2023-07-27,3902.35,0.0,0.0,23.408184526273654,91000.0,91346.928886104,346.9288861039968,0.003812405341802272,1.1248980274252176,1.6741432141755572,-0.32807538930940205
2023-07-28,3992.74,0.0,0.0,23.408184526273654,91000.0,93462.79468543387,2462.794685433866,0.027063677861910662,1.1509540020812494,1.6741432141755572,-0.31251162246113795
2023-07-31,4014.63,0.0,0.0,23.408184526273654,91000.0,93975.199844714,2975.1998447140068,0.03269450378806593,1.1572640505956928,1.6741432141755572,-0.3087425013602585
2023-08-01,3998.0,1000.0,0.25012506253126565,23.65830958880492,92000.0,94585.92173604206,2585.921736042059,0.028107844956978933,1.152470258599567,1.6741432141755572,-0.3116059314154265
2023-08-02,3969.9,0.0,0.0,23.65830958880492,92000.0,93921.12323659664,1921.1232365966425,0.020881774310833157,1.1443701049560833,1.6741432141755572,-0.3164443189409959
2023-08-03,4004.98,0.0,0.0,23.65830958880492,92000.0,94751.05673697192,2751.056736971921,0.029902790619259934,1.1544823252341405,1.6741432141755572,-0.31040408284145937
2023-08-04,4020.58,0.0,0.0,23.65830958880492,92000.0,95120.12636655728,3120.126366557277,0.03391441702779652,1.1589792076839036,1.6741432141755572,-0.30771800293402585
2023-08-07,3990.15,0.0,0.0,23.65830958880492,92000.0,94400.20400576995,2400.2040057699487,0.02608917397576027,1.1502074042899104,1.6741432141755572,-0.31295758059961576
2023-08-08,3979.73,0.0,0.0,23.65830958880492,92000.0,94153.6844198546,2153.6844198546023,0.02340961325928914,1.1472037174228251,1.6741432141755572,-0.3147517442300938
2023-08-09,3967.57,0.0,0.0,23.65830958880492,92000.0,93865.99937525473,1865.9993752547307,0.020282601904942688,1.1436984552055738,1.6741432141755572,-0.3168455090810164
2023-08-10,3975.72,0.0,0.0,23.65830958880492,92000.0,94058.81459840349,2058.8145984034927,0.022378419547864015,1.1460477880238795,1.6741432141755572,-0.31544220451399185
2023-08-11,3884.25,0.0,0.0,23.65830958880492,92000.0,91894.78902031551,-105.21097968448885,-0.0011435976052661667,1.1196804907367104,1.6741432141755572,-0.3311919307404627
2023-08-14,3855.91,0.0,0.0,23.65830958880492,92000.0,91224.31252656877,-775.6874734312296,-0.008431385580774275,1.1115111542863072,1.6741432141755572,-0.3360716425723004
2023-08-15,3846.54,0.0,0.0,23.65830958880492,92000.0,91002.63416572167,-997.365834278331,-0.010840932981286189,1.1088101421994943,1.6741432141755572,-0.3376850123628551
2023-08-16,3818.33,0.0,0.0,23.65830958880492,92000.0,90335.23325222149,-1664.7667477785144,-0.018095290736723002,1.1006782797695058,1.6741432141755572,-0.34254234019546403
2023-08-17,3831.1,0.0,0.0,23.65830958880492,92000.0,90637.34986567052,-1362.6501343294804,-0.014811414503581255,1.1043593816210107,1.6741432141755572,-0.34034354273277645
2023-08-18,3784.0,0.0,0.0,23.65830958880492,92000.0,89523.04348403781,-2476.956515962185,-0.02692344039089334,1.090782255763072,1.6741432141755572,-0.34845343783791227
2023-08-21,3729.56,0.0,0.0,23.65830958880492,92000.0,88235.08511002327,-3764.9148899767315,-0.04092298793452964,1.0750892890601804,1.6741432141755572,-0.35782716797641756
2023-08-22,3758.23,0.0,0.0,23.65830958880492,92000.0,88913.36884593431,-3086.6311540656898,-0.03355033863114876,1.0833537518700977,1.6741432141755572,-0.3528906352234612
2023-08-23,3696.63,0.0,0.0,23.65830958880492,92000.0,87456.01697526393,-4543.983024736066,-0.04939111983408773,1.065596831427443,1.6741432141755572,-0.3634972071656347
2023-08-24,3723.43,0.0,0.0,23.65830958880492,92000.0,88090.0596722439,-3909.940327756107,-0.04249935138865335,1.0733222448667799,1.6741432141755572,-0.35888265963235144
2023-08-25,3709.15,0.0,0.0,23.65830958880492,92000.0,87752.21901131577,-4247.78098868423,-0.046171532485698163,1.0692058678550735,1.6741432141755572,-0.36134145585530986
2023-08-28,3752.62,0.0,0.0,23.65830958880492,92000.0,88780.6457291411,-3219.354270858894,-0.03499298120498795,1.081736603758356,1.6741432141755572,-0.35385659088248056
2023-08-29,3790.11,0.0,0.0,23.65830958880492,92000.0,89667.59575562541,-2332.4042443745857,-0.02535222004754989,1.0925435347225625,1.6741432141755572,-0.3474013898741676
2023-08-30,3788.51,0.0,0.0,23.65830958880492,92000.0,89629.74246028333,-2370.2575397166656,-0.025763668909963733,1.0920823160097664,1.6741432141755572,-0.34767688524928886
2023-08-31,3765.27,0.0,0.0,23.65830958880492,92000.0,89079.9233454395,-2920.0766545605,-0.0317399636365272,1.085383114206401,1.6741432141755572,-0.3516784555729272
2023-09-01,3791.49,1000.0,0.26374855267981717,23.922058141484737,93000.0,90700.24422285796,-2299.7557771420397,-0.02472855674346275,1.0929413358623492,1.6741432141755572,-0.34716377511312535
2023-09-04,3848.95,0.0,0.0,23.922058141484737,93000.0,92074.80568366767,-925.1943163323303,-0.009948325982068074,1.1095048528856435,1.6741432141755572,-0.3372700474540785
2023-09-05,3820.32,0.0,0.0,23.922058141484737,93000.0,91389.91715907697,-1610.0828409230307,-0.017312718719602493,1.1012519205435463,1.6741432141755572,-0.3421996928226567
2023-09-06,3812.03,0.0,0.0,23.922058141484737,93000.0,91191.60329708406,-1808.3967029159394,-0.019445125837805777,1.0988622310878708,1.6741432141755572,-0.34362710323500445
2023-09-07,3758.47,0.0,0.0,23.922058141484737,93000.0,89910.33786302613,-3089.6621369738714,-0.03322217351584811,1.083422934677017,1.6741432141755572,-0.35284931091719307
2023-09-08,3739.99,0.0,0.0,23.922058141484737,93000.0,89468.25822857149,-3531.741771428511,-0.037975717972349554,1.0780958585442206,1.6741432141755572,-0.35603128249984517
2023-09-11,3767.54,0.0,0.0,23.922058141484737,93000.0,90127.31093036941,-2872.6890696305927,-0.030889129780974134,1.0860374682551808,1.6741432141755572,-0.3512875965094736
2023-09-12,3760.6,0.0,0.0,23.922058141484737,93000.0,89961.2918468675,-3038.7081531324948,-0.03267428121647842,1.084036932088427,1.6741432141755572,-0.35248255769906267
2023-09-13,3736.65,0.0,0.0,23.922058141484737,93000.0,89388.35855437894,-3611.6414456210623,-0.038834854253989914,1.0771330644812587,1.6741432141755572,-0.35660637909541093
2023-09-14,3733.51,0.0,0.0,23.922058141484737,93000.0,89313.24329181468,-3686.7567081853194,-0.03964254524930455,1.076227922757396,1.6741432141755572,-0.3571470387690867
2023-09-15,3708.78,0.0,0.0,23.922058141484737,93000.0,88721.65079397577,-4278.349206024228,-0.046003754903486294,1.0690992110277395,1.6741432141755572,-0.3614051641608066
2023-09-18,3727.71,0.0,0.0,23.922058141484737,93000.0,89174.49535459407,-3825.504645405934,-0.041134458552751996,1.0745560049235097,1.6741432141755572,-0.3581457095039018
2023-09-19,3720.5,0.0,0.0,23.922058141484737,93000.0,89002.01731539397,-3997.9826846060314,-0.04298906112479606,1.0724776380989718,1.6741432141755572,-0.35938716053804254
2023-09-20,3705.69,0.0,0.0,23.922058141484737,93000.0,88647.73163431858,-4352.268365681419,-0.046798584577219526,1.0682084823886517,1.6741432141755572,-0.36193721460400985
2023-09-21,3672.44,0.0,0.0,23.922058141484737,93000.0,87852.32320111421,-5147.67679888579,-0.055351363428879474,1.0586237810133552,1.6741432141755572,-0.3676623528682512
2023-09-22,3738.93,0.0,0.0,23.922058141484737,93000.0,89442.90084694153,-3557.0991530584724,-0.038248377989876015,1.0777903011469931,1.6741432141755572,-0.3562137981858631
2023-09-25,3714.6,0.0,0.0,23.922058141484737,93000.0,88860.8771723592,-4139.122827640793,-0.04450669707140642,1.0707768940955356,1.6741432141755572,-0.36040304973380266
2023-09-26,3692.89,0.0,0.0,23.922058141484737,93000.0,88341.52929010756,-4658.470709892441,-0.050091082902069206,1.0645187326862817,1.6741432141755572,-0.3641411776049811
2023-09-27,3700.5,0.0,0.0,23.922058141484737,93000.0,88523.57615256427,-4476.423847435726,-0.04813358975737336,1.0667124041890188,1.6741432141755572,-0.36283085272705995
2023-09-28,3689.52,0.0,0.0,23.922058141484737,93000.0,88260.91195417076,-4739.088045829238,-0.05095793597665843,1.0635472907724548,1.6741432141755572,-0.3647214397388304
2023-10-09,3684.73,1000.0,0.2713903053955107,24.193448446880247,94000.0,89146.32529567306,-4853.674704326942,-0.0516348372800739,1.062166517251021,1.6741432141755572,-0.3655462040181001
2023-10-10,3657.13,0.0,0.0,24.193448446880247,94000.0,88478.58611853915,-5521.413881460845,-0.058738445547455775,1.0542104944552864,1.6741432141755572,-0.370298499238944
2023-10-11,3667.55,0.0,0.0,24.193448446880247,94000.0,88730.68185135565,-5269.31814864435,-0.05605657604940795,1.0572141813223717,1.6741432141755572,-0.36850433560846607
2023-10-12,3702.38,0.0,0.0,24.193448446880247,94000.0,89573.3396607605,-4426.6603392395045,-0.04709213126850542,1.0672543361765545,1.6741432141755572,-0.3625071456612923
2023-10-13,3663.41,0.0,0.0,24.193448446880247,94000.0,88630.52097478556,-5369.479025214445,-0.05712211728951533,1.0560207779030113,1.6741432141755572,-0.36921717989159275
2023-10-16,3626.6,0.0,0.0,24.193448446880247,94000.0,87739.9601374559,-6260.039862544101,-0.06659616875046914,1.0454098648917431,1.6741432141755572,-0.37555529536547916
2023-10-17,3639.4,0.0,0.0,24.193448446880247,94000.0,88049.63627757598,-5950.363722424023,-0.06330174172791514,1.0490996145941132,1.6741432141755572,-0.3733513323645079
2023-10-18,3610.58,0.0,0.0,24.193448446880247,94000.0,87352.38109333688,-6647.61890666312,-0.07071935007088426,1.040791912529871,1.6741432141755572,-0.37831369280888205
2023-10-19,3533.54,0.0,0.0,24.193448446880247,94000.0,85488.51782498922,-8511.48217501078,-0.0905476827128806,1.0185842315087328,1.6741432141755572,-0.39157879512097704
2023-10-20,3510.59,0.0,0.0,24.193448446880247,94000.0,84933.27818313333,-9066.721816866673,-0.09645448741347529,1.0119686255970621,1.6741432141755572,-0.3955304319078743
2023-10-23,3474.24,0.0,0.0,24.193448446880247,94000.0,84053.84633208922,-9946.153667910781,-0.10581014540330613,1.0014903129657227,1.6741432141755572,-0.4017893424614135
2023-10-24,3487.13,0.0,0.0,24.193448446880247,94000.0,84365.69988256952,-9634.30011743048,-0.10249255444074978,1.0052060062206873,1.6741432141755572,-0.3995698828455918
2023-10-25,3504.46,0.0,0.0,24.193448446880247,94000.0,84784.97234415395,-9215.027655846046,-0.0980322091047452,1.0102015814036616,1.6741432141755572,-0.3965859235638082
2023-10-26,3514.14,0.0,0.0,24.193448446880247,94000.0,85019.16492511975,-8980.835074880248,-0.09554079866893883,1.0129919546160786,1.6741432141755572,-0.39491917654432385
2023-10-27,3562.39,0.0,0.0,24.193448446880247,94000.0,86186.49881268172,-7813.501187318281,-0.08312235305657745,1.0269005814238397,1.6741432141755572,-0.38661126913831945
2023-10-30,3583.77,0.0,0.0,24.193448446880247,94000.0,86703.75474047603,-7296.245259523974,-0.07761963042046782,1.0330636164735794,1.6741432141755572,-0.3829299621882598
2023-10-31,3572.51,0.0,0.0,24.193448446880247,94000.0,86431.33651096416,-7568.66348903584,-0.08051769669187059,1.029817789782276,1.6741432141755572,-0.38486876089067656
2023-11-01,3571.03,1000.0,0.280031251487666,24.473479698367914,95000.0,87395.53020726278,-7604.469792737218,-0.08004705044986549,1.0293911624729395,1.6741432141755572,-0.38512359411266384
2023-11-02,3554.19,0.0,0.0,24.473479698367914,95000.0,86983.39680914226,-8016.603190857742,-0.08438529674587092,1.0245368355207591,1.6741432141755572,-0.3880231829358165
2023-11-03,3584.14,0.0,0.0,24.473479698367914,95000.0,87716.37752610836,-7283.622473891635,-0.07666971025149094,1.0331702733009134,1.6741432141755572,-0.3828662538827631
2023-11-06,3632.61,0.0,0.0,24.473479698367914,95000.0,88902.60708708827,-6097.392912911731,-0.06418308329380773,1.047142317681684,1.6741432141755572,-0.3745204658626794
2023-11-07,3619.76,0.0,0.0,24.473479698367914,95000.0,88588.12287296425,-6411.877127035754,-0.06749344344248165,1.0434381548945395,1.6741432141755572,-0.37673303809412295
2023-11-08,3611.07,0.0,0.0,24.473479698367914,95000.0,88375.44833438542,-6624.551665614577,-0.06973212279594287,1.0409331607606649,1.6741432141755572,-0.3782293223502511
2023-11-09,3612.83,0.0,0.0,24.473479698367914,95000.0,88418.52165865454,-6581.478341345457,-0.06927871938258379,1.0414405013447408,1.6741432141755572,-0.37792627743761753
2023-11-10,3586.49,0.0,0.0,24.473479698367914,95000.0,87773.89020339954,-7226.10979660046,-0.07606431364842592,1.033847688285333,1.6741432141755572,-0.3824616200505535
2023-11-13,3579.41,0.0,0.0,24.473479698367914,95000.0,87600.6179671351,-7399.382032864902,-0.07788823192489369,1.0318067954812096,1.6741432141755572,-0.38368068708546565
2023-11-14,3582.06,0.0,0.0,24.473479698367914,95000.0,87665.47268833577,-7334.527311664235,-0.07720555064909718,1.0325706889742783,1.6741432141755572,-0.38322439787042084
2023-11-15,3607.25,0.0,0.0,24.473479698367914,95000.0,88281.95964193766,-6718.040358062339,-0.07071621429539299,1.039832001083864,1.6741432141755572,-0.37888706755835344
2023-11-16,3572.36,0.0,0.0,24.473479698367914,95000.0,87428.0799352616,-7571.920064738399,-0.07970442173408843,1.0297745505279512,1.6741432141755572,-0.38489458858209424
2023-11-17,3568.07,0.0,0.0,24.473479698367914,95000.0,87323.08870735561,-7676.911292644392,-0.08080959255415154,1.0285379078542665,1.6741432141755572,-0.3856332605566384
2023-11-20,3576.32,0.0,0.0,24.473479698367914,95000.0,87524.99491486714,-7475.005085132856,-0.07868426405403006,1.030916066842122,1.6741432141755572,-0.3842127375286687
2023-11-21,3581.07,0.0,0.0,24.473479698367914,95000.0,87641.24394343438,-7358.756056565617,-0.07746059006911177,1.0322853098957356,1.6741432141755572,-0.38339486063377726
2023-11-22,3544.42,0.0,0.0,24.473479698367914,95000.0,86744.2909124892,-8255.709087510797,-0.0869022009211663,1.0217205187557472,1.6741432141755572,-0.3897054265701515
2023-11-23,3561.52,0.0,0.0,24.473479698367914,95000.0,87162.78741533129,-7837.212584668712,-0.08249697457546012,1.0266497937487569,1.6741432141755572,-0.38676106974854163
2023-11-24,3538.01,0.0,0.0,24.473479698367914,95000.0,86587.41590762266,-8412.584092377336,-0.08855351676186674,1.0198727612876073,1.6741432141755572,-0.39080912991673156
2023-11-27,3511.94,0.0,0.0,24.473479698367914,95000.0,85949.39229188621,-9050.607708113792,-0.09526955482225041,1.0123577788859839,1.6741432141755572,-0.39529798268511573
2023-11-28,3518.52,0.0,0.0,24.473479698367914,95000.0,86110.42778830147,-8889.572211698527,-0.09357444433366868,1.0142545408423582,1.6741432141755572,-0.39416500795492904
2023-11-29,3488.31,0.0,0.0,24.473479698367914,95000.0,85371.08396661378,-9628.916033386224,-0.10135701087774973,1.0055461550213745,1.6741432141755572,-0.3993667050064398
2023-11-30,3496.2,0.0,0.0,24.473479698367914,95000.0,85564.1797214339,-9435.820278566098,-0.09932442398490626,1.007820539798851,1.6741432141755572,-0.39800816843787246
2023-12-01,3482.88,1000.0,0.2871187063579566,24.760598404725872,96000.0,86238.19297185165,-9761.807028148352,-0.10168548987654535,1.0039808940148225,1.6741432141755572,-0.4003016674357579
2023-12-04,3460.14,0.0,0.0,24.760598404725872,96000.0,85675.13696412818,-10324.863035871822,-0.10755065662366481,0.997425823059206,1.6741432141755572,-0.4042171454546707
2023-12-05,3394.26,0.0,0.0,24.760598404725872,96000.0,84043.90874122485,-11956.091258775152,-0.12454261727890781,0.9784351425598216,1.6741432141755572,-0.41556066752529397
2023-12-06,3399.6,0.0,0.0,24.760598404725872,96000.0,84176.13033670608,-11823.869663293925,-0.123165308992645,0.9799744600137789,1.6741432141755572,-0.4146412017108263
2023-12-07,3391.28,0.0,0.0,24.760598404725872,96000.0,83970.12215797877,-12029.877842021233,-0.1253112275210545,0.9775761227072386,1.6741432141755572,-0.4160737776614575
2023-12-08,3399.46,0.0,0.0,24.760598404725872,96000.0,84172.66385292941,-11827.336147070586,-0.12320141819865194,0.9799341033764092,1.6741432141755572,-0.4146653075561495
2023-12-11,3419.45,0.0,0.0,24.760598404725872,96000.0,84667.62821503988,-11332.371784960123,-0.11804553942666796,0.985696454669407,1.6741432141755572,-0.41122333721322657
2023-12-12,3426.8,0.0,0.0,24.760598404725872,96000.0,84849.61861331463,-11150.381386685374,-0.11614980611130599,0.9878151781313147,1.6741432141755572,-0.40995778033376273
2023-12-13,3369.61,0.0,0.0,24.760598404725872,96000.0,83433.55999054835,-12566.440009451646,-0.13090041676512132,0.9713294917658046,1.6741432141755572,-0.4198050181482579
2023-12-14,3351.96,0.0,0.0,24.760598404725872,96000.0,82996.53542870494,-13003.464571295059,-0.13545275595099016,0.9662416728402713,1.6741432141755572,-0.4228440765050657
2023-12-15,3341.55,0.0,0.0,24.760598404725872,96000.0,82738.77759931174,-13261.22240068826,-0.13813773334050272,0.9632408685901409,1.6741432141755572,-0.42463651828944926
2023-12-18,3329.37,0.0,0.0,24.760598404725872,96000.0,82437.19351074217,-13562.806489257826,-0.1412792342631024,0.9597298411389795,1.6741432141755572,-0.42673372683256083
2023-12-19,3334.04,0.0,0.0,24.760598404725872,96000.0,82552.82550529225,-13447.174494707753,-0.14007473431987238,0.9610760232569535,1.6741432141755572,-0.42592962470642537
2023-12-20,3297.5,0.0,0.0,24.760598404725872,96000.0,81648.07323958357,-14351.926760416434,-0.1494992370876712,0.9505429409034698,1.6741432141755572,-0.43222125033576
2023-12-21,3330.87,0.0,0.0,24.760598404725872,96000.0,82474.33440834927,-13525.66559165073,-0.14089234991302846,0.960162233682226,1.6741432141755572,-0.4264754499183846
2023-12-22,3337.23,0.0,0.0,24.760598404725872,96000.0,82631.81181420332,-13368.18818579668,-0.13925196026871545,0.961995578065591,1.6741432141755572,-0.42538035580227707
2023-12-25,3347.45,0.0,0.0,24.760598404725872,96000.0,82884.86512989961,-13115.134870100388,-0.13661598823021237,0.9649416125935768,1.6741432141755572,-0.42362062909368925
2023-12-26,3324.79,0.0,0.0,24.760598404725872,96000.0,82323.78997004853,-13676.210029951471,-0.1424605211453278,0.9584096025736004,1.6741432141755572,-0.42752233234384585
2023-12-27,3336.36,0.0,0.0,24.760598404725872,96000.0,82610.27009359121,-13389.729906408786,-0.13947635319175822,0.9617447903905081,1.6741432141755572,-0.42553015641249925
2023-12-28,3414.54,0.0,0.0,24.760598404725872,96000.0,84546.05367687267,-11453.946323127326,-0.11931194086590968,0.9842810897445136,1.6741432141755572,-0.4120687636456304
2023-12-29,3431.11,0.0,0.0,24.760598404725872,96000.0,84956.33679243899,-11043.66320756101,-0.11503815841209386,0.9890575860389096,1.6741432141755572,-0.4092156646670294
2024-01-02,3386.35,1000.0,0.2953032025632318,25.055901607289105,97000.0,84848.05240784345,-12151.947592156546,-0.125277810228418,0.9761549925484351,1.6741432141755572,-0.41692264778605037
2024-01-03,3378.3,0.0,0.0,25.055901607289105,97000.0,84646.35239990479,-12353.64760009521,-0.12735719175355886,0.9738344858996791,1.6741432141755572,-0.41830873389212986
2024-01-04,3347.05,0.0,0.0,25.055901607289105,97000.0,83863.35547467701,-13136.64452532299,-0.13542932500332983,0.9648263079153779,1.6741432141755572,-0.42368950293746943
2024-01-05,3329.11,0.0,0.0,25.055901607289105,97000.0,83413.85259984224,-13586.147400157759,-0.1400633752593583,0.9596548930981502,1.6741432141755572,-0.42677849483101804
2024-01-08,3286.06,0.0,0.0,25.055901607289105,97000.0,82335.19603564843,-14664.803964351566,-0.151183546024243,0.9472452271069768,1.6741432141755572,-0.43419104226787797
2024-01-09,3292.5,0.0,0.0,25.055901607289105,97000.0,82496.55604199937,-14503.44395800063,-0.14952004080413017,0.9491016324259816,1.6741432141755572,-0.43308217338301436
2024-01-10,3277.13,0.0,0.0,25.055901607289105,97000.0,82111.44683429535,-14888.553165704652,-0.15349023882169743,0.9446710501661828,1.6741432141755572,-0.43572865083027423
2024-01-11,3295.67,0.0,0.0,25.055901607289105,97000.0,82575.98325009449,-14424.01674990551,-0.14870120360727335,0.9500154220007091,1.6741432141755572,-0.43253634817105513
2024-01-12,3284.17,0.0,0.0,25.055901607289105,97000.0,82287.84038161066,-14712.159618389342,-0.1516717486431891,0.9467004125024863,1.6741432141755572,-0.4345164711797401
2024-01-15,3280.92,0.0,0.0,25.055901607289105,97000.0,82206.40870138697,-14793.591298613028,-0.1525112505011652,0.9457635619921189,1.6741432141755572,-0.43507607116045544
2024-01-16,3300.88,0.0,0.0,25.055901607289105,97000.0,82706.52449746846,-14293.475502531539,-0.14735541755187154,0.9515172654342519,1.6741432141755572,-0.43163926635581606
2024-01-17,3229.08,0.0,0.0,25.055901607289105,97000.0,80907.5107620651,-16092.489237934904,-0.16590195090654536,0.9308200756975211,1.6741432141755572,-0.44400212131438854
2024-01-18,3274.73,0.0,0.0,25.055901607289105,97000.0,82051.31267043785,-14948.687329562148,-0.15411017865527987,0.9439792220969885,1.6741432141755572,-0.4361418938929563
2024-01-19,3269.78,0.0,0.0,25.055901607289105,97000.0,81927.28595748177,-15072.71404251823,-0.15538880456204363,0.9425523267042752,1.6741432141755572,-0.43699420770973807
2024-01-22,3218.9,0.0,0.0,25.055901607289105,97000.0,80652.4416837029,-16347.558316297102,-0.1685315290339907,0.9278855716373552,1.6741432141755572,-0.4457549606385983
2024-01-23,3231.93,0.0,0.0,25.055901607289105,97000.0,80978.92008164588,-16021.079918354124,-0.16516577235416618,0.9316416215296894,1.6741432141755572,-0.4435113951774535
2024-01-24,3277.11,0.0,0.0,25.055901607289105,97000.0,82110.9457162632,-14889.054283736798,-0.15349540498697734,0.9446652849322729,1.6741432141755572,-0.4357320945224633
2024-01-25,3342.92,0.0,0.0,25.055901607289105,97000.0,83759.8746010389,-13240.1253989611,-0.1364961381336196,0.9636357871129726,1.6741432141755572,-0.4244006253745016
2024-01-26,3333.82,0.0,0.0,25.055901607289105,97000.0,83531.86589641256,-13468.134103587436,-0.13884674333595293,0.9610126056839441,1.6741432141755572,-0.4259675053205044
2024-01-29,3303.96,0.0,0.0,25.055901607289105,97000.0,82783.69667441891,-14216.303325581088,-0.1465598280987741,0.9524051114563845,1.6741432141755572,-0.4311089377587074
2024-01-30,3245.04,0.0,0.0,25.055901607289105,97000.0,81307.40295171743,-15692.597048282565,-0.16177935101322227,0.9354207323576635,1.6741432141755572,-0.44125405494755265
2024-01-31,3215.35,0.0,0.0,25.055901607289105,97000.0,80563.49323299702,-16436.506767002982,-0.16944852337116478,0.9268622426183386,1.6741432141755572,-0.4463662160021489
2024-02-01,3217.71,1000.0,0.31078002678923833,25.366681634078343,98000.0,81622.62516079022,-16377.374839209777,-0.16711606978785487,0.927542540219713,1.6741432141755572,-0.4459598603238448
2024-02-02,3179.63,0.0,0.0,25.366681634078343,98000.0,80656.66192416452,-17343.338075835476,-0.17697283750852522,0.9165655348551629,1.6741432141755572,-0.45251665025173393
2024-02-05,3200.42,0.0,0.0,25.366681634078343,98000.0,81184.03523533701,-16815.96476466299,-0.17159147719043866,0.9225584955045588,1.6741432141755572,-0.4489369322212504
2024-02-06,3311.69,0.0,0.0,25.366681634078343,98000.0,84006.58590076091,-13993.41409923909,-0.14278993978815402,0.9546333743625813,1.6741432141755572,-0.42977795072765224
2024-02-07,3343.63,0.0,0.0,25.366681634078343,98000.0,84816.79771215338,-13183.202287846623,-0.1345224723249655,0.963840452916776,1.6741432141755572,-0.4242783743017914
2024-02-08,3364.93,0.0,0.0,25.366681634078343,98000.0,85357.10803095924,-12642.891969040764,-0.12900910172490576,0.9699804270308756,1.6741432141755572,-0.42061084212048794
2024-02-19,3403.81,0.0,0.0,25.366681634078343,98000.0,86343.36461289221,-11656.635387107788,-0.11894525905212028,0.981188041751824,1.6741432141755572,-0.41391630450503814
2024-02-20,3410.85,0.0,0.0,25.366681634078343,98000.0,86521.94605159611,-11478.053948403889,-0.11712299947350913,0.9832174040881273,1.6741432141755572,-0.41270412485450403
2024-02-21,3456.87,0.0,0.0,25.366681634078343,98000.0,87689.3207403964,-10310.679259603596,-0.10521101285309786,0.9964832073149287,1.6741432141755572,-0.4047801891275751
2024-02-22,3486.67,0.0,0.0,25.366681634078343,98000.0,88445.24785309193,-9554.752146908068,-0.09749747088681704,1.0050734058407584,1.6741432141755572,-0.3996490877659392
2024-02-23,3489.74,0.0,0.0,25.366681634078343,98000.0,88523.12356570855,-9476.876434291451,-0.09670282075807601,1.0059583692459362,1.6741432141755572,-0.39912048101492503
2024-02-26,3453.36,0.0,0.0,25.366681634078343,98000.0,87600.28368786079,-10399.716312139208,-0.10611955420550212,0.9954714087637321,1.6741432141755572,-0.4053845571067476
2024-02-27,3494.79,0.0,0.0,25.366681634078343,98000.0,88651.22530796066,-9348.77469203934,-0.09539566012285039,1.0074140908081992,1.6741432141755572,-0.39825094873719813
2024-02-28,3450.26,0.0,0.0,25.366681634078343,98000.0,87521.64697479515,-10478.353025204851,-0.10692196964494749,0.9945777975076894,1.6741432141755572,-0.40591832939604533
2024-02-29,3516.08,0.0,0.0,25.366681634078343,98000.0,89191.28195995018,-8808.718040049818,-0.08988487795969202,1.013551182305344,1.6741432141755572,-0.39458513840198917
2024-03-01,3537.8,1000.0,0.2826615410707219,25.649343175149067,99000.0,90742.24628504238,-8257.753714957624,-0.08341165368644066,1.0198122263315528,1.6741432141755572,-0.39084528868471624
2024-03-04,3540.87,0.0,0.0,25.649343175149067,99000.0,90820.98976859008,-8179.01023140992,-0.08261626496373653,1.0206971897367305,1.6741432141755572,-0.39031668193370217
2024-03-05,3565.51,0.0,0.0,25.649343175149067,99000.0,91452.98958442576,-7547.010415574245,-0.07623242844014388,1.0277999579137924,1.6741432141755572,-0.38607405315683274
2024-03-06,3551.05,0.0,0.0,25.649343175149067,99000.0,91082.1000821131,-7917.899917886898,-0.07997878704936257,1.0236316937968966,1.6741432141755572,-0.3885638426094923
2024-03-07,3529.72,0.0,0.0,25.649343175149067,99000.0,90534.99959218716,-8465.00040781284,-0.08550505462437208,1.0174830718319319,1.6741432141755572,-0.3922365403290793
2024-03-08,3544.91,0.0,0.0,25.649343175149067,99000.0,90924.61311501768,-8075.386884982319,-0.08156956449477093,1.021861766986541,1.6741432141755572,-0.38962105611152054
2024-03-11,3589.26,0.0,0.0,25.649343175149067,99000.0,92062.16148483554,-6937.838515164462,-0.07007917692085319,1.0346461731818615,1.6741432141755572,-0.38198466868237446
2024-03-12,3597.49,0.0,0.0,25.649343175149067,99000.0,92273.25557916702,-6726.744420832983,-0.0679469133417473,1.037018566935807,1.6741432141755572,-0.38056758934659385
2024-03-13,3572.36,0.0,0.0,25.649343175149067,99000.0,91628.68758517552,-7371.312414824482,-0.07445770115984329,1.0297745505279512,1.6741432141755572,-0.38489458858209424
2024-03-14,3562.22,0.0,0.0,25.649343175149067,99000.0,91368.6032453795,-7631.396754620495,-0.07708481570323733,1.026851576935605,1.6741432141755572,-0.3866405405219261
2024-03-15,3569.99,0.0,0.0,25.649343175149067,99000.0,91567.8986418504,-7432.101358149594,-0.07507173089039998,1.0290913703096218,1.6741432141755572,-0.3853026661064928
2024-03-18,3603.53,0.0,0.0,25.649343175149067,99000.0,92428.17761194492,-6571.8223880550795,-0.06638204432378869,1.0387596675766129,1.6741432141755572,-0.37952759430551053
2024-03-19,3577.63,0.0,0.0,25.649343175149067,99000.0,91763.85962370856,-7236.1403762914415,-0.07309232703324686,1.0312936896632239,1.6741432141755572,-0.3839871756902882
2024-03-20,3585.38,0.0,0.0,25.649343175149067,99000.0,91962.64203331596,-7037.357966684038,-0.07108442390589942,1.0335277178033306,1.6741432141755572,-0.3826527449670438
2024-03-21,3581.09,0.0,0.0,25.649343175149067,99000.0,91852.60635109458,-7147.393648905418,-0.07219589544348903,1.0322910751296457,1.6741432141755572,-0.3833914169415882
2024-03-22,3545.0,0.0,0.0,25.649343175149067,99000.0,90926.92155590343,-8073.078444096565,-0.08154624691006629,1.0218877105391357,1.6741432141755572,-0.3896055594966701
2024-03-25,3525.76,0.0,0.0,25.649343175149067,99000.0,90433.42819321358,-8566.571806786422,-0.08653102835137805,1.0163415555177613,1.6741432141755572,-0.39291839138250473
2024-03-26,3543.75,0.0,0.0,25.649343175149067,99000.0,90894.85987693451,-8105.140123065488,-0.0818701022531868,1.0215273834197638,1.6741432141755572,-0.3898207902584836
2024-03-27,3502.79,0.0,0.0,25.649343175149067,99000.0,89844.26278048039,-9155.737219519608,-0.09248219413656167,1.0097201843721804,1.6741432141755572,-0.39687347186159116
2024-03-28,3520.96,0.0,0.0,25.649343175149067,99000.0,90310.31134597286,-8689.688654027137,-0.08777463286896103,1.0149578993793726,1.6741432141755572,-0.3937448775078688
2024-03-29,3537.48,0.0,0.0,25.649343175149067,99000.0,90734.03849522633,-8265.961504773673,-0.08349456065427951,1.0197199825889935,1.6741432141755572,-0.39090038775974056
2024-04-01,3595.65,1000.0,0.2781138319914341,25.9274570071405,100000.0,93226.06078772474,-6773.9392122752615,-0.0677393921227526,1.0364881654160913,1.6741432141755572,-0.3808844090279835
2024-04-02,3580.68,0.0,0.0,25.9274570071405,100000.0,92837.92675632784,-7162.073243672159,-0.07162073243672162,1.0321728878344916,1.6741432141755572,-0.38346201263146307
2024-04-03,3567.8,0.0,0.0,25.9274570071405,100000.0,92503.98111007588,-7496.018889924118,-0.07496018889924116,1.028460077196482,1.6741432141755572,-0.3856797504011902
2024-04-08,3536.41,0.0,0.0,25.9274570071405,100000.0,91690.11823462174,-8309.88176537826,-0.08309881765378258,1.019411542574811,1.6741432141755572,-0.39108462529185306
2024-04-09,3533.49,0.0,0.0,25.9274570071405,100000.0,91614.41006016088,-8385.58993983912,-0.08385589939839122,1.018569818423958,1.6741432141755572,-0.39158740435144945
2024-04-10,3504.71,0.0,0.0,25.9274570071405,100000.0,90868.21784749538,-9131.782152504617,-0.0913178215250462,1.010273646827536,1.6741432141755572,-0.39654287741144545
2024-04-11,3504.24,0.0,0.0,25.9274570071405,100000.0,90856.03194270201,-9143.968057297985,-0.0914396805729798,1.010138163830652,1.6741432141755572,-0.39662380417788745
2024-04-12,3475.84,0.0,0.0,25.9274570071405,100000.0,90119.69216369923,-9880.307836300766,-0.09880307836300761,1.001951531678519,1.6741432141755572,-0.4015138470862921
2024-04-15,3549.08,0.0,0.0,25.9274570071405,100000.0,92018.6191149022,-7981.380885097795,-0.079813808850978,1.0230638182567662,1.6741432141755572,-0.3889030462901104
2024-04-16,3511.11,0.0,0.0,25.9274570071405,100000.0,91034.15357234108,-8965.846427658922,-0.08965846427658919,1.0121185216787207,1.6741432141755572,-0.39544089591096
2024-04-17,3565.4,0.0,0.0,25.9274570071405,100000.0,92441.75521325874,-7558.244786741256,-0.07558244786741253,1.0277682491272877,1.6741432141755572,-0.38609299346387227
2024-04-18,3569.8,0.0,0.0,25.9274570071405,100000.0,92555.83602409017,-7444.1639759098325,-0.07444163975909834,1.0290366005874774,1.6741432141755572,-0.3853353811822884
2024-04-19,3541.66,0.0,0.0,25.9274570071405,100000.0,91826.23738390922,-8173.762616090782,-0.08173762616090785,1.0209249164761736,1.6741432141755572,-0.39018065609223596
2024-04-22,3530.9,0.0,0.0,25.9274570071405,100000.0,91547.2579465124,-8452.7420534876,-0.08452742053487605,1.017823220632619,1.6741432141755572,-0.39203336248992726
2024-04-23,3506.22,0.0,0.0,25.9274570071405,100000.0,90907.36830757617,-9092.631692423834,-0.09092631692423836,1.0107089219877372,1.6741432141755572,-0.39628287865117473
2024-04-24,3521.62,0.0,0.0,25.9274570071405,100000.0,91306.65114548613,-8693.348854513868,-0.08693348854513872,1.015148152098401,1.6741432141755572,-0.3936312356656313
2024-04-25,3530.28,0.0,0.0,25.9274570071405,100000.0,91531.18292316797,-8468.817076832027,-0.08468817076832025,1.0176444983814106,1.6741432141755572,-0.3921401169477867
2024-04-26,3584.27,0.0,0.0,25.9274570071405,100000.0,92931.00632698348,-7068.993673016521,-0.07068993673016521,1.0332077473213281,1.6741432141755572,-0.38284386988353436
2024-04-29,3623.91,0.0,0.0,25.9274570071405,100000.0,93958.77072274653,-6041.229277253471,-0.06041229277253468,1.0446344409308546,1.6741432141755572,-0.376018471964902
2024-04-30,3604.39,0.0,0.0,25.9274570071405,100000.0,93452.66676196715,-6547.33323803285,-0.06547333238032849,1.0390075726347405,1.6741432141755572,-0.37937951554138305
2024-05-06,3657.88,1000.0,0.2733823963607335,26.200839403501234,101000.0,95839.5264372791,-5160.473562720901,-0.05109379765070199,1.0544266907269095,1.6741432141755572,-0.3701693607818559
2024-05-07,3659.01,0.0,0.0,26.200839403501234,101000.0,95869.13338580506,-5130.866614194936,-0.050800659546484495,1.0547524264428219,1.6741432141755572,-0.3699747921731764
2024-05-08,3630.22,0.0,0.0,26.200839403501234,101000.0,95114.81121937824,-5885.188780621756,-0.05826919584774015,1.0464533722294447,1.6741432141755572,-0.374931987079267
2024-05-09,3664.56,0.0,0.0,26.200839403501234,101000.0,96014.54804449448,-4985.451955505516,-0.04936091045054969,1.0563522788528337,1.6741432141755572,-0.3690191675907242
2024-05-10,3666.28,0.0,0.0,26.200839403501234,101000.0,96059.61348826851,-4940.386511731485,-0.04891471793793545,1.0568480889690897,1.6741432141755572,-0.36872301006246866
2024-05-13,3664.69,0.0,0.0,26.200839403501234,101000.0,96017.95415361694,-4982.045846383058,-0.04932718659785207,1.0563897528732484,1.6741432141755572,-0.36899678359149546
2024-05-14,3657.05,0.0,0.0,26.200839403501234,101000.0,95817.77974057419,-5182.220259425812,-0.05130911147946349,1.0541874335196464,1.6741432141755572,-0.37031227400770017
2024-05-15,3626.06,0.0,0.0,26.200839403501234,101000.0,95005.81572745969,-5994.184272540311,-0.059348359134062445,1.0452542035761745,1.6741432141755572,-0.37564827505458265
2024-05-16,3640.36,0.0,0.0,26.200839403501234,101000.0,95380.48773092976,-5619.512269070241,-0.055638735337329104,1.0493763458217908,1.6741432141755572,-0.37318603513943516
2024-05-17,3677.97,0.0,0.0,26.200839403501234,101000.0,96365.90130089544,-4634.098699104565,-0.04588216533766898,1.060217868189457,1.6741432141755572,-0.36671017197798805
2024-05-20,3690.96,0.0,0.0,26.200839403501234,101000.0,96706.25020474692,-4293.749795253083,-0.04251237421042653,1.0639623876139714,1.6741432141755572,-0.3644734939012212
2024-05-21,3676.16,0.0,0.0,26.200839403501234,101000.0,96318.4777815751,-4681.5222184249,-0.04635170513291975,1.0596961145206063,1.6741432141755572,-0.36702182612109413
2024-05-22,3684.45,0.0,0.0,26.200839403501234,101000.0,96535.68274023011,-4464.317259769887,-0.044201160987820676,1.0620858039762817,1.6741432141755572,-0.3655944157087464
2024-05-23,3641.79,0.0,0.0,26.200839403501234,101000.0,95417.95493127676,-5582.045068723237,-0.055267772957655836,1.0497885600463523,1.6741432141755572,-0.3729398111479205
2024-05-24,3601.48,0.0,0.0,26.200839403501234,101000.0,94361.79909492163,-6638.200905078367,-0.06572476143641948,1.0381687311008425,1.6741432141755572,-0.37988057275488496
2024-05-27,3635.71,0.0,0.0,26.200839403501234,101000.0,95258.65382770347,-5741.346172296529,-0.05684501160689637,1.0480359289377268,1.6741432141755572,-0.37398669357338166
2024-05-28,3609.17,0.0,0.0,26.200839403501234,101000.0,94563.28354993455,-6436.716450065447,-0.06372986584223217,1.0403854635392193,1.6741432141755572,-0.37855647310820784
2024-05-29,3613.52,0.0,0.0,26.200839403501234,101000.0,94677.25720133977,-6322.742798660227,-0.06260141384812101,1.0416394019146342,1.6741432141755572,-0.3778074700570965
2024-05-30,3594.31,0.0,0.0,26.200839403501234,101000.0,94173.93907639851,-6826.060923601486,-0.06758476161981675,1.0361018947441245,1.6741432141755572,-0.38111513640464767
2024-05-31,3579.92,0.0,0.0,26.200839403501234,101000.0,93796.90899738214,-7203.091002617861,-0.07131773269918673,1.0319538089459135,1.6741432141755572,-0.3835928729346456
2024-06-03,3588.75,1000.0,0.2786485545106235,26.47948795801186,102000.0,95028.26240931505,-6971.737590684948,-0.06835036853612697,1.0344991597171576,1.6741432141755572,-0.3820724828331945
2024-06-04,3615.67,0.0,0.0,26.47948795801186,102000.0,95741.09022514474,-6258.9097748552595,-0.061361860537796686,1.0422591645599542,1.6741432141755572,-0.3774372731467771
2024-06-05,3594.79,0.0,0.0,26.47948795801186,102000.0,95188.19851658145,-6811.801483418545,-0.06678236748449551,1.0362402603579632,1.6741432141755572,-0.3810324877921113
2024-06-06,3592.25,0.0,0.0,26.47948795801186,102000.0,95120.9406171681,-6879.059382831896,-0.06744175865521462,1.0355080756513992,1.6741432141755572,-0.38146983670011647
2024-06-07,3574.11,0.0,0.0,26.47948795801186,102000.0,94640.60270560977,-7359.397294390234,-0.07215095386657089,1.0302790084950721,1.6741432141755572,-0.38459326551555517
2024-06-11,3542.88,0.0,0.0,26.47948795801186,102000.0,93813.64829668106,-8186.351703318942,-0.08025835003253867,1.0212765957446808,1.6741432141755572,-0.3899705908687059
2024-06-12,3544.12,0.0,0.0,26.47948795801186,102000.0,93846.48286174898,-8153.517138251016,-0.07993644253187271,1.0216340402470978,1.6741432141755572,-0.38975708195298686
2024-06-13,3526.13,0.0,0.0,26.47948795801186,102000.0,93370.11687338437,-8629.883126615634,-0.08460669731976111,1.0164482123450953,1.6741432141755572,-0.3928546830770079
2024-06-14,3541.53,0.0,0.0,26.47948795801186,102000.0,93777.90098793774,-8222.09901206226,-0.08060881384374763,1.020887442455759,1.6741432141755572,-0.39020304009146456
2024-06-17,3536.2,0.0,0.0,26.47948795801186,102000.0,93636.76531712154,-8363.234682878465,-0.08199249689096533,1.0193510076187564,1.6741432141755572,-0.39112078405983774
2024-06-18,3545.59,0.0,0.0,26.47948795801186,102000.0,93885.40770904727,-8114.592290952729,-0.07955482638188949,1.0220577849394794,1.6741432141755572,-0.38950397057709396
2024-06-19,3528.75,0.0,0.0,26.47948795801186,102000.0,93439.49313183434,-8560.506868165656,-0.08392653792319271,1.017203457987299,1.6741432141755572,-0.3924035594002466
2024-06-20,3503.28,0.0,0.0,26.47948795801186,102000.0,92765.06057354379,-9234.939426456214,-0.0905386218280021,1.0098614326029742,1.6741432141755572,-0.3967891014029603
2024-06-21,3495.62,0.0,0.0,26.47948795801186,102000.0,92562.2276957854,-9437.772304214595,-0.09252717945308431,1.0076533480154624,1.6741432141755572,-0.3981080355113539
2024-06-24,3476.81,0.0,0.0,26.47948795801186,102000.0,92064.14852729521,-9935.851472704788,-0.09741030855592925,1.0022311455231516,1.6741432141755572,-0.4013468280151248
2024-06-25,3457.9,0.0,0.0,26.47948795801186,102000.0,91563.4214100092,-10436.578589990793,-0.10231939794108624,0.9967801168612913,1.6741432141755572,-0.40460283897984073
2024-06-26,3480.26,0.0,0.0,26.47948795801186,102000.0,92155.50276075036,-9844.497239249642,-0.09651467881617293,1.0032256483726185,1.6741432141755572,-0.40075279111251927
2024-06-27,3454.12,0.0,0.0,26.47948795801186,102000.0,91463.32894552792,-10536.671054472085,-0.10330069661247143,0.9956904876523102,1.6741432141755572,-0.40525369680356504
2024-06-28,3461.66,0.0,0.0,26.47948795801186,102000.0,91662.98428473133,-10337.015715268673,-0.10134329132616349,0.9978639808363624,1.6741432141755572,-0.4039554248483055
2024-07-01,3478.18,1000.0,0.28750668453041534,26.766994642542276,103000.0,93100.42542579769,-9899.574574202314,-0.09611237450681853,1.0026260640459834,1.6741432141755572,-0.40111093510017704
2024-07-02,3471.79,0.0,0.0,26.766994642542276,103000.0,92929.38433003184,-10070.61566996816,-0.09777296766959376,1.0007840718117536,1.6741432141755572,-0.4022111947545681
2024-07-03,3463.41,0.0,0.0,26.766994642542276,103000.0,92705.07691492734,-10294.92308507266,-0.09995070956381225,0.9983684388034832,1.6741432141755572,-0.4036541017817664
2024-07-04,3445.81,0.0,0.0,26.766994642542276,103000.0,92233.9778092186,-10766.022190781398,-0.10452448728913977,0.9932950329627248,1.6741432141755572,-0.40668455090810174
2024-07-05,3431.06,0.0,0.0,26.766994642542276,103000.0,91839.1646382411,-11160.835361758902,-0.10835762487144562,0.9890431729541346,1.6741432141755572,-0.40922427389750204
2024-07-08,3401.76,0.0,0.0,26.766994642542276,103000.0,91054.89169521462,-11945.108304785375,-0.11597192528917843,0.9805971052760538,1.6741432141755572,-0.41426928295441245
2024-07-09,3439.81,0.0,0.0,26.766994642542276,103000.0,92073.37584136335,-10926.624158636652,-0.1060837296955015,0.991565462789739,1.6741432141755572,-0.4077176585648069
2024-07-10,3428.97,0.0,0.0,26.766994642542276,103000.0,91783.22161943818,-11216.778380561824,-0.10890076097632839,0.9884407060105445,1.6741432141755572,-0.4095841397312544
2024-07-11,3468.17,0.0,0.0,26.766994642542276,103000.0,92832.48780942585,-10167.512190574154,-0.09871371058809864,0.9997405644740521,1.6741432141755572,-0.4028345030407803
2024-07-12,3472.4,0.0,0.0,26.766994642542276,103000.0,92945.7121967638,-10054.287803236206,-0.09761444469161362,1.000959911446007,1.6741432141755572,-0.40210616214280315
2024-07-15,3476.25,0.0,0.0,26.766994642542276,103000.0,93048.76512613759,-9951.234873862413,-0.09661393081419822,1.002069718973673,1.6741432141755572,-0.40144325139641734
2024-07-16,3498.28,0.0,0.0,26.766994642542276,103000.0,93638.4420181128,-9361.557981887207,-0.0908889124455069,1.008420124125486,1.6741432141755572,-0.3976500244502146
2024-07-17,3501.58,0.0,0.0,26.766994642542276,103000.0,93726.77310043319,-9273.226899566813,-0.09003132912200784,1.0093713877206283,1.6741432141755572,-0.39708181523902675
2024-07-18,3520.93,0.0,0.0,26.766994642542276,103000.0,94244.71444676637,-8755.285553233625,-0.08500277236149145,1.0149492515285075,1.6741432141755572,-0.39375004304615246
2024-07-19,3539.02,0.0,0.0,26.766994642542276,103000.0,94728.92937984997,-8271.070620150029,-0.08030165650631094,1.02016390560006,1.6741432141755572,-0.3906352234611862
2024-07-22,3514.92,0.0,0.0,26.766994642542276,103000.0,94083.8448089647,-8916.155191035301,-0.08656461350519706,1.0132167987385667,1.6741432141755572,-0.3947848725489521
2024-07-23,3439.88,0.0,0.0,26.766994642542276,103000.0,92075.24953098832,-10924.750469011677,-0.10606553853409395,0.9915856411084238,1.6741432141755572,-0.4077056056421453
2024-07-24,3418.17,0.0,0.0,26.766994642542276,103000.0,91494.13807729873,-11505.861922701268,-0.11170739730777934,0.9853274796991701,1.6741432141755572,-0.41144373351332364
2024-07-25,3399.27,0.0,0.0,26.766994642542276,103000.0,90988.24187855468,-12011.758121445324,-0.11661901088781867,0.9798793336542646,1.6741432141755572,-0.4146980226319451
2024-07-26,3409.29,0.0,0.0,26.766994642542276,103000.0,91256.44716487295,-11743.552835127048,-0.11401507606919459,0.982767715843151,1.6741432141755572,-0.4129727328452474
2024-07-29,3390.74,0.0,0.0,26.766994642542276,103000.0,90759.91941425379,-12240.080585746211,-0.11883573384219626,0.9774204613916697,1.6741432141755572,-0.4161667573505611
2024-07-30,3369.38,0.0,0.0,26.766994642542276,103000.0,90188.17640868909,-12811.82359131091,-0.12438663680884376,0.9712631915758402,1.6741432141755572,-0.41984462060843164
2024-07-31,3442.08,0.0,0.0,26.766994642542276,103000.0,92134.13691920192,-10865.86308079808,-0.10549381631842791,0.9922198168385186,1.6741432141755572,-0.4073267995013534
2024-08-01,3419.27,1000.0,0.2924600865096936,27.059454729051968,104000.0,92523.58177140552,-11476.418228594484,-0.11035017527494695,0.9856445675642175,1.6741432141755572,-0.4112543304429277
2024-08-02,3384.39,0.0,0.0,27.059454729051968,104000.0,91579.74799045619,-12420.252009543809,-0.11942550009176744,0.9755899996252597,1.6741432141755572,-0.417260129620574
2024-08-05,3343.32,0.0,0.0,27.059454729051968,104000.0,90468.41618473403,-13531.58381526597,-0.13011138283909585,0.9637510917911717,1.6741432141755572,-0.4243317515307212
2024-08-06,3342.98,0.0,0.0,27.059454729051968,104000.0,90459.21597012614,-13540.78402987386,-0.13019984644109484,0.9636530828147024,1.6741432141755572,-0.4243902942979345
2024-08-07,3341.49,0.0,0.0,27.059454729051968,104000.0,90418.89738257986,-13581.10261742014,-0.13058752516750138,0.9632235728884109,1.6741432141755572,-0.4246468493660164
2024-08-08,3342.94,0.0,0.0,27.059454729051968,104000.0,90458.13359193699,-13541.866408063011,-0.1302102539236828,0.9636415523468825,1.6741432141755572,-0.42439718168231255
2024-08-09,3331.63,0.0,0.0,27.059454729051968,104000.0,90152.09115895141,-13847.908841048586,-0.1331529696254672,0.9603813125708043,1.6741432141755572,-0.42634458961520183
2024-08-12,3325.86,0.0,0.0,27.059454729051968,104000.0,89995.95810516478,-14004.041894835216,-0.13465424898880018,0.9587180425877829,1.6741432141755572,-0.42733809481173335
2024-08-13,3334.39,0.0,0.0,27.059454729051968,104000.0,90226.77525400359,-13773.224745996413,-0.13243485332688854,0.9611769148503777,1.6741432141755572,-0.4258693600931175
2024-08-14,3309.24,0.0,0.0,27.059454729051968,104000.0,89546.22996756792,-14453.770032432076,-0.1389785580041546,0.953927133208612,1.6741432141755572,-0.43019980302080685
2024-08-15,3341.95,0.0,0.0,27.059454729051968,104000.0,90431.34473175522,-13568.65526824478,-0.1304678391177383,0.9633561732683398,1.6741432141755572,-0.42456764444566897
2024-08-16,3345.63,0.0,0.0,27.059454729051968,104000.0,90530.92352515814,-13469.076474841859,-0.12951035071963324,0.9644169763077712,1.6741432141755572,-0.4239340050828897
2024-08-19,3356.97,0.0,0.0,27.059454729051968,104000.0,90837.77774178558,-13162.222258214417,-0.12655982940590782,0.9676858639347143,1.6741432141755572,-0.421981431611717
2024-08-20,3332.7,0.0,0.0,27.059454729051968,104000.0,90181.04477551149,-13818.955224488513,-0.13287456946623566,0.9606897525849867,1.6741432141755572,-0.42616035208308944
2024-08-21,3321.64,0.0,0.0,27.059454729051968,104000.0,89881.76720620817,-14118.23279379183,-0.13575223840184447,0.9575015782327828,1.6741432141755572,-0.4280647138636161
2024-08-22,3313.14,0.0,0.0,27.059454729051968,104000.0,89651.76184101123,-14348.238158988766,-0.1379638284518151,0.9550513538210528,1.6741432141755572,-0.4295282830439485
2024-08-23,3327.19,0.0,0.0,27.059454729051968,104000.0,90031.94717995441,-13968.052820045588,-0.13430820019274603,0.9591014306427947,1.6741432141755572,-0.42710908928116376
2024-08-26,3324.22,0.0,0.0,27.059454729051968,104000.0,89951.58059940912,-14048.41940059088,-0.1350809557749123,0.9582452934071667,1.6741432141755572,-0.4276204775712329
2024-08-27,3305.33,0.0,0.0,27.059454729051968,104000.0,89440.42749957734,-14559.572500422655,-0.13999588942714092,0.9528000299792163,1.6741432141755572,-0.43087304484375977
2024-08-28,3286.5,0.0,0.0,27.059454729051968,104000.0,88930.89796702929,-15069.10203297071,-0.1448952118554876,0.9473720622529958,1.6741432141755572,-0.43411528103971964
2024-08-29,3277.68,0.0,0.0,27.059454729051968,104000.0,88692.23357631905,-15307.76642368095,-0.147190061766163,0.9448295940987065,1.6741432141755572,-0.43563394929507626
2024-08-30,3321.43,0.0,0.0,27.059454729051968,104000.0,89876.08472071508,-14123.91527928492,-0.13580687768543187,0.9574410432767283,1.6741432141755572,-0.4281008726316008
2024-09-02,3265.01,1000.0,0.3062777755657716,27.36573250461774,105000.0,89349.39028490197,-15650.609715098035,-0.14905342585807657,0.9411773184167515,1.6741432141755572,-0.4378155282968188
2024-09-03,3273.43,0.0,0.0,27.36573250461774,105000.0,89579.80975259084,-15420.190247409162,-0.1468589547372301,0.9436044818928415,1.6741432141755572,-0.43636573388524247
2024-09-04,3252.16,0.0,0.0,27.36573250461774,105000.0,88997.74062221762,-16002.259377782379,-0.15240247026459408,0.9374731556296066,1.6741432141755572,-0.44002810052826247
2024-09-05,3257.76,0.0,0.0,27.36573250461774,105000.0,89150.98872424349,-15849.011275756508,-0.1509429645310144,0.9390874211243936,1.6741432141755572,-0.4390638667153376
2024-09-06,3231.35,0.0,0.0,27.36573250461774,105000.0,88428.25972879653,-16571.740271203467,-0.15782609782098544,0.9314744297463008,1.6741432141755572,-0.44361126225093506
2024-09-09,3192.95,0.0,0.0,27.36573250461774,105000.0,87377.4156006192,-17622.584399380794,-0.16783413713695994,0.9204051806391914,1.6741432141755572,-0.4502231512538484
2024-09-10,3195.76,0.0,0.0,27.36573250461774,105000.0,87454.3133089572,-17545.686691042807,-0.16710177800993153,0.9212151960035398,1.6741432141755572,-0.4497393125012914
2024-09-11,3186.13,0.0,0.0,27.36573250461774,105000.0,87190.78130493771,-17809.218695062285,-0.1696116066196408,0.9184392358758976,1.6741432141755572,-0.4513974502903033
2024-09-12,3172.47,0.0,0.0,27.36573250461774,105000.0,86816.96539892463,-18183.03460107537,-0.1731717581054797,0.9145015811153997,1.6741432141755572,-0.45374949205540216
2024-09-13,3159.25,0.0,0.0,27.36573250461774,105000.0,86455.1904152136,-18544.809584786402,-0.17661723414082287,0.910690761500921,1.6741432141755572,-0.45602577259234267
2024-09-18,3171.01,0.0,0.0,27.36573250461774,105000.0,86777.01142946791,-18222.988570532092,-0.17355227210030566,0.9140807190399732,1.6741432141755572,-0.45400088158520047
2024-09-19,3196.04,0.0,0.0,27.36573250461774,105000.0,87461.97571405848,-17538.024285941516,-0.1670288027232525,0.9212959092782791,1.6741432141755572,-0.44969110081064523
2024-09-20,3201.05,0.0,0.0,27.36573250461774,105000.0,87599.07803390663,-17400.921966093374,-0.16572306634374645,0.9227401003727224,1.6741432141755572,-0.44882845591729637
2024-09-23,3212.76,0.0,0.0,27.36573250461774,105000.0,87919.53076153569,-17080.469238464313,-0.16267113560442203,0.9261156448269998,1.6741432141755572,-0.4468121741406266
2024-09-24,3351.91,0.0,0.0,27.36573250461774,105000.0,91727.47243955324,-13272.52756044676,-0.1264050243852073,0.9662272597554964,1.6741432141755572,-0.42285268573553825
2024-09-25,3401.53,0.0,0.0,27.36573250461774,105000.0,93085.36008643238,-11914.639913567618,-0.11347276108159632,0.9805308050860894,1.6741432141755572,-0.4143088854145861
2024-09-26,3545.32,0.0,0.0,27.36573250461774,105000.0,97020.27876327137,-7979.7212367286265,-0.0759973451117012,1.0219799542816952,1.6741432141755572,-0.38955046042164565
2024-09-27,3703.68,0.0,0.0,27.36573250461774,105000.0,101353.91616270262,-3646.0838372973813,-0.0347246079742608,1.0676290763807013,1.6741432141755572,-0.36228330566900624
2024-09-30,4017.85,0.0,0.0,27.36573250461774,105000.0,109951.40834367838,4951.408343678384,0.04715626993979405,1.1581922532551951,1.6741432141755572,-0.30818806691782663
2024-10-08,4256.1,1000.0,0.23495688541152696,27.600689390029267,106000.0,117471.29411290358,11471.294112903575,0.10821975578210918,1.2268706022075082,1.6741432141755572,-0.2671650837161571
2024-10-09,3955.98,0.0,0.0,27.600689390029267,106000.0,109187.77521316797,3187.7752131679736,0.030073351067622323,1.140357502154756,1.6741432141755572,-0.31884112870455195
2024-10-10,3997.79,0.0,0.0,27.600689390029267,106000.0,110341.7600365651,4341.7600365651015,0.04096000034495373,1.1524097236435125,1.6741432141755572,-0.31164209018341116
2024-10-11,3887.17,0.0,0.0,27.600689390029267,106000.0,107288.57177624006,1288.57177624006,0.012156337511698645,1.1205222148875635,1.6741432141755572,-0.3306891516808662
2024-10-14,3961.34,0.0,0.0,27.600689390029267,106000.0,109335.71490829854,3335.7149082985416,0.03146900856885426,1.1419025848426234,1.6741432141755572,-0.3179182191978953
2024-10-15,3855.99,0.0,0.0,27.600689390029267,106000.0,106427.98228105894,427.9822810589394,0.004037568689235327,1.111534215221947,1.6741432141755572,-0.3360578678035444
2024-10-16,3831.59,0.0,0.0,27.600689390029267,106000.0,105754.52545994225,-245.47454005775217,-0.0023157975477146042,1.1045006298518047,1.6741432141755572,-0.3402591722741455
2024-10-17,3788.22,0.0,0.0,27.600689390029267,106000.0,104557.48356109667,-1442.5164389033307,-0.013608645650031392,1.0919987201180719,1.6741432141755572,-0.34772681878602973
2024-10-18,3925.23,0.0,0.0,27.600689390029267,106000.0,108339.05401442458,2339.054014424575,0.022066547305892303,1.1314934550182036,1.6741432141755572,-0.3241358054451662
2024-10-21,3935.2,0.0,0.0,27.600689390029267,106000.0,108614.23288764317,2614.232887643171,0.024662574411727922,1.1343674241223152,1.6741432141755572,-0.322419124888941
2024-10-22,3957.78,0.0,0.0,27.600689390029267,106000.0,109237.45645407004,3237.4564540700376,0.030542042019528592,1.140876373206652,1.6741432141755572,-0.31853119640754024
2024-10-23,3973.21,0.0,0.0,27.600689390029267,106000.0,109663.33509135818,3663.3350913581817,0.034559765012813104,1.1453242511681805,1.6741432141755572,-0.31587438788371347
2024-10-24,3928.83,0.0,0.0,27.600689390029267,106000.0,108438.41649622869,2438.4164962286886,0.02300392920970462,1.1325311971219951,1.6741432141755572,-0.3235159408511431
2024-10-25,3956.42,0.0,0.0,27.600689390029267,106000.0,109199.91951649959,3199.919516499591,0.030187919966977228,1.1404843373007751,1.6741432141755572,-0.3187653674763935
2024-10-28,3964.16,0.0,0.0,27.600689390029267,106000.0,109413.54885237842,3413.548852378415,0.03220329106017372,1.1427154828239268,1.6741432141755572,-0.31743265859924386
2024-10-29,3924.65,0.0,0.0,27.600689390029267,106000.0,108323.04561457837,2323.0456145783683,0.021915524665833575,1.131326263234815,1.6741432141755572,-0.3242356725186476
2024-10-30,3889.45,0.0,0.0,27.600689390029267,106000.0,107351.50134804932,1351.5013480493217,0.012750012717446468,1.121179451553298,1.6741432141755572,-0.33029657077131824
2024-10-31,3891.04,0.0,0.0,27.600689390029267,106000.0,107395.38644417947,1395.3864441794722,0.013164023058297003,1.1216377876491392,1.6741432141755572,-0.33002279724229144
2024-11-01,3890.02,1000.0,0.257068087053537,27.857757477082803,107000.0,108367.23374100165,1367.233741001648,0.012777885429921865,1.1213437607197319,1.6741432141755572,-0.3301984255439312
2024-11-04,3944.76,0.0,0.0,27.857757477082803,107000.0,109892.16738529716,2892.167385297158,0.027029601731749064,1.1371232059312726,1.6741432141755572,-0.32077304002259066
2024-11-05,4044.57,0.0,0.0,27.857757477082803,107000.0,112672.65015908479,5672.650159084791,0.05301542204752141,1.1658946057588921,1.6741432141755572,-0.30358729415329944
2024-11-06,4024.28,0.0,0.0,27.857757477082803,107000.0,112107.4162598748,5107.4162598747935,0.047732862241820495,1.1600457759572451,1.6741432141755572,-0.3070809198790575
2024-11-07,4145.7,0.0,0.0,27.857757477082803,107000.0,115489.90517274218,8489.905172742176,0.079344908156469,1.1950465110245685,1.6741432141755572,-0.2861742645995331
2024-11-08,4104.05,0.0,0.0,27.857757477082803,107000.0,114329.62957382169,7329.629573821687,0.06850121097029604,1.1830404114070918,1.6741432141755572,-0.29334575358316173
2024-11-11,4131.13,0.0,0.0,27.857757477082803,107000.0,115084.01764630109,8084.017646301087,0.07555156678786057,1.190846538121168,1.6741432141755572,-0.2886829943592323
2024-11-12,4085.74,0.0,0.0,27.857757477082803,107000.0,113819.55403441629,6819.554034416287,0.06373414985435777,1.1777623397625299,1.6741432141755572,-0.2964984537822073
2024-11-13,4110.89,0.0,0.0,27.857757477082803,107000.0,114520.17663496493,7520.176634964926,0.07028202462584043,1.1850121214042957,1.6741432141755572,-0.2921680108545178
2024-11-14,4039.62,0.0,0.0,27.857757477082803,107000.0,112534.75425957322,5534.754259573223,0.05172667532311426,1.1644677103661787,1.6741432141755572,-0.3044396079700813
2024-11-15,3968.83,0.0,0.0,27.857757477082803,107000.0,110562.70360777054,3562.7036077705416,0.033296295399724674,1.1440616649419009,1.6741432141755572,-0.3166285564731083
2024-11-18,3950.38,0.0,0.0,27.857757477082803,107000.0,110048.72798231836,3048.7279823183635,0.028492784881479993,1.1387432366599695,1.6741432141755572,-0.3198053625174767
2024-11-19,3976.89,0.0,0.0,27.857757477082803,107000.0,110787.23713303583,3787.237133035829,0.03539473956108252,1.1463850542076117,1.6741432141755572,-0.3152407485209343
2024-11-20,3985.77,0.0,0.0,27.857757477082803,107000.0,111034.61401943232,4034.6140194323234,0.03770667307880671,1.1489448180636308,1.6741432141755572,-0.31371174918901057
2024-11-21,3989.3,0.0,0.0,27.857757477082803,107000.0,111132.95190332644,4132.951903326437,0.03862571872267706,1.1499623818487374,1.6741432141755572,-0.313103937517649
2024-11-22,3865.7,0.0,0.0,27.857757477082803,107000.0,107689.73307915899,689.733079158992,0.0064461035435419145,1.1143332362852292,1.6741432141755572,-0.3343859552457763
2024-11-25,3848.09,0.0,0.0,27.857757477082803,107000.0,107199.15796998757,199.15796998757287,0.0018612894391361046,1.1092569478275158,1.6741432141755572,-0.3374181262182061
2024-11-26,3840.18,0.0,0.0,27.857757477082803,107000.0,106978.80310834384,-21.196891656160005,-0.00019810179117907278,1.1069767978161293,1.6741432141755572,-0.3387801064789625
2024-11-27,3907.04,0.0,0.0,27.857757477082803,107000.0,108841.3727732616,1841.3727732615953,0.017209091338893368,1.1262499747771015,1.6741432141755572,-0.3272678434910775
2024-11-28,3872.55,0.0,0.0,27.857757477082803,107000.0,107880.55871787701,880.5587178770074,0.00822952072782246,1.116307828899388,1.6741432141755572,-0.3332064906710379
2024-11-29,3916.58,0.0,0.0,27.857757477082803,107000.0,109107.13577959297,2107.1357795929653,0.019692857753205173,1.1289999913521491,1.6741432141755572,-0.32562520231691616
2024-12-02,3947.63,1000.0,0.2533165468901594,28.11107402397296,108000.0,110972.11914925638,2972.119149256381,0.02751962175237388,1.137950516997351,1.6741432141755572,-0.32027887019346657
2024-12-03,3951.89,0.0,0.0,28.11107402397296,108000.0,111091.8723245985,3091.872324598502,0.02862844744998605,1.1391785118201707,1.6741432141755572,-0.319545363757206
2024-12-04,3930.56,0.0,0.0,28.11107402397296,108000.0,110492.26311566716,2492.263115667156,0.023076510330251487,1.133029889855206,1.6741432141755572,-0.3232180614767931
2024-12-05,3921.59,0.0,0.0,28.11107402397296,108000.0,110240.10678167213,2240.1067816721334,0.02074172945992725,1.1304441824465923,1.6741432141755572,-0.3247625574235673
2024-12-06,3973.14,0.0,0.0,28.11107402397296,108000.0,111689.23264760793,3689.2326476079324,0.03415956155192523,1.1453040728494956,1.6741432141755572,-0.31588644080637507
2024-12-09,3966.57,0.0,0.0,28.11107402397296,108000.0,111504.54289127044,3504.5428912704374,0.03244947121546704,1.1434101935100762,1.6741432141755572,-0.3170176936904672
2024-12-10,3995.64,0.0,0.0,28.11107402397296,108000.0,112321.73181314731,4321.731813147315,0.04001603530691966,1.1517899609981925,1.6741432141755572,-0.3120122870937305
2024-12-11,3988.83,0.0,0.0,28.11107402397296,108000.0,112130.29539904406,4130.295399044058,0.038243475917074665,1.1498268988518536,1.6741432141755572,-0.31318486428409087
2024-12-12,4028.5,0.0,0.0,28.11107402397296,108000.0,113245.46170557507,5245.461705575071,0.04856908986643593,1.161262240312245,1.6741432141755572,-0.30635430082717496
2024-12-13,3933.18,0.0,0.0,28.11107402397296,108000.0,110565.91412960997,2565.9141296099697,0.02375846416305527,1.1337851354974098,1.6741432141755572,-0.32276693780003185
2024-12-16,3911.84,0.0,0.0,28.11107402397296,108000.0,109966.02380993839,1966.023809938386,0.018203924166096064,1.1276336309154904,1.6741432141755572,-0.3264413573657132
2024-12-17,3922.03,0.0,0.0,28.11107402397296,108000.0,110252.47565424268,2252.4756542426767,0.020856256057802502,1.1305710175926114,1.6741432141755572,-0.32468679619540886
2024-12-18,3941.89,0.0,0.0,28.11107402397296,108000.0,110810.76158435877,2810.76158435877,0.02602557022554408,1.1362958948651942,1.6741432141755572,-0.32126720985171475
2024-12-19,3945.46,0.0,0.0,28.11107402397296,108000.0,110911.11811862436,2911.118118624363,0.026954797394669994,1.137324989118121,1.6741432141755572,-0.3206525107959751
2024-12-20,3927.74,0.0,0.0,28.11107402397296,108000.0,110412.98988691955,2412.989886919546,0.02234249895295881,1.1322169918739027,1.6741432141755572,-0.32370362207544456
2024-12-23,3933.57,0.0,0.0,28.11107402397296,108000.0,110576.87744847932,2576.877448479325,0.023859976374808634,1.133897557558654,1.6741432141755572,-0.3226997858023458
2024-12-24,3983.69,0.0,0.0,28.11107402397296,108000.0,111985.80447856085,3985.804478560851,0.036905597023711545,1.1483452337369957,1.6741432141755572,-0.31406989317666834
2024-12-25,3985.63,0.0,0.0,28.11107402397296,108000.0,112040.33996216736,4040.3399621673598,0.03741055520525327,1.1489044614262611,1.6741432141755572,-0.31373585503433365
2024-12-26,3987.48,0.0,0.0,28.11107402397296,108000.0,112092.3454491117,4092.345449111701,0.03789208749177497,1.1494377455629319,1.6741432141755572,-0.31341731350684954
2024-12-27,3981.03,0.0,0.0,28.11107402397296,108000.0,111911.02902165709,3911.0290216570866,0.03621323168201007,1.147578457626972,1.6741432141755572,-0.31452790423780763
2024-12-30,3999.05,0.0,0.0,28.11107402397296,108000.0,112417.59057556908,4417.5905755690765,0.04090361644045437,1.1527729333798395,1.6741432141755572,-0.31142513757550294
2024-12-31,3934.91,0.0,0.0,28.11107402397296,108000.0,110614.54628767144,2614.5462876714446,0.02420876192288368,1.1342838282306207,1.6741432141755572,-0.32246905842568185
2025-01-02,3820.4,1000.0,0.26175269605276935,28.37282672002573,109000.0,108395.5472011863,-604.4527988136979,-0.0055454385212265755,1.101274981479186,1.6741432141755572,-0.34218591805390075
2025-01-03,3775.16,0.0,0.0,28.37282672002573,109000.0,107111.96052037233,-1888.0394796276669,-0.017321463115850144,1.0882340223748728,1.6741432141755572,-0.3499755497854581
2025-01-06,3768.97,0.0,0.0,28.37282672002573,109000.0,106936.33272297538,-2063.6672770246223,-0.018932727312152453,1.0864496824797423,1.6741432141755572,-0.35104137251795897
2025-01-07,3796.11,0.0,0.0,28.37282672002573,109000.0,107706.37124015688,-1293.6287598431227,-0.011868153760028699,1.0942731048955483,1.6741432141755572,-0.3463682822174624
2025-01-08,3789.22,0.0,0.0,28.37282672002573,109000.0,107510.8824640559,-1489.1175359440967,-0.01366162877012933,1.0922869818135694,1.6741432141755572,-0.34755463417657895
2025-01-09,3779.88,0.0,0.0,28.37282672002573,109000.0,107245.88026249087,-1754.1197375091288,-0.01609284162852409,1.0895946175776217,1.6741432141755572,-0.3491628384288499
2025-01-10,3732.48,0.0,0.0,28.37282672002573,109000.0,105901.00827596165,-3098.991724038351,-0.02843111673429677,1.0759310132110333,1.6741432141755572,-0.35732438891682117
2025-01-13,3722.51,0.0,0.0,28.37282672002573,109000.0,105618.131193563,-3381.868806437007,-0.03102631932511013,1.073057044106922,1.6741432141755572,-0.35904106947304626
2025-01-14,3820.54,0.0,0.0,28.37282672002573,109000.0,108399.5193969271,-600.4806030728942,-0.005508996358466911,1.1013153381165557,1.6741432141755572,-0.34216181220857766
2025-01-15,3796.03,0.0,0.0,28.37282672002573,109000.0,107704.10141401929,-1295.8985859807144,-0.01188897785303411,1.0942500439599085,1.6741432141755572,-0.3463820569862184
2025-01-16,3800.38,0.0,0.0,28.37282672002573,109000.0,107827.5232102514,-1172.4767897486017,-0.01075666779585871,1.0955039823353232,1.6741432141755572,-0.3456330539351071
2025-01-17,3812.34,0.0,0.0,28.37282672002573,109000.0,108166.8622178229,-833.137782177102,-0.0076434658915330855,1.0989515922134752,1.6741432141755572,-0.3435737260060746
2025-01-20,3829.68,0.0,0.0,28.37282672002573,109000.0,108658.84703314814,-341.1529668518633,-0.0031298437325859574,1.103950050013404,1.6741432141755572,-0.3405880448781967
2025-01-21,3832.61,0.0,0.0,28.37282672002573,109000.0,108741.97941543782,-258.0205845621822,-0.0023671613262585822,1.1047946567812121,1.6741432141755572,-0.3400835439725056
2025-01-22,3797.02,0.0,0.0,28.37282672002573,109000.0,107732.19051247211,-1267.8094875278912,-0.011631279702090769,1.0945354230384512,1.6741432141755572,-0.3462115942228621
2025-01-23,3803.74,0.0,0.0,28.37282672002573,109000.0,107922.85590803067,-1077.1440919693268,-0.009882055889626873,1.0964725416321952,1.6741432141755572,-0.3450545136473523
2025-01-24,3832.86,0.0,0.0,28.37282672002573,109000.0,108749.07262211783,-250.92737788216618,-0.002302086035616213,1.1048667222050867,1.6741432141755572,-0.3400404978201428
2025-01-27,3817.08,0.0,0.0,28.37282672002573,109000.0,108301.34941647582,-698.6505835241842,-0.006409638380955873,1.1003179526501339,1.6741432141755572,-0.34275757095727755
2025-02-05,3795.08,1000.0,0.26349905667337714,28.63632577669911,110000.0,108677.14722863525,-1322.852771364749,-0.012025934285134099,1.0939761953491858,1.6741432141755572,-0.34654563236519675
2025-02-06,3842.83,0.0,0.0,28.63632577669911,110000.0,110044.53178447264,44.53178447263781,0.00040483440429661677,1.107740691309198,1.6741432141755572,-0.3383238172639178
2025-02-07,3892.7,0.0,0.0,28.63632577669911,110000.0,111472.62535095662,1472.6253509566159,0.013387503190514627,1.1221163020636653,1.6741432141755572,-0.32973697079060305
2025-02-10,3901.06,0.0,0.0,28.63632577669911,110000.0,111712.02503444983,1712.0250344498345,0.015563863949543899,1.1245261698380258,1.6741432141755572,-0.3282975074555936
2025-02-11,3883.14,0.0,0.0,28.63632577669911,110000.0,111198.86207653138,1198.8620765313826,0.010898746150285188,1.119360520254708,1.6741432141755572,-0.33138305565695325
2025-02-12,3919.86,0.0,0.0,28.63632577669911,110000.0,112250.38795905178,2250.3879590517754,0.020458072355016066,1.1299454897133814,1.6741432141755572,-0.3250604367979173
2025-02-13,3905.14,0.0,0.0,28.63632577669911,110000.0,111828.86124361875,1828.861243618754,0.016626011305625132,1.125702277555656,1.6741432141755572,-0.32759499424903415
2025-02-14,3939.01,0.0,0.0,28.63632577669911,110000.0,112798.77359767556,2798.773597675565,0.025443396342505142,1.1354657011821612,1.6741432141755572,-0.3217631015269332
2025-02-17,3947.4,0.0,0.0,28.63632577669911,110000.0,113039.03237094206,3039.0323709420627,0.02762756700856417,1.1378842168073864,1.6741432141755572,-0.32031847265364033
2025-02-18,3912.78,0.0,0.0,28.63632577669911,110000.0,112047.64277255275,2047.6427725527465,0.018614934295934082,1.127904596909258,1.6741432141755572,-0.32627950383282944
2025-02-19,3940.16,0.0,0.0,28.63632577669911,110000.0,112831.70537231876,2831.7053723187564,0.025742776111988608,1.1357972021319833,1.6741432141755572,-0.32156508922606475
2025-02-20,3928.9,0.0,0.0,28.63632577669911,110000.0,112509.26034407313,2509.2603440731327,0.02281145767339221,1.13255137544068,1.6741432141755572,-0.3235038879284815
2025-02-21,3978.44,0.0,0.0,28.63632577669911,110000.0,113927.9039230508,3927.903923050806,0.035708217482280036,1.146831859835633,1.6741432141755572,-0.31497386237628544
2025-02-24,3969.72,0.0,0.0,28.63632577669911,110000.0,113678.19516227799,3678.195162277989,0.033438137838890825,1.1443182178508937,1.6741432141755572,-0.316475312170697
2025-02-25,3925.65,0.0,0.0,28.63632577669911,110000.0,112416.19228529886,2416.1922852988646,0.021965384411807953,1.1316145249303127,1.6741432141755572,-0.3240634879091968
2025-02-26,3959.94,0.0,0.0,28.63632577669911,110000.0,113398.13189618188,3398.131896181876,0.030892108147107855,1.1414990184689269,1.6741432141755572,-0.3181592776511264
2025-02-27,3968.12,0.0,0.0,28.63632577669911,110000.0,113632.37704103527,3632.3770410352736,0.03302160946395705,1.1438569991380974,1.6741432141755572,-0.3167508075458184
2025-02-28,3890.05,0.0,0.0,28.63632577669911,110000.0,111396.73908764838,1396.7390876483842,0.012697628069530786,1.1213524085705968,1.6741432141755572,-0.33019326000564764
2025-03-03,3888.47,1000.0,0.2571705580858281,28.89349633478494,111000.0,112351.49369292118,1351.4936929211835,0.012175618855145842,1.1208969550917103,1.6741432141755572,-0.3304653116885802
2025-03-04,3885.22,0.0,0.0,28.89349633478494,111000.0,112257.58982983313,1257.5898298331304,0.011329638106604811,1.119960104581343,1.6741432141755572,-0.3310249116692955
2025-03-05,3902.57,0.0,0.0,28.89349633478494,111000.0,112758.89199124166,1758.8919912416604,0.015845873794969823,1.1249614449982273,1.6741432141755572,-0.3280375086953228
2025-03-06,3956.24,0.0,0.0,28.89349633478494,111000.0,114309.60593952956,3309.6059395295597,0.029816269725491562,1.1404324501955854,1.6741432141755572,-0.31879636070609485
2025-03-07,3944.01,0.0,0.0,28.89349633478494,111000.0,113956.23847935515,2956.2384793551464,0.02663277909328965,1.1369070096596494,1.6741432141755572,-0.32090217847967883
2025-03-10,3928.8,0.0,0.0,28.89349633478494,111000.0,113516.76840010307,2516.768400103072,0.02267358919011775,1.1325225492711304,1.6741432141755572,-0.32352110638942644
2025-03-11,3941.42,0.0,0.0,28.89349633478494,111000.0,113881.40432384805,2881.4043238480517,0.025958597512144577,1.1361604118683104,1.6741432141755572,-0.32134813661815664
2025-03-12,3927.23,0.0,0.0,28.89349633478494,111000.0,113471.40561085746,2471.4056108574587,0.02226491541313025,1.132069978409199,1.6741432141755572,-0.3237914362262644
2025-03-13,3911.58,0.0,0.0,28.89349633478494,111000.0,113019.22239321806,2019.222393218064,0.018191192731694228,1.1275586828746609,1.6741432141755572,-0.32648612536417054
2025-03-14,4006.56,0.0,0.0,28.89349633478494,111000.0,115763.52667509594,4763.526675095942,0.04291465473059408,1.1549377787130268,1.6741432141755572,-0.31013203115852694
2025-03-17,3996.79,0.0,0.0,28.89349633478494,111000.0,115481.23721590509,4481.2372159050865,0.04037150644959531,1.152121461948015,1.6741432141755572,-0.31181427479286195
2025-03-18,4007.72,0.0,0.0,28.89349633478494,111000.0,115797.0431308443,4797.043130844293,0.043216604782380985,1.155272162279804,1.6741432141755572,-0.3099322970115641
2025-03-19,4010.17,0.0,0.0,28.89349633478494,111000.0,115867.83219686452,4867.832196864518,0.043854344115896504,1.1559784034337732,1.6741432141755572,-0.3095104447184094
2025-03-20,3974.99,0.0,0.0,28.89349633478494,111000.0,114851.35899580678,3851.358995806775,0.03469692789015122,1.1458373569861662,1.6741432141755572,-0.31556789927889095
2025-03-21,3914.7,0.0,0.0,28.89349633478494,111000.0,113109.3701017826,2109.370101782595,0.019003334250293547,1.1284580593646134,1.6741432141755572,-0.32594890938268384
2025-03-24,3934.85,0.0,0.0,28.89349633478494,111000.0,113691.57405292851,2691.5740529285104,0.02424841489124785,1.134266532528891,1.6741432141755572,-0.32247938950224875
2025-03-25,3932.3,0.0,0.0,28.89349633478494,111000.0,113617.89563727482,2617.8956372748216,0.02358464538085414,1.133531465205372,1.6741432141755572,-0.3229184602563485
2025-03-26,3919.36,0.0,0.0,28.89349633478494,111000.0,113244.0137947027,2244.013794702696,0.020216340492817064,1.1298013588656326,1.6741432141755572,-0.32514652910264275
2025-03-27,3932.41,0.0,0.0,28.89349633478494,111000.0,113621.07392187163,2621.0739218716335,0.02361327857542017,1.1335631739918768,1.6741432141755572,-0.3228995199493089
2025-03-28,3915.17,0.0,0.0,28.89349633478494,111000.0,113122.95004505994,2122.9500450599444,0.01912567608162119,1.1285935423614974,1.6741432141755572,-0.32586798261624184
2025-03-31,3887.31,0.0,0.0,28.89349633478494,111000.0,112317.97723717283,1317.9772371728322,0.011873668803358939,1.1205625715249332,1.6741432141755572,-0.330665045835543
2025-04-01,3887.68,1000.0,0.25722281669273195,29.15071915147767,112000.0,113328.6678308167,1328.667830816703,0.011863105632291981,1.1206692283522672,1.6741432141755572,-0.3306013375300463
2025-04-02,3884.39,0.0,0.0,29.15071915147767,112000.0,113232.76196480835,1232.7619648083491,0.011006803257217479,1.11972084737408,1.6741432141755572,-0.33116782489513963
2025-04-03,3861.5,0.0,0.0,29.15071915147767,112000.0,112565.50200343103,565.5020034310292,0.0050491250306341495,1.1131225371641391,1.6741432141755572,-0.33510913060547
2025-04-07,3589.44,0.0,0.0,29.15071915147767,112000.0,104634.75735108001,-7365.242648919986,-0.06576109507964278,1.034698060287051,1.6741432141755572,-0.38195367545267334
2025-04-08,3650.76,0.0,0.0,29.15071915147767,112000.0,106422.27944944863,-5577.72055055137,-0.04980107634420872,1.0523742674549663,1.6741432141755572,-0.3713953152011461
2025-04-09,3686.79,0.0,0.0,29.15071915147767,112000.0,107472.57986047635,-4527.420139523645,-0.04042339410288964,1.0627603363437463,1.6741432141755572,-0.3651915037226313
2025-04-10,3735.12,0.0,0.0,29.15071915147767,112000.0,108881.43411706727,-3118.5658829327294,-0.027844338240470834,1.0766920240871471,1.6741432141755572,-0.35686982154787084
2025-04-11,3750.52,0.0,0.0,29.15071915147767,112000.0,109330.35519200003,-2669.644807999968,-0.023836114357142613,1.0811312541978109,1.6741432141755572,-0.3542181785623275
2025-04-14,3759.14,0.0,0.0,29.15071915147767,112000.0,109581.63439108577,-2418.3656089142314,-0.021592550079591377,1.0836160700130004,1.6741432141755572,-0.3527339472288611
2025-04-15,3761.23,0.0,0.0,29.15071915147767,112000.0,109642.55939411235,-2357.4406058876484,-0.02104857683828254,1.0842185369565907,1.6741432141755572,-0.3523740813951086
2025-04-16,3772.82,0.0,0.0,29.15071915147767,112000.0,109980.416229078,-2019.5837709220068,-0.018031997954660817,1.0875594900074084,1.6741432141755572,-0.35037846177157306
2025-04-17,3772.22,0.0,0.0,29.15071915147767,112000.0,109962.92579758709,-2037.074202412914,-0.01818816252154387,1.0873865329901096,1.6741432141755572,-0.35048177253724366
2025-04-18,3772.52,0.0,0.0,29.15071915147767,112000.0,109971.67101333254,-2028.3289866674604,-0.018110080238102344,1.087473011498759,1.6741432141755572,-0.3504301171544083
2025-04-21,3784.88,0.0,0.0,29.15071915147767,112000.0,110331.9739020448,-1668.0260979551967,-0.01489309016031426,1.09103592605511,1.6741432141755572,-0.3483019153815955
2025-04-22,3783.95,0.0,0.0,29.15071915147767,112000.0,110304.86373323393,-1695.1362667660724,-0.015135145238982739,1.090767842678297,1.6741432141755572,-0.3484620470683849
2025-04-23,3786.88,0.0,0.0,29.15071915147767,112000.0,110390.27534034777,-1609.724659652231,-0.01437254160403778,1.091612449446105,1.6741432141755572,-0.3479575461626939
2025-04-24,3784.36,0.0,0.0,29.15071915147767,112000.0,110316.81552808604,-1683.1844719139626,-0.015028432784946144,1.090886029973451,1.6741432141755572,-0.34839145137851
2025-04-25,3786.99,0.0,0.0,29.15071915147767,112000.0,110393.48191945441,-1606.5180805455893,-0.014343911433442713,1.0916441582326097,1.6741432141755572,-0.3479386058556543
2025-04-28,3781.62,0.0,0.0,29.15071915147767,112000.0,110236.94255761098,-1763.0574423890212,-0.015741584307044865,1.0900961929277875,1.6741432141755572,-0.3488632372084054
2025-04-29,3775.08,0.0,0.0,29.15071915147767,112000.0,110046.29685436032,-1953.7031456396799,-0.017443778086068562,1.088210961439233,1.6741432141755572,-0.34998932455421405
2025-04-30,3770.57,0.0,0.0,29.15071915147767,112000.0,109914.82711098716,-2085.1728890128434,-0.018617615080471772,1.0869109011925386,1.6741432141755572,-0.35076587714283747
2025-05-06,3808.54,1000.0,0.26256780813645125,29.413286959614123,113000.0,112021.67991716877,-978.3200828312256,-0.008657699848063971,1.097856197770584,1.6741432141755572,-0.344228027521988
2025-05-07,3831.63,0.0,0.0,29.413286959614123,113000.0,112700.83271306627,-299.16728693373443,-0.002647498114457858,1.1045121603196246,1.6741432141755572,-0.34025228488976744
2025-05-08,3852.9,0.0,0.0,29.413286959614123,113000.0,113326.45332669726,326.4533266972576,0.002888967492896022,1.1106434865828594,1.6741432141755572,-0.33658991824674744
2025-05-09,3846.16,0.0,0.0,29.413286959614123,113000.0,113128.20777258945,128.20777258944872,0.0011345820583137378,1.108700602755205,1.6741432141755572,-0.3377504425144464
2025-05-12,3890.61,0.0,0.0,29.413286959614123,113000.0,114435.6283779443,1435.6283779443038,0.012704675911011432,1.1215138351200753,1.6741432141755572,-0.3300968366243553
2025-05-13,3896.26,0.0,0.0,29.413286959614123,113000.0,114601.81344926613,1601.8134492661338,0.014175340258992364,1.1231425136996371,1.6741432141755572,-0.3291239935809578
2025-05-14,3943.21,0.0,0.0,29.413286959614123,113000.0,115982.76727202,2982.767272020006,0.026396170548849573,1.1366764003032512,1.6741432141755572,-0.32103992616723953
2025-05-15,3907.2,0.0,0.0,29.413286959614123,113000.0,114923.59480860429,1923.5948086042918,0.017022962908002537,1.1262960966483813,1.6741432141755572,-0.32724029395356524
2025-05-16,3889.09,0.0,0.0,29.413286959614123,113000.0,114390.92018176569,1390.9201817656867,0.01230902815721846,1.121075677342919,1.6741432141755572,-0.3303585572307206
2025-05-19,3877.15,0.0,0.0,29.413286959614123,113000.0,114039.7255354679,1039.7255354678928,0.009201110933344081,1.1176338326986772,1.6741432141755572,-0.3324144414675638
2025-05-20,3898.17,0.0,0.0,29.413286959614123,113000.0,114657.99282735899,1657.9928273589903,0.014672502896982298,1.1236930935380376,1.6741432141755572,-0.32879512097690666
2025-05-21,3916.38,0.0,0.0,29.413286959614123,113000.0,115193.60878289356,2193.608782893556,0.019412467105252684,1.1289423390130495,1.6741432141755572,-0.32565963923880636
2025-05-22,3913.87,0.0,0.0,29.413286959614123,113000.0,115119.78143262492,2119.781432624921,0.01875912772234445,1.1282188021573505,1.6741432141755572,-0.326091822608528
2025-05-23,3882.27,0.0,0.0,29.413286959614123,113000.0,114190.32156470112,1190.3215647011239,0.010533819156647084,1.119109732579625,1.6741432141755572,-0.33153285626717544
2025-05-26,3860.11,0.0,0.0,29.413286959614123,113000.0,113538.52312567607,538.5231256760744,0.004765691377664361,1.1127218534073973,1.6741432141755572,-0.3353484672126068
2025-05-27,3839.4,0.0,0.0,29.413286959614123,113000.0,112929.37395274246,-70.62604725753772,-0.0006250092677658747,1.1067519536936412,1.6741432141755572,-0.33891441047433424
2025-05-28,3836.24,0.0,0.0,29.413286959614123,113000.0,112836.42796595008,-163.5720340499247,-0.0014475401243355668,1.1058410467358686,1.6741432141755572,-0.339458513840199
2025-05-29,3858.7,0.0,0.0,29.413286959614123,113000.0,113497.050391063,497.0503910630068,0.004398676027106196,1.1123154044167456,1.6741432141755572,-0.3355912475119325
2025-05-30,3840.23,0.0,0.0,29.413286959614123,113000.0,112953.78698091894,-46.2130190810567,-0.00040896477062879466,1.1069912109009041,1.6741432141755572,-0.3387714972484901
2025-06-03,3852.01,1000.0,0.2596047258444293,29.672891685458552,114000.0,114300.2755013032,300.27550130320014,0.002633995625466623,1.1103869336738665,1.6741432141755572,-0.3367431625491587
2025-06-04,3868.74,0.0,0.0,29.672891685458552,114000.0,114796.70297920091,796.7029792009125,0.006988622624569452,1.115209551839542,1.6741432141755572,-0.3338625140330458
2025-06-05,3877.56,0.0,0.0,29.672891685458552,114000.0,115058.41788386666,1058.4178838666558,0.009284367402339067,1.1177520199938311,1.6741432141755572,-0.33234384577768905
2025-06-06,3873.98,0.0,0.0,29.672891685458552,114000.0,114952.18893163273,952.1889316327288,0.008352534488006436,1.1167200431239497,1.6741432141755572,-0.33296026667952316
2025-06-09,3885.25,0.0,0.0,29.672891685458552,114000.0,115286.60242092784,1286.6024209278403,0.011285986148489746,1.119968752432208,1.6741432141755572,-0.3310197461310119
2025-06-10,3865.47,0.0,0.0,29.672891685458552,114000.0,114699.67262338946,699.6726233894587,0.006137479152539038,1.1142669360952646,1.6741432141755572,-0.33442555770595006
2025-06-11,3894.63,0.0,0.0,29.672891685458552,114000.0,115564.93414493745,1564.9341449374479,0.013727492499451266,1.1226726471359758,1.6741432141755572,-0.32940465449436274
2025-06-12,3892.2,0.0,0.0,29.672891685458552,114000.0,115492.82901814177,1492.8290181417688,0.013094991387208488,1.1219721712159165,1.6741432141755572,-0.3298230630953284
2025-06-13,3864.18,0.0,0.0,29.672891685458552,114000.0,114661.39459311523,661.3945931152266,0.005801706957151209,1.1138950785080726,1.6741432141755572,-0.33464767585214183
2025-06-16,3873.8,0.0,0.0,29.672891685458552,114000.0,114946.84781112934,946.8478111293371,0.00830568255376618,1.1166681560187601,1.6741432141755572,-0.3329912599092243
2025-06-17,3870.38,0.0,0.0,29.672891685458552,114000.0,114845.36652156507,845.366521565069,0.007415495803202443,1.1156823010201582,1.6741432141755572,-0.33358013127354624
2025-06-18,3874.97,0.0,0.0,29.672891685458552,114000.0,114981.56509440132,981.5650944013178,0.008610220126327395,1.117005422202492,1.6741432141755572,-0.33278980391616697
2025-06-19,3843.09,0.0,0.0,29.672891685458552,114000.0,114035.59330746891,35.59330746890919,0.0003122219953413108,1.1078156393500276,1.6741432141755572,-0.3382790492654605
2025-06-20,3846.64,0.0,0.0,29.672891685458552,114000.0,114140.93207295229,140.93207295228785,0.0012362462539674546,1.108838968369044,1.6741432141755572,-0.33766779390190993
2025-06-23,3857.9,0.0,0.0,29.672891685458552,114000.0,114475.04883333055,475.04883333055477,0.004167095029215417,1.1120847950603476,1.6741432141755572,-0.33572899519949306
2025-06-24,3904.03,0.0,0.0,29.672891685458552,114000.0,115843.85932678076,1843.8593267807591,0.016174204620883925,1.1253823070736537,1.6741432141755572,-0.3277861191655246
2025-06-25,3960.07,0.0,0.0,29.672891685458552,114000.0,117506.72817683386,3506.728176833858,0.030760773480998704,1.1415364924893414,1.6741432141755572,-0.3181368936518979
2025-06-26,3946.02,0.0,0.0,29.672891685458552,114000.0,117089.82404865316,3089.8240486531577,0.027103719725027675,1.1374864156675997,1.6741432141755572,-0.32055608741468256
2025-06-27,3921.76,0.0,0.0,29.672891685458552,114000.0,116369.95969636393,2369.959696363934,0.020789120143543283,1.130493186934827,1.6741432141755572,-0.32473328603996066
2025-06-30,3936.08,0.0,0.0,29.672891685458552,114000.0,116794.8755052997,2794.8755052997003,0.024516451800874473,1.134621094414353,1.6741432141755572,-0.3222676024326242
2025-07-01,3942.76,1000.0,0.2536294372470046,29.926521122705555,115000.0,117993.09042175856,2993.090421758563,0.026026873232683156,1.1365466825402775,1.6741432141755572,-0.32111740924149235
2025-07-02,3943.68,0.0,0.0,29.926521122705555,115000.0,118020.62282119144,3020.622821191442,0.026266285401664646,1.136811883300135,1.6741432141755572,-0.32095899940079764
2025-07-03,3968.07,0.0,0.0,29.926521122705555,115000.0,118750.53067137423,3750.530671374232,0.032613310185863,1.1438425860533226,1.6741432141755572,-0.31675941677629094
2025-07-04,3982.2,0.0,0.0,29.926521122705555,115000.0,119173.39241483806,4173.392414838061,0.03629036882467873,1.1479157238107043,1.6741432141755572,-0.3143264482447501
2025-07-07,3965.17,0.0,0.0,29.926521122705555,115000.0,118663.74376011839,3663.743760118392,0.03185864139233385,1.1430066271363795,1.6741432141755572,-0.3172587521436985
2025-07-08,3998.45,0.0,0.0,29.926521122705555,115000.0,119659.69838308202,4659.6983830820245,0.04051911637462635,1.152599976362541,1.6741432141755572,-0.31152844834117355
2025-07-09,3991.4,0.0,0.0,29.926521122705555,115000.0,119448.71640916695,4448.716409166955,0.038684490514495184,1.1505677314092826,1.6741432141755572,-0.31274234983780214
2025-07-10,4010.02,0.0,0.0,29.926521122705555,115000.0,120005.94823247172,5005.948232471725,0.04352998463018887,1.1559351641794486,1.6741432141755572,-0.30953627240982695
2025-07-11,4014.81,0.0,0.0,29.926521122705555,115000.0,120149.29626864949,5149.296268649487,0.04477648929260414,1.1573159377008824,1.6741432141755572,-0.30871150813055726
2025-07-14,4017.67,0.0,0.0,29.926521122705555,115000.0,120234.88611906044,5234.886119060437,0.04552074886139512,1.1581403661500056,1.6741432141755572,-0.30821906014752787
2025-07-15,4019.06,0.0,0.0,29.926521122705555,115000.0,120276.48398342099,5276.483983420985,0.04588246942105201,1.1585410499067472,1.6741432141755572,-0.30797972354039116
2025-07-16,4007.2,0.0,0.0,29.926521122705555,115000.0,119921.5554429057,4921.555442905694,0.04279613428613649,1.1551222661981453,1.6741432141755572,-0.3100218330084784
2025-07-17,4034.49,0.0,0.0,29.926521122705555,115000.0,120738.25020434432,5738.250204344324,0.049897827863863764,1.162988927868276,1.6741432141755572,-0.30532291501656417
2025-07-18,4058.55,0.0,0.0,29.926521122705555,115000.0,121458.28230255663,6458.282302556632,0.05615897654397073,1.1699245042619493,1.6741432141755572,-0.30118015331317627
2025-07-21,4085.61,0.0,0.0,29.926521122705555,115000.0,122268.09396413705,7268.09396413705,0.06320081707945269,1.1777248657421153,1.6741432141755572,-0.2965208377814358
2025-07-22,4118.96,0.0,0.0,29.926521122705555,115000.0,123266.14344357928,8266.143443579276,0.07187950820503719,1.1873383932869617,1.6741432141755572,-0.29077848105624926
2025-07-23,4119.77,0.0,0.0,29.926521122705555,115000.0,123290.38392568867,8290.383925688671,0.07209029500598851,1.1875718852603148,1.6741432141755572,-0.2906390115225941
2025-07-24,4149.04,0.0,0.0,29.926521122705555,115000.0,124166.33319895026,9166.333198950262,0.07970724520826322,1.1960093050875307,1.6741432141755572,-0.2855991680039671
2025-07-25,4127.16,0.0,0.0,29.926521122705555,115000.0,123511.54091678545,8511.540916785452,0.07401339927639516,1.1897021391900422,1.6741432141755572,-0.2893665672587522
2025-07-28,4135.82,0.0,0.0,29.926521122705555,115000.0,123770.70458970808,8770.704589708082,0.07626699643224422,1.1921984854730516,1.6741432141755572,-0.28787544854090774
2025-07-29,4152.02,0.0,0.0,29.926521122705555,115000.0,124255.51423189593,9255.514231895926,0.08048273245126891,1.1968683249401137,1.6741432141755572,-0.2850860578678035
2025-07-30,4151.24,0.0,0.0,29.926521122705555,115000.0,124232.1715454202,9232.171545420206,0.08027975256887143,1.1966434808176254,1.6741432141755572,-0.28522036186317534
2025-07-31,4075.59,0.0,0.0,29.926521122705555,115000.0,121968.23022248753,6968.230222487531,0.06059330628250037,1.174836483553229,1.6741432141755572,-0.2982461275681335
2025-08-01,4054.93,1000.0,0.24661338173531974,30.173134504440874,116000.0,122349.94829609242,6349.9482960924215,0.054740933587003715,1.1688809969242475,1.6741432141755572,-0.30180346159938853
2025-08-04,4070.7,0.0,0.0,30.173134504440874,116000.0,122825.77862722745,6825.778627227453,0.058842919200236654,1.1734268838622455,1.6741432141755572,-0.29908811030834825
2025-08-05,4103.45,0.0,0.0,30.173134504440874,116000.0,123813.9487822479,7813.948782247899,0.06736162743317164,1.182867454389793,1.6741432141755572,-0.29344906434883244
2025-08-06,4113.49,0.0,0.0,30.173134504440874,116000.0,124116.88705267248,8116.887052672479,0.06997316424717659,1.1857616018125894,1.6741432141755572,-0.29172033086994564
2025-08-07,4114.67,0.0,0.0,30.173134504440874,116000.0,124152.49135138774,8152.49135138774,0.07028009785679079,1.1861017506132767,1.6741432141755572,-0.2915171530307935
2025-08-08,4104.97,0.0,0.0,30.173134504440874,116000.0,123859.81194669467,7859.811946694666,0.06775699954047121,1.1833056121669496,1.6741432141755572,-0.293187343742467
2025-08-11,4122.51,0.0,0.0,30.173134504440874,116000.0,124389.04872590255,8389.048725902554,0.07231938556812545,1.1883617223059784,1.6741432141755572,-0.2901672256926987
2025-08-12,4143.83,0.0,0.0,30.173134504440874,116000.0,125032.33995353723,9032.33995353723,0.07786499959945892,1.194507461653988,1.6741432141755572,-0.2864962498192062
2025-08-13,4176.58,0.0,0.0,30.173134504440874,116000.0,126020.51010855766,10020.51010855766,0.08638370783239369,1.2039480321815357,1.6741432141755572,-0.28085720385969026
2025-08-14,4173.31,0.0,0.0,30.173134504440874,116000.0,125921.84395872816,9921.843958728161,0.08553313757524283,1.2030054164372586,1.6741432141755572,-0.28142024753259454
2025-08-15,4202.35,0.0,0.0,30.173134504440874,116000.0,126798.07178473711,10798.071784737112,0.09308682573049243,1.21137653607451,1.6741432141755572,-0.27642000647414133
2025-08-18,4239.41,0.0,0.0,30.173134504440874,116000.0,127916.28814947169,11916.288149471686,0.10272662197820415,1.2220595145096524,1.6741432141755572,-0.2700388448478922
2025-08-19,4223.37,0.0,0.0,30.173134504440874,116000.0,127432.31107202046,11432.311072020457,0.0985544057932799,1.2174357969138703,1.6741432141755572,-0.27280068598348406
2025-08-20,4271.4,0.0,0.0,30.173134504440874,116000.0,128881.52672226874,12881.52672226874,0.11104764415748924,1.231281006148622,1.6741432141755572,-0.26453065919155894
2025-08-21,4288.07,0.0,0.0,30.173134504440874,116000.0,129384.51287445777,13384.512874457767,0.11538373167635996,1.2360863286125674,1.6741432141755572,-0.261660341752013
2025-08-22,4378.0,0.0,0.0,30.173134504440874,116000.0,132097.98286044213,16097.982860442135,0.13877571431415636,1.2620097028886703,1.6741432141755572,-0.24617577982409633
2025-08-25,4469.22,0.0,0.0,30.173134504440874,116000.0,134850.37618993726,18850.376189937262,0.1625032430167006,1.2883049347519653,1.6741432141755572,-0.23046909974998797
2025-08-26,4452.59,0.0,0.0,30.173134504440874,116000.0,134348.5969631284,18348.596963128395,0.15817756002696903,1.2835111427558394,1.6741432141755572,-0.23333252980515595
2025-08-27,4386.13,0.0,0.0,30.173134504440874,116000.0,132343.29044396325,16343.290443963255,0.14089043486175212,1.2643532704730662,1.6741432141755572,-0.24477591894926065
2025-08-28,4463.78,0.0,0.0,30.173134504440874,116000.0,134686.23433823307,18686.234338233073,0.1610882270537335,1.286736791128458,1.6741432141755572,-0.2314057840254008
2025-08-29,4496.76,0.0,0.0,30.173134504440874,116000.0,135681.34431418954,19681.34431418954,0.1696667613292202,1.2962436618459703,1.6741432141755572,-0.225727135605711
2025-09-01,4523.71,1000.0,0.22105749484383394,30.394191999284708,117000.0,137494.51028908422,20494.510289084224,0.17516675460755748,1.3040123145396316,1.6741432141755572,-0.22108676038101016
2025-09-02,4490.45,0.0,0.0,30.394191999284708,117000.0,136483.599463188,19483.599463188002,0.16652649113835905,1.29442473054738,1.6741432141755572,-0.22681362049134612
2025-09-03,4459.83,0.0,0.0,30.394191999284708,117000.0,135552.92930416993,18552.929304169927,0.15857204533478564,1.2855981574312423,1.6741432141755572,-0.23208591323273176
2025-09-04,4365.21,0.0,0.0,30.394191999284708,117000.0,132677.0308571976,15677.030857197591,0.13399171672818455,1.2583228358032557,1.6741432141755572,-0.24837802097897288
2025-09-05,4460.32,0.0,0.0,30.394191999284708,117000.0,135567.82245824955,18567.822458249546,0.15869933724999608,1.2857394056620361,1.6741432141755572,-0.2320015427741008
2025-09-08,4467.57,0.0,0.0,30.394191999284708,117000.0,135788.18035024437,18788.180350244365,0.16058273803627654,1.287829302954394,1.6741432141755572,-0.230753204355582
2025-09-09,4436.26,0.0,0.0,30.394191999284708,117000.0,134836.53819874677,17836.53819874677,0.15244904443373297,1.278803829268363,1.6741432141755572,-0.23614430447748858
2025-09-10,4445.36,0.0,0.0,30.394191999284708,117000.0,135113.12534594027,18113.125345940265,0.15481303714478867,1.2814270106973913,1.6741432141755572,-0.2345774245314859
2025-09-11,4548.03,0.0,0.0,30.394191999284708,117000.0,138233.69703850683,21233.697038506827,0.181484590072708,1.311022838974134,1.6741432141755572,-0.21689923067916517
2025-09-12,4522.0,0.0,0.0,30.394191999284708,117000.0,137442.53622076544,20442.53622076544,0.17472253180141406,1.3035193870403305,1.6741432141755572,-0.2213811960631712
2025-09-15,4533.06,0.0,0.0,30.394191999284708,117000.0,137778.69598427755,20778.695984277554,0.1775956921733124,1.3067075613925347,1.6741432141755572,-0.21947683428264442
2025-09-16,4523.34,0.0,0.0,30.394191999284708,117000.0,137483.26443804448,20483.264438044484,0.17507063622260244,1.3039056577122976,1.6741432141755572,-0.2211504686865069
2025-09-17,4551.02,0.0,0.0,30.394191999284708,117000.0,138324.5756725847,21324.575672584702,0.1822613305349119,1.3118847414436723,1.6741432141755572,-0.21638439869690684
2025-09-18,4498.11,0.0,0.0,30.394191999284708,117000.0,136716.41897390253,19716.41897390253,0.1685164014863465,1.2966328151348918,1.6741432141755572,-0.22549468638295256
2025-09-19,4501.92,0.0,0.0,30.394191999284708,117000.0,136832.22084541983,19832.220845419826,0.16950616107196437,1.297731092194738,1.6741432141755572,-0.22483866302094457
2025-09-22,4522.61,0.0,0.0,30.394191999284708,117000.0,137461.076677885,20461.076677884994,0.17488099724688033,1.303695226674584,1.6741432141755572,-0.22127616345140622
2025-09-23,4519.78,0.0,0.0,30.394191999284708,117000.0,137375.06111452702,20375.061114527023,0.174145821491684,1.3028794460763258,1.6741432141755572,-0.22176344589615216
2025-09-24,4566.07,0.0,0.0,30.394191999284708,117000.0,138782.0082621739,21782.008262173913,0.18617101078781118,1.3162230799609116,1.6741432141755572,-0.2137930203246714
2025-09-25,4593.49,0.0,0.0,30.394191999284708,117000.0,139615.4170067943,22615.417006794305,0.19329416245123343,1.324127215651457,1.6741432141755572,-0.20907171833352856
2025-09-26,4550.05,0.0,0.0,30.394191999284708,117000.0,138295.0933063454,21295.0933063454,0.18200934449867856,1.3116051275990395,1.6741432141755572,-0.2165514177680743
2025-09-29,4620.05,0.0,0.0,30.394191999284708,117000.0,140422.6867462953,23422.68674629531,0.20019390381448976,1.3317834462838742,1.6741432141755572,-0.20449849510651352
2025-09-30,4640.69,0.0,0.0,30.394191999284708,117000.0,141050.02286916054,24050.022869160544,0.20555575101846624,1.3377331676789455,1.6741432141755572,-0.20094460476744758
2025-10-09,4709.48,1000.0,0.21233766785292646,30.606529667137632,118000.0,144140.83933679134,26140.839336791338,0.22153253675246898,1.3575626897122282,1.6741432141755572,-0.1891000254833224
2025-10-10,4616.83,0.0,0.0,30.606529667137632,118000.0,141305.14436313102,23305.144363131025,0.19750122341636467,1.330855243624372,1.6741432141755572,-0.20505292954894527
2025-10-13,4593.98,0.0,0.0,30.606529667137632,118000.0,140605.78516023693,22605.785160236934,0.19157445051048239,1.3242684638822506,1.6741432141755572,-0.2089873478748977
2025-10-14,4539.06,0.0,0.0,30.606529667137632,118000.0,138924.87455091777,20924.874550917768,0.17732944534676065,1.3084371315655206,1.6741432141755572,-0.21844372662593925
2025-10-15,4606.29,0.0,0.0,30.606529667137632,118000.0,140982.5515404394,22982.551540439395,0.19476738593592713,1.3278169653538268,1.6741432141755572,-0.2068677553325574
2025-10-16,4618.42,0.0,0.0,30.606529667137632,118000.0,141353.8087453018,23353.808745301794,0.19791363343476087,1.3313135797202131,1.6741432141755572,-0.20477915601991836
2025-10-17,4514.23,0.0,0.0,30.606529667137632,118000.0,138164.9144192827,20164.914419282693,0.17088910524815848,1.3012795936663137,1.6741432141755572,-0.2227190704786045
2025-10-20,4538.22,0.0,0.0,30.606529667137632,118000.0,138899.16506599737,20899.165065997367,0.1771115683559099,1.3081949917413025,1.6741432141755572,-0.218588361697878
2025-10-21,4607.87,0.0,0.0,30.606529667137632,118000.0,141030.90985731347,23030.90985731347,0.19517720218062262,1.328272418832713,1.6741432141755572,-0.20659570364962498
2025-10-22,4592.57,0.0,0.0,30.606529667137632,118000.0,140562.62995340626,22562.629953406256,0.19120872841869718,1.323862014891599,1.6741432141755572,-0.20923012817422348
2025-10-23,4606.34,0.0,0.0,30.606529667137632,118000.0,140984.08186692276,22984.08186692276,0.19478035480443023,1.3278313784386018,1.6741432141755572,-0.20685914610208478
2025-10-24,4660.68,0.0,0.0,30.606529667137632,118000.0,142647.24068903504,24647.24068903504,0.20887492109351724,1.3434955189719435,1.6741432141755572,-0.19750263442452465
2025-10-27,4716.02,0.0,0.0,30.606529667137632,118000.0,144341.00604081442,26341.00604081442,0.22322886475266457,1.359447921200783,1.6741432141755572,-0.1879739381375135
2025-10-28,4691.97,0.0,0.0,30.606529667137632,118000.0,143604.91900231977,25604.919002319773,0.21699083900271,1.3525152274240646,1.6741432141755572,-0.19211497799480703
2025-10-29,4747.84,0.0,0.0,30.606529667137632,118000.0,145314.90581482273,27314.905814822734,0.23148225266798916,1.3686204083515179,1.6741432141755572,-0.1824950238647869
2025-10-30,4709.91,0.0,0.0,30.606529667137632,118000.0,144154.0001445482,26154.00014454819,0.22164406902159484,1.3576866422412923,1.6741432141755572,-0.18902598610125843
2025-10-31,4640.67,0.0,0.0,30.606529667137632,118000.0,142034.8040303956,24034.804030395608,0.20368477991860678,1.3377274024450356,1.6741432141755572,-0.20094804845963654
2025-11-03,4653.4,1000.0,0.21489663471870032,30.821426301856334,119000.0,143424.42515305826,24424.425153058255,0.20524727019376687,1.3413969738287206,1.6741432141755572,-0.198756138381327
2025-11-04,4618.7,0.0,0.0,30.821426301856334,119000.0,142354.92166038384,23354.921660383843,0.19625984588557843,1.3313942929949525,1.6741432141755572,-0.2047309443292722
2025-11-05,4627.26,0.0,0.0,30.821426301856334,119000.0,142618.75306952774,23618.75306952774,0.19847691655065325,1.3338618131084123,1.6741432141755572,-0.20325704407237266
2025-11-06,4693.4,0.0,0.0,30.821426301856334,119000.0,144657.2822051325,25657.282205132506,0.21560741348850843,1.352927441648626,1.6741432141755572,-0.19186875400329229
2025-11-07,4678.79,0.0,0.0,30.821426301856334,119000.0,144206.9811668624,25206.981166862388,0.21182337115010408,1.3487159382774057,1.6741432141755572,-0.1943843711473695
2025-11-10,4695.05,0.0,0.0,30.821426301856334,119000.0,144708.13755853058,25708.13755853058,0.21603476939941668,1.3534030734461975,1.6741432141755572,-0.19158464939769826
2025-11-11,4652.17,0.0,0.0,30.821426301856334,119000.0,143386.51479870698,24386.51479870698,0.20492869578745365,1.3410424119432585,1.6741432141755572,-0.19896792545095154
2025-11-12,4645.91,0.0,0.0,30.821426301856334,119000.0,143193.57267005736,24193.572670057358,0.2033073333618265,1.3392378937294431,1.6741432141755572,-0.20004580110611414
2025-11-13,4702.07,0.0,0.0,30.821426301856334,119000.0,144924.50397116962,25924.503971169615,0.21785297454764385,1.3554266705485907,1.6741432141755572,-0.19037591343935323
2025-11-14,4628.14,0.0,0.0,30.821426301856334,119000.0,142645.8759246734,23645.875924673397,0.19870483970313768,1.3341154834004503,1.6741432141755572,-0.20310552161605588
2025-11-17,4598.05,0.0,0.0,30.821426301856334,119000.0,141718.45920725053,22718.459207250533,0.19091142190966837,1.3254416889829264,1.6741432141755572,-0.2082865565144325
2025-11-18,4568.19,0.0,0.0,30.821426301856334,119000.0,140798.13141787707,21798.13141787707,0.18317757494014342,1.3168341947553666,1.6741432141755572,-0.2134279889526356
2025-11-19,4588.29,0.0,0.0,30.821426301856334,119000.0,141417.6420865444,22417.642086544394,0.1883835469457511,1.3226282548348691,1.6741432141755572,-0.20996707830267314
2025-11-20,4564.95,0.0,0.0,30.821426301856334,119000.0,140698.26999665907,21698.269996659074,0.18233840333326956,1.3159002268619542,1.6741432141755572,-0.21398586708725642
2025-11-21,4453.61,0.0,0.0,30.821426301856334,119000.0,137266.61239221037,18266.612392210372,0.15350094447235607,1.2838051696852468,1.6741432141755572,-0.2331569015035162
2025-11-24,4448.05,0.0,0.0,30.821426301856334,119000.0,137095.24526197207,18095.24526197207,0.15206088455438715,1.28220243465828,1.6741432141755572,-0.23411424793206292
2025-11-25,4490.4,0.0,0.0,30.821426301856334,119000.0,138400.53266585566,19400.53266585566,0.16302968626769454,1.2944103174626052,1.6741432141755572,-0.22682222972181865
2025-11-26,4517.63,0.0,0.0,30.821426301856334,119000.0,139239.80010405523,20239.800104055234,0.17008235381559023,1.302259683431006,1.6741432141755572,-0.2221336428064714
2025-11-27,4515.4,0.0,0.0,30.821426301856334,119000.0,139171.06832340208,20171.068323402083,0.16950477582690837,1.3016168598500462,1.6741432141755572,-0.22251761448554697
2025-11-28,4526.66,0.0,0.0,30.821426301856334,119000.0,139518.117583561,20518.11758356099,0.17242115616437803,1.3048626865413495,1.6741432141755572,-0.2205788157831302
2025-12-01,4576.49,1000.0,0.21850807059558747,31.03993437245192,120000.0,142053.94925618247,22053.949256182474,0.18378291046818718,1.319226766827997,1.6741432141755572,-0.21199885669419327
2025-12-02,4554.33,0.0,0.0,31.03993437245192,120000.0,141366.10431048894,21366.10431048894,0.17805086925407454,1.3128388876557693,1.6741432141755572,-0.21581446763962464
2025-12-03,4531.05,0.0,0.0,31.03993437245192,120000.0,140643.4946382983,20643.49463829829,0.172029121985819,1.3061281553845843,1.6741432141755572,-0.2198229253476408
2025-12-04,4546.57,0.0,0.0,31.03993437245192,120000.0,141125.23441975872,21125.234419758723,0.17604362016465602,1.3106019768987076,1.6741432141755572,-0.21715062020896336
2025-12-05,4584.54,0.0,0.0,31.03993437245192,120000.0,142303.82072788072,22303.820727880724,0.18586517273233927,1.321547273476753,1.6741432141755572,-0.2106127705881139
2025-12-08,4621.75,0.0,0.0,31.03993437245192,120000.0,143458.81668587966,23458.81668587966,0.19549013904899715,1.3322734911662202,1.6741432141755572,-0.20420578127044708
2025-12-09,4598.22,0.0,0.0,31.03993437245192,120000.0,142728.44703009588,22728.44703009588,0.18940372525079896,1.3254906934711608,1.6741432141755572,-0.20825728513082598
2025-12-10,4591.83,0.0,0.0,31.03993437245192,120000.0,142530.1018494559,22530.10184945591,0.187750848745466,1.323648701236931,1.6741432141755572,-0.20935754478521695
2025-12-11,4552.18,0.0,0.0,31.03993437245192,120000.0,141299.3684515882,21299.368451588205,0.17749473709656827,1.3122191250104496,1.6741432141755572,-0.2161846645499439
2025-12-12,4580.95,0.0,0.0,31.03993437245192,120000.0,142192.3873634836,22192.387363483605,0.18493656136236347,1.3205124139899165,1.6741432141755572,-0.2112309133360425
2025-12-15,4552.06,0.0,0.0,31.03993437245192,120000.0,141295.6436594635,21295.6436594635,0.1774636971621959,1.3121845336069897,1.6741432141755572,-0.21620532670307802
2025-12-16,4497.55,0.0,0.0,31.03993437245192,120000.0,139603.65683682114,19603.656836821145,0.1633638069735095,1.2964713885854133,1.6741432141755572,-0.2255911097642449
2025-12-17,4579.88,0.0,0.0,31.03993437245192,120000.0,142159.17463370512,22159.174633705115,0.1846597886142094,1.320203973975734,1.6741432141755572,-0.21141515086815488
2025-12-18,4552.79,0.0,0.0,31.03993437245192,120000.0,141318.3028115554,21318.30281155539,0.17765252342962823,1.312394964644703,1.6741432141755572,-0.21607963193817892
2025-12-19,4568.18,0.0,0.0,31.03993437245192,120000.0,141796.00740154742,21796.007401547424,0.18163339501289522,1.3168313121384116,1.6741432141755572,-0.21342971079873008
2025-12-22,4611.62,0.0,0.0,31.03993437245192,120000.0,143144.38215068672,23144.382150686724,0.19286985125572276,1.3293534001908291,1.6741432141755572,-0.20595001136418434
2025-12-23,4620.73,0.0,0.0,31.03993437245192,120000.0,143427.15595281974,23427.15595281974,0.19522629960683124,1.3319794642368126,1.6741432141755572,-0.20438140957208695
2025-12-24,4634.06,0.0,0.0,31.03993437245192,120000.0,143840.91827800457,23840.918278004567,0.1986743189833713,1.3358219926377963,1.6741432141755572,-0.2020861887281068
2025-12-25,4642.54,0.0,0.0,31.03993437245192,120000.0,144104.13692148295,24104.136921482946,0.20086780767902446,1.3382664518156162,1.6741432141755572,-0.20062606323996346
2025-12-26,4657.24,0.0,0.0,31.03993437245192,120000.0,144560.42395675796,24560.423956757964,0.2046701996396496,1.3425038987394315,1.6741432141755572,-0.19809494948103568
2025-12-29,4639.37,0.0,0.0,31.03993437245192,120000.0,144005.74032952226,24005.74032952226,0.20004783607935228,1.3373526622408887,1.6741432141755572,-0.2011718884519227
2025-12-30,4651.28,0.0,0.0,31.03993437245192,120000.0,144375.42594789815,24375.425947898155,0.20312854956581794,1.3407858590342656,1.6741432141755572,-0.1991211697533628
2025-12-31,4629.94,0.0,0.0,31.03993437245192,120000.0,143713.03374839004,23713.033748390037,0.19760861456991696,1.3346343544523458,1.6741432141755572,-0.2027955893190445
